Price,Close,Close,High,High,Low,Low,Open,Open,Volume,Volume
Ticker,2330.TW,NVDA,2330.TW,NVDA,2330.TW,NVDA,2330.TW,NVDA,2330.TW,NVDA
Date,,,,,,,,,,
2011-01-03,1.4027057647705077,0.3627071976661682,47.08566937300521,0.366146263859208,46.55957550764109,0.3553705012560018,47.019908266991045,0.3558290652800886,35149000.0,817448000.0
2011-01-04,1.404678497314453,0.3615608811378479,47.085665999610036,0.36499994770060223,46.55957217193727,0.3535363924914211,46.69109437454286,0.36339505543757117,35448000.0,651384000.0
2011-01-05,1.3770587539672852,0.3893026113510132,46.75686295373945,0.3897611753250696,45.77043122468481,0.36454133199638716,46.625340730099325,0.36820965246997933,51755000.0,1428216000.0
2011-01-06,1.4007330322265625,0.44318151473999023,46.69110107421875,0.4434107968050944,45.836191582860764,0.3982443344877398,45.901957710850716,0.3993906901507109,46666000.0,3493312000.0
2011-01-07,1.4303261947631836,0.4555619955062866,48.00635044492524,0.45693763270051047,47.28296808550688,0.42827872491678576,47.28296808550688,0.438137385258685,169755000.0,2579984000.0
2011-01-10,1.4638649368286132,0.47298678755760193,48.79549789428712,0.473903861152074,47.74330482978743,0.4438693319609046,48.00635435022542,0.447308398937087,66767000.0,1750348000.0
2011-01-11,1.4697833633422852,0.46564996242523193,49.255828258187286,0.4839917026229203,48.53244595082036,0.4555620463134043,48.72972929796506,0.47940628123913187,81911000.0,2711088000.0
2011-01-12,1.4776749801635742,0.5353483557701111,49.321593793727054,0.535806865016688,49.124305411651356,0.4642742842734965,49.124305411651356,0.4658791759615623,53397000.0,3431896000.0
2011-01-13,1.4717562103271484,0.5362653732299805,49.51887819297236,0.5465825954817547,48.79549086171189,0.5131089641446169,49.38735094308338,0.5296164978824486,92995000.0,2695192000.0
2011-01-14,1.4757021331787108,0.5408511161804199,49.19007110595703,0.5497927068500326,48.72973322435802,0.5238850631118347,48.927021604650726,0.5270948480714237,28681000.0,1595352000.0
2011-01-17,1.4954304885864258,,49.913444061496605,,49.518872392551174,,49.58463350116692,,67207000.0,
2011-01-18,1.5151596450805664,0.5282410383224487,50.89989330779582,0.5371826266545399,49.4531233327212,0.5151725925015272,49.650411743902694,0.5335142785186151,56518000.0,1813348000.0
2011-01-19,1.5388333511352539,0.513796865940094,51.49173337181072,0.5410801355538263,50.373774508071406,0.5126505380942575,50.57106284204033,0.5284702559369923,86839000.0,1197896000.0
2011-01-20,1.5072673416137694,0.5142555236816406,50.63681631164518,0.517236053152033,50.044956416240886,0.49958213100815896,50.63681631164518,0.5087530287603533,43578000.0,1111408000.0
2011-01-21,1.4717562103271484,0.5094407200813293,49.45311205940209,0.5270946397053905,48.66396862907448,0.5085236468357683,48.66396862907448,0.5197579444158449,81340000.0,739244000.0
2011-01-24,1.4855661392211914,0.5669878721237183,49.58463241454767,0.5743245677618924,49.05853352264894,0.5268654100954746,49.45310518294755,0.5328264138061434,40750000.0,2056900000.0
2011-01-25,1.4796474838256835,0.5495631098747253,49.9134427911699,0.5704267537818274,49.25582168724737,0.5458947630642692,49.9134427911699,0.5644656970476507,43750000.0,1086856000.0
2011-01-26,1.4717562103271484,0.5626318454742432,49.45311205940209,0.5731783275762469,48.86125699528217,0.551397544568844,49.05854034423828,0.555295148013055,66493000.0,1074660000.0
2011-01-27,1.4835935211181641,0.5610268115997314,49.58464463462032,0.572031800352272,49.19007287708,0.5502510775029639,49.25583400046136,0.5706562177551028,69734000.0,657396000.0
2011-01-28,1.505295295715332,0.5447487235069275,50.57108165464682,0.5718027504257343,49.25583898491479,0.5319095289236422,49.45312237502303,0.562402650223039,97365000.0,1094796000.0
2011-01-31,,0.5484169125556946,,0.5559828633221235,,0.5367241043996385,,0.5456656925167881,,750160000.0
2011-02-01,,0.5610268115997314,,0.5651536687163013,,0.5495632588731137,,0.5532316066781376,,654104000.0
2011-02-02,,0.5864759683609009,,0.600002977702329,,0.557817057676524,,0.557817057676524,,1606616000.0
2011-02-03,,0.575471043586731,,0.5873931633967636,,0.5628611049674621,,0.5873931633967636,,1030776000.0
2011-02-04,,0.5885395407676697,,0.593124963436999,,0.5812028972942727,,0.5834956086289373,,872900000.0
2011-02-07,,0.5640072226524353,,0.5830367216594436,,0.5619437671950431,,0.5805147569865331,,934236000.0
2011-02-08,1.4895118331909178,0.5472708344459534,50.636826117307145,0.5683638043555388,49.190061663713045,0.5447488132637901,50.636826117307145,0.5646954546326683,105232000.0,1076584000.0
2011-02-09,1.4559734344482422,0.5339727997779846,49.716162995030395,0.5548365042156066,48.532447814941406,0.5241141388669454,49.65040187678962,0.5493339551210494,79084000.0,1277520000.0
2011-02-10,1.4204616165161132,0.5231969952583313,48.26939112024775,0.5321385816727737,47.34872055053711,0.518153010820371,48.072102777720126,0.522050612796853,83493000.0,1042352000.0
2011-02-11,1.4086246490478516,0.5380995869636536,47.61177617225067,0.555065686694769,46.625344366267235,0.5128797739890518,47.48024892110191,0.5213627965233472,111841000.0,1359276000.0
2011-02-14,1.4303261947631836,0.5298460721969604,47.94058932447846,0.561714773292335,47.019918586467874,0.5277826157818696,47.34872920595366,0.544519412491668,64830000.0,1287828000.0
2011-02-15,1.4303261947631836,0.5170069336891174,48.07211156537202,0.532597349153965,46.954157466021094,0.5147141676545272,47.61177870499267,0.5307632019213538,56427000.0,886980000.0
2011-02-16,1.4224343490600586,0.5360363125801086,47.809049941870434,0.5436022637255975,47.28295609446266,0.5220507383638068,47.6117666305615,0.5238849398108409,53849000.0,1318364000.0
2011-02-17,1.4303261947631836,0.5887688398361206,47.94058932447846,0.5963347925740392,47.085679706914654,0.5183824992378608,47.61177870499267,0.520904519925533,49280000.0,3470096000.0
2011-02-18,1.440190315246582,0.5876222848892212,48.59820387866595,0.5949589807493668,48.006343841552734,0.5784514423953057,48.072104952953936,0.5855588289293303,73532000.0,1394412000.0
2011-02-21,1.448081932067871,,48.2693977355957,,47.54601540927274,,48.0721093660296,,37954000.0,
2011-02-22,1.4303261947631836,0.5321387648582458,47.67753982543945,0.5699685245092978,46.82263020787565,0.530304563220973,47.48025144684723,0.5683636322407736,82528000.0,1396648000.0
2011-02-23,1.4007330322265625,0.5069189071655273,47.28296110537034,0.5371827159918221,46.36229050327354,0.4993529549589537,47.01991164516395,0.5321387842958031,78154000.0,1491604000.0
2011-02-24,1.390868911743164,0.5192995071411133,46.954157172935915,0.5282410408535116,46.36229705810547,0.5057724972399356,46.691107675538845,0.5094407907309009,62708000.0,1246120000.0
2011-02-25,1.390868911743164,0.5300753116607666,46.75686879557515,0.5387875918362546,45.96772532063579,0.5259483989493169,46.428058178141775,0.5332850962168652,78655000.0,775652000.0
2011-02-28,,0.5195286870002747,,0.5390167530115593,,0.5076065708839567,,0.5387874437044949,,903696000.0
2011-03-01,1.4086246490478516,0.49637240171432495,47.21720445330762,0.5270947731898942,46.033484279226855,0.49637240171432495,46.033484279226855,0.5204458948163514,77441000.0,988448000.0
2011-03-02,1.3888959503173828,0.47573789954185486,46.69110337840203,0.5050846271193848,46.296531677246094,0.4642743468934129,46.55958115043385,0.4956844756838909,52968000.0,1718140000.0
2011-03-03,1.3967873382568359,0.4784892201423645,47.08567183476417,0.48949426579987904,46.09924014122616,0.46404513529737446,46.09924014122616,0.4867429907198648,59349000.0,1593704000.0
2011-03-04,1.4165160369873047,0.47596731781959534,47.34872345783697,0.4837625253677923,46.888390653341844,0.470694076322274,47.019912878268656,0.47894784799906176,55215000.0,959760000.0
2011-03-07,1.3987599563598632,0.46931833028793335,47.15142569059925,0.48101119357425365,46.62533187866212,0.4573962396527692,47.085664591263395,0.4794063014883934,30090000.0,1019140000.0
2011-03-08,1.4105971527099608,0.4482254087924957,47.21719341229654,0.47688429443777625,46.36228404011759,0.4383667193329961,46.36228404011759,0.4743623288997531,49251000.0,1947184000.0
2011-03-09,1.4086246490478516,0.43882516026496887,47.48024892110191,0.45120581178935465,46.75686660016438,0.43492753104559495,47.48024892110191,0.4468496459945431,42715000.0,1318976000.0
2011-03-10,1.390868911743164,0.41085416078567505,47.41449003044189,0.4319470937000178,46.099247560708406,0.4103955967819526,47.41449003044189,0.4287373096615645,61899000.0,1722736000.0
2011-03-11,1.3810043334960938,0.41383466124534607,46.42804944646611,0.4252982420006467,45.704667227608816,0.404893100507107,46.033477783203125,0.4142932252473212,52528000.0,1486832000.0
2011-03-14,1.3869228744506836,0.41727375984191895,46.362284686666314,0.4275909580530622,45.441614200076735,0.41039560036988915,46.23076248168945,0.41704447783805315,47199000.0,1003360000.0
2011-03-15,1.341547393798828,0.40489310026168823,46.09925012659754,0.4117712323119392,43.53452616441406,0.3899904534882106,46.033489002900964,0.39686858553846155,114456000.0,1256280000.0
2011-03-16,1.3514115142822265,0.40191254019737244,45.44162217752386,0.42071278822990277,44.78400100269066,0.3966393005621814,45.244338835424735,0.4012247215786492,60944000.0,1476520000.0
2011-03-17,1.3297101974487304,0.4094785749912262,44.38943436983297,0.4133761781947121,43.205714113069966,0.3943466715761976,43.92910150178734,0.41268835943379795,104629000.0,1238516000.0
2011-03-18,1.3474658203124998,0.40397611260414124,44.98128845645911,0.4172738710856029,44.192140052195896,0.403517575805433,44.58671676295315,0.4158982333582034,55649000.0,886960000.0
2011-03-21,1.3612757492065428,0.40718573331832886,45.44161941692279,0.41681511088666123,44.71823717200238,0.403058849408683,44.915525519367534,0.41268822697701535,34725000.0,751832000.0
2011-03-22,1.3533843612670897,0.4000783860683441,45.70467210896822,0.4099370472065266,44.981289812852104,0.3982442121049877,45.70467210896822,0.40603944461643576,31467000.0,718332000.0
2011-03-23,1.355357437133789,0.4083322286605835,45.4416307608632,0.40947858417740063,44.784009461813795,0.39067833183658196,45.4416307608632,0.3993906392306467,31189000.0,782396000.0
2011-03-24,1.3691671371459961,0.4408886134624481,46.099237326847,0.4459325980714001,45.375855132532145,0.41612733634411914,45.441616237969725,0.417044409546876,44701000.0,1780592000.0
2011-03-25,1.404678497314453,0.4271324574947357,46.82261657714844,0.4459327088009076,46.03347332701408,0.42644463875624433,46.29652274947568,0.4447863533471786,51518000.0,1196392000.0
2011-03-28,1.4007330322265625,0.44295215606689453,46.69110107421875,0.45028882512209595,46.23076828179592,0.4333227488924699,46.428051614012354,0.4372203517657392,28535000.0,1204284000.0
2011-03-29,1.3967873382568359,0.43951302766799927,46.82262237970383,0.44455698522122905,46.296528486834184,0.43355196953065017,46.42805070573883,0.44295209336310115,34785000.0,715764000.0
2011-03-30,1.3869228744506836,0.4230056405067444,46.55957301138212,0.44478642496597254,46.03347415697365,0.41750311704407567,46.23076248168945,0.4429522504784163,60127000.0,1176320000.0
2011-03-31,1.3928414154052733,0.42323485016822815,46.69109661526119,0.42827883630472646,46.03347553617301,0.4154396435902658,46.69109661526119,0.42369341423974355,41950000.0,655112000.0
2011-04-01,1.3948147201538086,0.41727375984191895,46.55959014907315,0.42919585008631983,46.09925222771156,0.41154195572668284,46.49382400512695,0.4287373134098559,26616000.0,850072000.0
2011-04-04,,0.4023711383342743,,0.4184201416762304,,0.39939060875175003,,0.41727378624689565,,924328000.0
2011-04-05,,0.4030590057373047,,0.4115420314726597,,0.40214190488431306,,0.40833224681537056,,821076000.0
2011-04-06,1.4382175827026367,0.40030768513679504,47.94058609008789,0.4064979986122922,47.01991541419187,0.3968685917267771,47.01991541419187,0.4060394619347123,114050000.0,856984000.0
2011-04-07,1.4362447357177734,0.41498100757598877,48.00634675470932,0.4175030002070152,47.54601392971545,0.39961985178762155,48.00634675470932,0.40122474376588085,45048000.0,1021208000.0
2011-04-08,1.4382175827026367,0.4023711383342743,48.00634720609799,0.4181908596578557,47.61177549278585,0.40122478290493957,47.94058609008789,0.4181908596578557,64884000.0,746552000.0
2011-04-11,1.4027057647705077,0.3970978558063507,48.00633990895589,0.4060394436062423,46.625336613655264,0.3927417165690752,48.00633990895589,0.4039759876533751,42409000.0,546208000.0
2011-04-12,1.382977180480957,0.3982442617416382,46.49381101655255,0.40099550936395145,46.09923934936523,0.3858636064443235,46.36228879990709,0.39320030321218546,45901000.0,840756000.0
2011-04-13,1.3948147201538086,0.40718573331832886,46.55959014907315,0.4097076981905343,46.03349110101772,0.3973270737928587,46.09925222771156,0.40237103086853165,27328000.0,749588000.0
2011-04-14,1.3770587539672852,0.4243811070919037,46.36229126556784,0.4246103890743944,45.77043122468481,0.40122472011094257,46.230769041927715,0.4035174306107896,46816000.0,1254704000.0
2011-04-15,1.3652213287353514,0.42896655201911926,46.03347650576361,0.4342397915931786,45.44161651866792,0.4191078641504852,46.03347650576361,0.42117131998273355,51993000.0,969720000.0
2011-04-18,1.3612757492065428,0.414751797914505,45.90195722169111,0.42162993056588094,45.24433608680872,0.4081029199527465,45.90195722169111,0.4188786829715845,27120000.0,743584000.0
2011-04-19,1.3435201263427734,0.41314688324928284,45.04705370365661,0.4165859493875724,44.71824309268101,0.4019125841321095,45.04705370365661,0.41498102999135605,42649000.0,659860000.0
2011-04-20,1.3770587539672852,0.4257568418979645,45.90195846557617,0.4344691492602961,45.04704896016166,0.4188787088221139,45.375859536513204,0.4282788349582849,48039000.0,650516000.0
2011-04-21,1.3948147201538086,0.4246104955673218,46.88840079979471,0.4330935484093298,46.230779498351595,0.4236934220698856,46.49382400512695,0.4303422732544775,50849000.0,421300000.0
2011-04-22,1.3987599563598632,,46.69109297799797,,46.23076026539669,,46.62533187866212,,25299000.0,
2011-04-25,1.3869228744506836,0.4312593340873718,46.75685631884741,0.43836672136152915,46.09923525946208,0.4262153483254461,46.69109521635898,0.42644463034417707,22040000.0,619612000.0
2011-04-26,1.3869228744506836,0.4424935579299927,46.23076248168945,0.4468497244900266,45.441614200076735,0.4305714682180222,45.83618583225784,0.4349276074467897,31838000.0,676000000.0
2011-04-27,1.426380271911621,0.4424935579299927,47.80905349836706,0.44478629587245594,47.019910159926035,0.4333227154852052,47.019910159926035,0.44478629587245594,58612000.0,450004000.0
2011-04-28,1.440190315246582,0.4473083019256592,48.46667663861235,0.4562498905232624,47.940582730151526,0.4374496399324771,48.26939330440874,0.44249359827069823,83054000.0,684000000.0
2011-04-29,1.4441360092163085,0.4585425555706024,48.59820479688543,0.46863047124004353,47.94058363594585,0.449600967865571,48.466677554346745,0.45028878650922977,92890000.0,836000000.0
2011-05-02,,0.4523521959781647,,0.46840116846920316,,0.450059485622302,,0.4681719138323749,,613824000.0
2011-05-03,1.4717562103271484,0.43080079555511475,49.190067594127264,0.44845469210450034,48.400919146548084,0.4252983000924952,48.59820751275577,0.447079081904481,81495000.0,808000000.0
2011-05-04,1.4559734344482422,0.4275909960269928,48.92701954163773,0.43699112172002397,48.006348834511826,0.4195665078167901,48.92701954163773,0.4321764178613943,46461000.0,639356000.0
2011-05-05,1.4757021331787108,0.4278203248977661,49.19007110595703,0.43286428400166993,48.40092260203812,0.4184201981754163,48.66397210334443,0.4241519760960508,45326000.0,544000000.0
2011-05-06,1.4796474838256835,0.44295215606689453,49.7161544530928,0.4470790409514667,48.92701113528611,0.4333227488924699,49.32158279418945,0.436761815074402,53441000.0,841080000.0
2011-05-09,1.4895118331909178,0.4528108239173889,50.044966107291025,0.4551035347357033,49.453106097274905,0.4431814166154535,49.716155548087734,0.4443277720246107,59843000.0,706328000.0
2011-05-10,1.467810173034668,0.45349863171577454,49.716148999057175,0.4569376978604856,48.927005767822266,0.44891318285822496,49.716148999057175,0.4564791611741111,43183000.0,690976000.0
2011-05-11,1.4796474838256835,0.4555619955062866,49.518871132266554,0.4603766710235414,49.05853334917027,0.44937168279480805,49.518871132266554,0.45579127748241205,43103000.0,616000000.0
2011-05-12,1.4934575271606445,0.47000613808631897,49.979205918072196,0.4704647020984416,48.72972476667018,0.4528108075697568,48.795485876270064,0.4539571629375276,58360000.0,1224000000.0
2011-05-13,1.497402992248535,0.4186494052410126,50.044955263233035,0.4413472596219223,49.65038368113755,0.4154396209033178,49.9791941690921,0.44020090416827845,37218000.0,2025192000.0
2011-05-16,1.4776749801635742,0.4058101773262024,49.91345392270217,0.41842011353197,49.124305411651356,0.40558092265451745,49.91345392270217,0.41750301285142766,25843000.0,728188000.0
2011-05-17,1.4914845657348632,0.40420523285865784,49.97920162421336,0.4046637694738057,49.058531117159305,0.3925123988504346,49.058531117159305,0.4044345148318637,41026000.0,1420364000.0
2011-05-18,1.4855661392211914,0.4136054217815399,49.84768186049704,0.4170444879351848,49.255821861423684,0.4044345787051536,49.51887130737305,0.4058101887678506,27879000.0,658844000.0
2011-05-19,1.4835935211181641,0.4076443016529083,50.17650477955685,0.41704442532754404,49.25583400046136,0.40145398897190476,49.25583400046136,0.41681514335254743,52635000.0,650884000.0
2011-05-20,1.4895118331909178,0.414751797914505,49.97920499890056,0.41566887133551395,49.25582277210351,0.4048931356479456,49.97920499890056,0.40672730982123306,32925000.0,575820000.0
2011-05-23,1.4816205596923828,0.4142932593822479,49.65040147784727,0.4172737889843253,48.99278026622016,0.4035174964107937,49.124302501644905,0.4087907368865814,38984000.0,588000000.0
2011-05-24,1.4757021331787108,0.41589808464050293,49.387354468997806,0.4326348767931365,48.795494345371615,0.4152102660227548,49.255832226970625,0.41635662127524664,34727000.0,720372000.0
2011-05-25,1.4697833633422852,0.42094212770462036,49.255828258187286,0.42369340273391354,48.20363535499435,0.40970782755172847,48.79549041367995,0.41383471276439754,59534000.0,545312000.0
2011-05-26,1.4638649368286132,0.431488573551178,49.3215969351631,0.4351569217338312,48.66397564269426,0.4197957376338307,49.3215969351631,0.4209420930245013,33168000.0,706436000.0
2011-05-27,1.4599193572998046,0.4470790922641754,48.99278924271867,0.4477668837144871,48.532456317137786,0.43286426188235944,48.532456317137786,0.43332279862632445,46500000.0,658824000.0
2011-05-30,1.4816205596923828,,49.51887924242252,,48.6639696604066,,48.6639696604066,,33671000.0,
2011-05-31,1.5131859970092774,0.4594598114490509,50.57106045583263,0.4596891208630788,49.58462886703453,0.44478646876619626,49.6503899695043,0.45579148944397574,62660000.0,1200716000.0
2011-06-01,1.519105224609375,0.43882516026496887,50.834129220019875,0.45808394241470396,50.17650791066517,0.437908059782832,50.17650791066517,0.4573961238859167,44950000.0,762208000.0
2011-06-02,1.5072673416137694,0.4367617964744568,50.89986571151931,0.4427228552017887,50.17648362480295,0.4314885564204735,50.17648362480295,0.43951307116785143,61778000.0,607592000.0
2011-06-03,1.5230509185791015,0.42323485016822815,50.76836395263671,0.43561550614244476,50.04498150329587,0.4211714211714944,50.63684169539384,0.4317179028534636,35389000.0,549300000.0
2011-06-06,,0.4142932593822479,,0.4264446324791667,,0.4138346953424903,,0.42254702946011297,,435988000.0
2011-06-07,1.5289691162109373,0.4140639901161194,51.42596998780725,0.41979576747694203,50.37377719085423,0.41222981589440205,50.768348862555236,0.41750305653261294,40816000.0,433956000.0
2011-06-08,1.5289691162109373,0.402829647064209,51.29444776965725,0.4145224825638922,50.70258775348024,0.3996198630174911,50.70258775348024,0.4120005171932617,58158000.0,569288000.0
2011-06-09,1.5171319198608397,0.3982442617416382,51.29444620766021,0.40351750229431277,50.50530288828886,0.38380017756040596,51.29444620766021,0.40260042886396497,33565000.0,741632000.0
2011-06-10,1.4855661392211914,0.3925125002861023,50.96563573421825,0.4014540895829186,49.38734407577293,0.3893026884880384,50.63682518109426,0.3989320965509592,55263000.0,493548000.0
2011-06-13,1.4737290573120116,0.3897612392902374,49.32159027841469,0.39755644549077856,48.5982079577816,0.38700996431943935,48.9927796765586,0.3925124869297655,68652000.0,574760000.0
2011-06-14,1.5033217620849608,0.3929710388183594,50.24225263210568,0.40168334612259304,48.992771548885294,0.3913661465776174,48.992771548885294,0.3932003208518673,52699000.0,534576000.0
2011-06-15,1.519105224609375,0.38448798656463623,50.899890347504865,0.3899904816699549,50.04498063844277,0.3764634712615368,50.6368408203125,0.3876977708208606,85237000.0,935916000.0
2011-06-16,1.4895118331909178,0.3711901605129242,50.11072721568149,0.3906782263690893,49.584633331306804,0.36568766645016365,49.97920499890056,0.38471716835837866,62276000.0,1024908000.0
2011-06-17,1.4638649368286132,0.36247798800468445,49.38735806095953,0.37577574606952474,48.72973676849069,0.35101443173976077,49.3215969351631,0.37554646401171665,79539000.0,1467884000.0
2011-06-20,1.4776749801635742,0.35812175273895264,49.58464329741066,0.36683405865984875,48.72973366475193,0.35537047809878886,49.05854429004344,0.35926810806193193,31713000.0,745960000.0
2011-06-21,1.497402992248535,0.3659169375896454,50.110716357373974,0.36866821207632644,49.51886149285568,0.35605827689574565,49.584622586996616,0.3594973426728317,40800000.0,704276000.0
2011-06-22,1.4796474838256835,0.36087316274642944,50.17649223618908,0.36820983465496016,49.05853334917027,0.3601853437762874,50.17649223618908,0.363395156526524,45315000.0,651720000.0
2011-06-23,1.4638649368286132,0.3716488182544708,49.25583580936668,0.3741707839483485,48.53245339110141,0.35307782094488604,49.12430854052153,0.35628763273428166,53121000.0,744024000.0
2011-06-24,1.4382175827026367,0.36087316274642944,48.40091891941013,0.37302454011467545,47.28296489548381,0.35858045106680864,48.40091891941013,0.369814754695718,68685000.0,529052000.0
2011-06-27,1.4204616165161132,0.35330718755722046,47.414481658962664,0.36316585265483436,47.085671099583934,0.3406972467439729,47.34872055053711,0.360873141112658,64884000.0,1142152000.0
2011-06-28,1.4303261947631836,0.3553704619407654,47.74330094588623,0.3594973463821026,47.2172069650601,0.3507850408573386,47.41449032640045,0.35330703338572955,95586000.0,692200000.0
2011-06-29,1.4694184112548827,0.36087316274642944,49.46081369990016,0.36454151236633436,48.294610730040375,0.34528271785875225,48.637612219268235,0.35766334999619287,93038000.0,960544000.0
2011-06-30,1.4858823394775391,0.3654584586620331,49.52941131591797,0.36935606169195023,48.91201284271934,0.35628761514163065,48.98061209154283,0.3617901103213643,48764000.0,652300000.0
2011-07-01,1.4982305145263672,0.37027308344841003,50.078215648180965,0.37164872061549875,49.392212694096294,0.35812171291000555,49.52941119139835,0.36545838069486325,40514000.0,540804000.0
2011-07-04,1.5126359939575196,,50.6956019326803,,50.14679766448768,,50.6956019326803,,39959000.0,
2011-07-05,1.5064622497558593,0.36408278346061707,50.28401279968183,0.37325362534192497,49.666609165809234,0.3608729724034005,50.21540832519532,0.3698145596364345,34203000.0,535296000.0
2011-07-06,1.4982305145263672,0.35926803946495056,50.35261787657227,0.3645412784100609,49.73521417113863,0.35491187367061533,50.215414145483024,0.3638534598813488,42991000.0,529580000.0
2011-07-07,1.4735339355468748,0.3606437146663666,49.598002936370655,0.36293642529080977,49.04919862052872,0.3542241194516723,49.46079924051725,0.3611022786562685,47655000.0,986136000.0
2011-07-08,1.492056541442871,0.35376569628715515,49.94102104387872,0.35812186426989073,49.39221654431573,0.3507851660529203,49.46081579831421,0.3555998708413977,52356000.0,619516000.0
2011-07-11,1.4673603057861329,0.3413849472999573,49.80381084683686,0.34849236154876717,48.15740279533256,0.3404678739335867,49.80381084683686,0.3471167514992113,47105000.0,714388000.0
2011-07-12,1.4467798233032225,0.3367994725704193,48.568995475801536,0.342989812474402,48.08879042355848,0.3310676966084084,48.4317917892526,0.3397800015369177,39821000.0,867604000.0
2011-07-13,1.4858823394775391,0.33611178398132324,49.73521429617565,0.3436777366435933,48.08880615547584,0.3329019991337053,48.363208384557005,0.34138502537207355,69016000.0,634368000.0
2011-07-14,1.4550120162963867,0.32281404733657837,48.98060568978904,0.33955084478402686,48.08879987028085,0.3212091549416228,48.36320206349772,0.33748741560926593,54343000.0,1088996000.0
2011-07-15,1.4385480880737305,0.32327255606651306,48.157400661995545,0.32671162261356124,47.67720073373163,0.3166237050080618,48.0202021778592,0.32464819361784086,88064000.0,827736000.0
2011-07-18,1.4344318771362303,0.3163943588733673,48.15739732490009,0.3225846719376902,47.608598192597356,0.3122674743867301,47.814395904541016,0.32075052534919885,34351000.0,818200000.0
2011-07-19,1.409736099243164,0.3260238468647003,47.88300926002239,0.3267116383422047,46.99120330810547,0.31731151172855426,47.7458055261497,0.31731151172855426,57401000.0,602224000.0
2011-07-20,1.4735339355468748,0.3218970000743866,49.18639708259628,0.329004389070193,47.608593833675954,0.32097989910857944,47.8143915267773,0.32717024180113075,55120000.0,662956000.0
2011-07-21,1.4735339355468748,0.337028831243515,49.1177978515625,0.3393215421501019,48.43179507365301,0.31754076120625635,48.98059938949494,0.3223554650425968,32798000.0,1143420000.0
2011-07-22,1.481766242980957,0.3439069986343384,49.666610302230154,0.34505335420320193,49.186405138769864,0.3356532276060117,49.666610302230154,0.3400093951664568,37196000.0,737192000.0
2011-07-25,1.481766242980957,0.3384045660495758,49.73520954449971,0.34000948614042015,48.980607411961195,0.3335898877708826,49.666610302230154,0.338633848157205,32490000.0,566920000.0
2011-07-26,1.5167523193359373,0.3301507234573364,50.55841064453125,0.3370288566965463,49.59801079040368,0.32533601925738076,49.59801079040368,0.3287750858769857,52821000.0,698276000.0
2011-07-27,1.5105784606933592,0.31777000427246094,50.69561681632057,0.3271701287695685,50.07821314178772,0.31685290362349605,50.55841309209831,0.3255652094666966,35569000.0,652212000.0
2011-07-28,1.5023461532592772,0.3170822560787201,50.352607279282765,0.3237311074376684,49.59800523536181,0.3115797329559918,49.94100664021553,0.31662371931797756,33682000.0,648176000.0
2011-07-29,1.481766242980957,0.3170822560787201,49.666610302230154,0.3200627860204555,48.91200816969164,0.3122675517627419,49.25500961482612,0.3138724440909771,60614000.0,677656000.0
2011-08-01,1.4941139602661133,0.3340482711791992,49.941002366007645,0.33496534452581445,49.39219807169676,0.32166761701228974,49.39219807169676,0.3244188643834027,41072000.0,1019620000.0
2011-08-02,1.4694184112548827,0.3306092917919159,49.46081369990016,0.35261933119263383,48.84340997253253,0.3306092917919159,49.392214448812055,0.33175564744130176,33350000.0,1356432000.0
2011-08-03,1.4426639556884766,0.3395507335662842,48.363200708478,0.34069708880595284,47.88300080914241,0.3280871811695973,48.08879852294922,0.3312969922394285,45976000.0,765236000.0
2011-08-04,1.4406058502197265,0.30722352862358093,48.500394863883095,0.33336044650717656,47.74579284623947,0.30722352862358093,47.74579284623947,0.33336044650717656,43900000.0,979732000.0
2011-08-05,1.3706336975097655,0.29690635204315186,46.648194978002486,0.318228597444485,45.276189243355354,0.28888186342881567,45.276189243355354,0.3143309941552046,89615000.0,1270588000.0
2011-08-08,1.3418213653564453,0.27352073788642883,46.23658809078088,0.2925502764462502,43.90417760856851,0.2716865631900733,45.276183158836275,0.28246232928193327,97375000.0,1084180000.0
2011-08-09,1.3027193069458007,0.2964477837085724,44.65878141997794,0.29690632039998244,42.66937486179528,0.2751255679109529,42.875175179277214,0.27879388877350203,115504000.0,1329832000.0
2011-08-10,1.3541696548461915,0.28292086720466614,45.96218980077542,0.2959893448841054,44.59018413508063,0.2813159745884493,44.658783371608116,0.287735572384594,109734000.0,1140052000.0
2011-08-11,1.3665177154541015,0.3074527978897095,45.824992703269785,0.3115796827337419,43.90418262012476,0.2829207708345654,44.315783285431145,0.2829207708345654,54267000.0,1078792000.0
2011-08-12,1.3397636032104492,0.29530155658721924,46.37379398644811,0.3406972827124075,44.65878677368164,0.29048685090783494,46.09939178564815,0.3402387458218186,61038000.0,3195784000.0
2011-08-15,1.3747495651245116,0.3065357506275177,45.89358473196009,0.30722356938199125,45.207581986291885,0.29667708803011833,45.89358473196009,0.29828198023637625,39616000.0,864152000.0
2011-08-16,1.3582857513427733,0.29782333970069885,45.82499612871536,0.3072234622956841,45.27619171142578,0.2923208189141486,45.82499612871536,0.3030965785385866,38915000.0,716868000.0
2011-08-17,1.3541696548461915,0.29369646310806274,45.413385440983,0.3037844044638607,44.79598707844935,0.2897988612045493,45.27618696792802,0.29874042012033086,35809000.0,553328000.0
2011-08-18,1.325357551574707,0.273749977350235,45.13899009937215,0.28315010412342306,43.423980339399236,0.27054016529855635,45.13899009937215,0.2803988561728937,73212000.0,802564000.0
2011-08-19,1.315067253112793,0.2689351439476013,43.835575103759766,0.2840670414146327,43.2181716054956,0.2671009704165581,43.28677083112819,0.2691644258882042,43186000.0,761332000.0
2011-08-22,1.3377054977416991,0.273749977350235,44.933184667734,0.279711037352443,43.2181776193472,0.27076944734913094,43.629778264202805,0.2765012253007644,46280000.0,611876000.0
2011-08-23,1.3747495651245116,0.30332595109939575,46.030783187579495,0.3035552331372109,44.59017846843338,0.2799402764931212,44.59017846843338,0.2803988405687514,46451000.0,938312000.0
2011-08-24,1.3891561889648436,0.2989698052406311,46.442404816568725,0.3035552272579495,45.55060398367889,0.29117457141242725,46.442404816568725,0.30263815378699427,48112000.0,687500000.0
2011-08-25,1.3788660049438477,0.28613054752349854,46.37380091055799,0.29828191856944997,45.55059941903186,0.2856720108924044,46.236602406566114,0.2930086789837052,30837000.0,690968000.0
2011-08-26,1.397388038635254,0.2982819974422455,46.854003514222704,0.3012625273293771,45.96219758693156,0.27994028136711385,46.03079683508,0.2849842676366929,40454000.0,732660000.0
2011-08-29,1.4282580184936522,0.30630651116371155,47.9516020542771,0.30745286680337647,46.71679478460317,0.29965765938616495,47.05979622242519,0.306765075284597,38554000.0,601528000.0
2011-08-30,1.4200258255004883,0.3136431872844696,48.22599993539093,0.3161651531173702,47.059792010891805,0.3021796043547243,48.22599993539093,0.3042430607612129,33717000.0,684760000.0
2011-08-31,1.4282580184936522,0.30516013503074646,47.60860061645508,0.3191456838279559,46.5109970621819,0.3026381691916132,47.402797660247224,0.3159358991849599,47445000.0,705808000.0
2011-09-01,1.4117937469482422,0.30447229743003845,47.8829980745139,0.315935879680401,47.059791564941406,0.3042430427304191,47.608595904656404,0.3092870014285653,47910000.0,762312000.0
2011-09-02,1.3891561889648436,0.2962185740470886,47.677212411385995,0.30172106984280267,46.03080402955896,0.2939258355790563,47.677212411385995,0.2975941843303808,42191000.0,471356000.0
2011-09-05,1.3706336975097655,,46.03079135065397,,45.207590003380304,,45.344788483330404,,49750000.0,
2011-09-06,1.3603436279296874,0.30217957496643066,46.099389690215986,0.3028673937017001,45.34478759765625,0.2838378877926838,45.61918978598336,0.2865891354024919,38972000.0,696248000.0
2011-09-07,1.4117937469482422,0.32671159505844116,47.059791564941406,0.33565318372538844,45.824989651261774,0.317770033722763,45.96218811929749,0.32671159505844116,40017000.0,1606620000.0
2011-09-08,1.413852081298828,0.3251066505908966,47.745806439733386,0.3312969907217615,46.92260495589505,0.3198334110463243,47.745806439733386,0.32350175872896536,42602000.0,880164000.0
2011-09-09,1.4262000274658202,0.31822848320007324,48.08880007045903,0.33106767130623554,47.26559872116823,0.3154772364148275,47.67719939581363,0.32235536704357265,38210000.0,869828000.0
2011-09-12,,0.3257945775985718,,0.32854582561033574,,0.3138724573288049,,0.3138724573288049,,916480000.0
2011-09-13,1.407677879333496,0.33313125371932983,48.020199490816005,0.33473617347372525,46.9225959777832,0.3235018718493283,47.74579730411121,0.32854583117825537,34863000.0,853836000.0
2011-09-14,1.3829816436767577,0.35032662749290466,47.745795962747025,0.3546827954538266,45.89359041365144,0.341614318902336,47.677196726444635,0.34184360096969646,60617000.0,1547192000.0
2011-09-15,1.4220838165283203,0.3553704619407654,47.88299899924838,0.35995591035545776,46.991193238435145,0.35216067811487284,47.33419464893467,0.35812173645583395,42178000.0,752908000.0
2011-09-16,1.4632439804077149,0.3544534146785736,49.392202930309935,0.3691267796215352,48.2260002324143,0.35261924064429495,48.294599467504725,0.3560583067093421,76993000.0,1391588000.0
2011-09-19,1.4653019714355469,0.3471168577671051,49.186400460361156,0.3510144617643118,48.50039763534197,0.33817526671686776,48.980602753127116,0.34849246823779645,28682000.0,968204000.0
2011-09-20,1.4508962631225586,0.3381751775741577,49.186410230781775,0.35284854337924554,47.81440430820725,0.33657028544909456,48.70621025139559,0.3514729059398948,46860000.0,792436000.0
2011-09-21,1.481766242980957,0.3317556083202362,49.46080734163479,0.3459704112301371,48.63760596682671,0.33152632628488643,48.70620520909627,0.3400093789550284,52306000.0,715252000.0
2011-09-22,1.4200258255004883,0.30974555015563965,48.363198404726774,0.3191456764858737,47.33419418334961,0.30378451776560134,48.15739546693689,0.3186871397376049,64836000.0,1314632000.0
2011-09-23,1.3891561889648436,0.31616511940956116,47.26561162437623,0.3251067082218298,46.236607039957825,0.30607720249093295,46.78540634470819,0.3079113766573934,85391000.0,1011440000.0
2011-09-26,1.3829816436767577,0.31685301661491394,46.2365918289496,0.3209799026787584,46.099388122558594,0.3026382111339173,46.2365918289496,0.3200628290340269,26574000.0,972124000.0
2011-09-27,1.4385480880737305,0.31731149554252625,48.157400661995545,0.3276287224853563,47.12839632961285,0.31478952981401914,47.265600047535884,0.3248774747218615,56625000.0,781388000.0
2011-09-28,1.4467798233032225,0.3076820969581604,48.637594702183264,0.32602381142984427,47.8829927444133,0.30263813846080045,48.568995475801536,0.3179992959746434,42230000.0,1236532000.0
2011-09-29,1.4467798233032225,0.3001161217689514,48.637594702183264,0.3184578347874621,47.53999137871918,0.2923208889531126,47.74578905786436,0.3131845946861262,39894000.0,866416000.0
2011-09-30,1.4406058502197265,0.2868184745311737,48.568999329493714,0.29690639355276444,47.3341922215053,0.2863599103955126,48.22599793658425,0.29530150107177616,60198000.0,677784000.0
2011-10-03,1.4117937469482422,0.2707694470882416,48.02019654254961,0.2920916938453015,46.71679016106605,0.2707694470882416,48.02019654254961,0.2831501038506048,33871000.0,949896000.0
2011-10-04,1.4220838165283203,0.295759916305542,48.02019746993372,0.295759916305542,46.78539029862096,0.26297412463361824,48.02019746993372,0.2641204798390171,35690000.0,1361548000.0
2011-10-05,1.4220838165283203,0.30630651116371155,47.814394530119536,0.30905778656392674,47.128391709120486,0.2891111765687382,47.265595413591996,0.29507220949623103,30824000.0,856708000.0
2011-10-06,1.4200258255004883,0.31845784187316895,47.95159776293313,0.319374915245429,47.128391245559726,0.30745279741843906,47.81439405981117,0.3079113614358373,57224000.0,773192000.0
2011-10-07,1.4220838165283203,0.3244189918041229,47.402793884277344,0.3292336970930733,47.402793884277344,0.31318471590494296,47.402793884277344,0.3198335686075143,13073000.0,806976000.0
2011-10-10,,0.3388631045818329,,0.3388631045818329,,0.3292336940917157,,0.3299215130311924,,534376000.0
2011-10-11,1.4406058502197265,0.33519473671913147,48.29459716840896,0.34161433424960147,47.74579284623947,0.33404838099337886,48.02019500732422,0.33611181036722304,55155000.0,816080000.0
2011-10-12,1.4488381576538085,0.33496537804603577,48.36320449843831,0.34184353815902163,47.74580084106259,0.33473612335207403,48.36320449843831,0.34161425613378976,41221000.0,612064000.0
2011-10-13,1.4488381576538085,0.3544534146785736,48.29460525512695,0.35514123335783654,47.197001660785,0.33244338092976505,47.88300456147207,0.3333604542812706,58272000.0,854832000.0
2011-10-14,1.4467798233032225,0.36041444540023804,48.568995475801536,0.3643120478376241,47.95159197079502,0.3517021399140858,48.568995475801536,0.36064370005463403,35631000.0,702452000.0
2011-10-17,1.4632439804077149,0.3425312936306,48.77479934692383,0.3562875850818632,48.36319870259515,0.3406971196150137,48.56900164165256,0.3562875850818632,38911000.0,611780000.0
2011-10-18,1.4550120162963867,0.3549118936061859,48.50040054321289,0.3558289941397365,48.02020063042327,0.33863363928111023,48.08879987028085,0.34069706765188856,25527000.0,590916000.0
2011-10-19,1.4632439804077149,0.3478046655654907,48.77479934692383,0.3615609622332119,48.15739576353773,0.3468875918755722,48.70620011183341,0.3553706191667902,31141000.0,557568000.0
2011-10-20,1.4344318771362303,0.3303799331188202,48.50039874525917,0.33978005819653,47.745796667226465,0.31731145988120696,48.36320027063007,0.3384044208037492,25687000.0,990308000.0
2011-10-21,1.4467798233032225,0.33198481798171997,48.50039101563432,0.3400093328236943,47.74578905786436,0.32648232319259957,48.50039101563432,0.33450681070330623,17897000.0,628428000.0
2011-10-24,1.4755924987792968,0.3443654179573059,49.32362037634553,0.3496386572420094,48.84341510073604,0.33267258420997475,48.84341510073604,0.3333604027829819,50063000.0,535256000.0
2011-10-25,1.471475830078125,0.3312970697879791,49.392195694930074,0.34230208813105745,48.70619297694493,0.3306092510169234,49.254997244847196,0.3395508130468345,40816000.0,577996000.0
2011-10-26,1.479708480834961,0.33519473671913147,49.392215280074645,0.33955087754448093,48.774811542316215,0.3255653267577882,48.98061453283151,0.33771673024829785,25653000.0,503116000.0
2011-10-27,1.479708480834961,0.34963876008987427,49.529413784559864,0.35307782663526394,48.98061453283151,0.3397800971935029,49.392215280074645,0.347575331095149,38771000.0,577732000.0
2011-10-28,1.5044040298461914,0.35766324400901794,50.764204529146845,0.36087305580808354,49.46079823096566,0.3457411522741466,50.42120314719315,0.3466582257417248,90679000.0,490156000.0
2011-10-31,1.5146942138671875,0.339321494102478,50.62701083487272,0.348263081770808,50.146805714669405,0.339321494102478,50.42120789281613,0.3461996258483014,46670000.0,519984000.0
2011-11-01,1.5188106536865233,0.3223554790019989,50.76422029141805,0.32785797448358167,50.07821731450699,0.3191456671950164,50.42121880296252,0.32694090101374157,37063000.0,790824000.0
2011-11-02,1.5208685302734375,0.31685301661491394,50.69561767578125,0.3271702454401633,49.6666132787104,0.31020416436241954,50.146813237161986,0.3255653255649687,34533000.0,961608000.0
2011-11-03,1.5126359939575196,0.33588242530822754,50.90139960791349,0.33657024394308077,49.59799863008045,0.311808937075959,50.90139960791349,0.3202919606891068,36408000.0,749372000.0
2011-11-04,1.5352743530273436,0.3397800624370575,51.38161471691442,0.34092641783492555,50.69561186417533,0.3276286897534025,51.1072125290615,0.33290193004984925,56744000.0,654840000.0
2011-11-07,1.5435063171386718,0.3379459083080292,51.587409039298066,0.34298989422178106,50.97001069947146,0.3301507020743093,51.45021057128906,0.33725808956240205,28458000.0,613536000.0
2011-11-08,1.5332163619995116,0.34574103355407715,51.4502134899165,0.34780446181322644,50.76421064338428,0.3367994473248197,51.4502134899165,0.34230196823465386,21447000.0,549728000.0
2011-11-09,1.5249841690063477,0.32831647992134094,51.38160995842558,0.3420727435000728,50.83280563354492,0.3269408426309613,51.38160995842558,0.3377166042993142,17538000.0,532244000.0
2011-11-10,1.4941139602661133,0.3317556083202362,50.35260296984799,0.33978009691967864,49.73519944719465,0.32350183768544405,49.73519944719465,0.3363410303770605,45120000.0,990484000.0
2011-11-11,1.5105784606933592,0.3434484302997589,50.48981384688065,0.34619967794585416,49.80381092713013,0.3225847226006657,50.42121460166298,0.3411557193728012,27464000.0,1751560000.0
2011-11-14,1.56202823638916,0.3367994725704193,52.13620710538868,0.3468874146623167,51.175802243532324,0.33588239934900305,51.38160515456777,0.3434483490851101,63557000.0,500292000.0
2011-11-15,1.564086570739746,0.34115561842918396,52.1362190246582,0.34367758330385795,51.450216142754805,0.3326725686444511,51.79321758370651,0.3335896691426379,35895000.0,505660000.0
2011-11-16,1.5517383956909179,0.3342776298522949,52.136213831080156,0.34367775757041724,51.38161178291385,0.3331312741467325,52.136213831080156,0.33473619399954063,38931000.0,512420000.0
2011-11-17,1.5579127120971679,0.3223554790019989,52.136226725054556,0.33450685279937115,51.313025238700234,0.31639441945422503,51.58742224496007,0.33358977932953104,34876000.0,657504000.0
2011-11-18,1.5270425033569335,0.3193749785423279,51.587419728322935,0.3241896830290895,50.55841530368521,0.315935911717862,51.4502212318861,0.3241896830290895,52324000.0,501352000.0
2011-11-21,1.5085202407836913,0.33542388677597046,50.6956086650352,0.3386336706122157,50.078205089773924,0.309516224773529,50.21540355814928,0.3143309278591625,21320000.0,1330788000.0
2011-11-22,1.5229266357421873,0.34574103355407715,51.587422684778936,0.3475752071906886,50.627022687106624,0.33725798390115713,51.587422684778936,0.33909215753776856,42423000.0,1287480000.0
2011-11-23,1.5105784606933592,0.3310677111148834,51.107217521413496,0.3445947193767036,50.14681238700539,0.33083842913385103,50.76421606153824,0.3420727269104066,42823000.0,825340000.0
2011-11-24,1.4982305145263672,,50.215414145483024,,49.803813419789655,,50.00961639952993,,46889000.0,
2011-11-25,1.4735339355468748,0.3218970000743866,50.28400571428014,0.3342776307969372,48.91200015846116,0.32097989910857944,50.07820278739296,0.3267116776525891,36741000.0,406620000.0
2011-11-28,1.5146942138671875,0.34000930190086365,51.03861148519969,0.3450532595540357,49.11780147195887,0.33244335175547296,49.11780147195887,0.33244335175547296,34892000.0,690616000.0
2011-11-29,1.5146942138671875,0.34184348583221436,50.90140777923322,0.3461996249946549,50.00960724248915,0.336340964050364,50.62701083487272,0.33955074792466056,42495000.0,623440000.0
2011-11-30,1.5352743530273436,0.3583510220050812,51.175811767578125,0.35926812269959013,50.07820824995288,0.34918017904759907,50.76421110269196,0.35216070847503433,51206000.0,730324000.0
2011-12-01,1.5764345169067382,0.3627071976661682,52.54781723022462,0.3636242710518047,51.79321514245604,0.3537656091655036,51.79321514245604,0.3553705012560018,78257000.0,529760000.0
2011-12-02,1.564086570739746,0.36041444540023804,52.685023423695576,0.36798039562061413,51.724618342273494,0.3569753796029094,52.54781970704291,0.3666047583691765,35285000.0,546464000.0
2011-12-05,1.57026123046875,0.3549118936061859,52.342041015625,0.36683400922350157,51.724637150651056,0.35193136470185704,52.13623798270417,0.3663754726223578,28821000.0,644696000.0
2011-12-06,1.5517383956909179,0.3498680293560028,52.34201676866465,0.3576632356418698,51.656013955097805,0.34619968090896514,52.34201676866465,0.35697544422291183,40835000.0,573832000.0
2011-12-07,1.5723181915283202,0.3478046655654907,52.4792056062867,0.3503266592096831,51.724603696613464,0.34046799405230965,52.4792056062867,0.3475754108086499,40811000.0,510016000.0
2011-12-08,1.57026123046875,0.3367994725704193,52.61643808113472,0.3500971982685373,51.65603788427363,0.3356531173780171,52.61643808113472,0.34436542230652645,31661000.0,491488000.0
2011-12-09,1.5249841690063477,0.34161415696144104,52.13621197979704,0.3443654038091722,50.4212050067774,0.3296920417358358,52.13621197979704,0.33427746225914173,41947000.0,555840000.0
2011-12-12,1.5435063171386718,0.33313125371932983,51.587409039298066,0.33565324704943045,50.83280699767638,0.3269409387551342,51.518809805293564,0.33427760935459844,28286000.0,573208000.0
2011-12-13,1.5476226425170898,0.3239602744579315,51.58742141723632,0.3416141657941234,50.55841695891017,0.32189684610159724,50.55841695891017,0.33748728175019205,29883000.0,516596000.0
2011-12-14,1.5332163619995116,0.3113504648208618,51.518812727812445,0.3230433020377899,50.69561140548833,0.3079113982666208,51.518812727812445,0.32120912774260707,27551000.0,636020000.0
2011-12-15,1.492056541442871,0.30859920382499695,50.83282181343409,0.3186871492441985,49.7352180480957,0.3079114123477125,50.83282181343409,0.31662372014979984,35609000.0,435148000.0
2011-12-16,1.4961724090576172,0.30974555015563965,50.35261885269462,0.3170822474530281,49.73521513529216,0.3083699399108332,49.941018119022075,0.31112118773171793,20783000.0,619116000.0
2011-12-19,1.492056541442871,0.3017210364341736,50.42122105565564,0.3147895103316902,49.39221654431573,0.3005746809927261,50.42122105565564,0.31112116198655054,24429000.0,463276000.0
2011-12-20,1.4982305145263672,0.3186870217323303,50.00961639952993,0.3198333768441593,49.392212694096294,0.3085990803494784,50.00961639952993,0.3085990803494784,26756000.0,445208000.0
2011-12-21,1.564086570739746,0.3145602345466614,52.1362190246582,0.32029201186752404,50.83281250228442,0.30836992050638373,51.38161690132179,0.3168529454750064,52799000.0,548424000.0
2011-12-22,1.5435063171386718,0.32808718085289,51.793211975097655,0.3290042541112338,51.03860993347596,0.315477273228707,51.656013507088645,0.315477273228707,25805000.0,576560000.0
2011-12-23,1.5517383956909179,0.32487744092941284,51.99901536188123,0.33015068120418467,51.17580884532935,0.3221261661208234,51.99901536188123,0.3296921171819075,28697000.0,248948000.0
2011-12-26,1.5435063171386718,,51.793211975097655,,51.24440763548947,,51.724612741093146,,11293000.0,
2011-12-27,1.5537963867187499,0.3223554790019989,51.793212890625,0.3273994377486616,51.244408541315835,0.3214383782008877,51.313013010319104,0.3235018345049346,14575000.0,195712000.0
2011-12-28,1.5579127120971679,0.31433096528053284,51.930423736572266,0.32304327187060466,51.38162449026519,0.31410168326581955,51.65602673031243,0.3223554531577337,19957000.0,233960000.0
2011-12-29,1.559970588684082,0.3202919661998749,52.06761886302338,0.3209797848465623,51.58741371390578,0.3129552977414965,51.72461742813362,0.3175407189443913,24738000.0,211112000.0
2011-12-30,1.559970588684082,0.31777000427246094,52.06761886302338,0.3225846801872771,51.381615993243855,0.3173114402823452,51.93041514879555,0.31914561424900845,32240000.0,186956000.0
2012-01-02,1.4364900970458985,,51.72461832552075,,47.88300323486329,,51.450216126090936,,26261000.0,
2012-01-03,1.4508962631225586,0.3218970000743866,52.06762580846062,0.33015077211027094,48.36320877075195,0.32120918118285025,51.793223577188265,0.3278580333613911,56936000.0,468044000.0
2012-01-04,1.4508962631225586,0.32556527853012085,52.204824307203175,0.32694091612975423,48.36320877075195,0.3191456819506188,52.204824307203175,0.32212621186230966,56684000.0,347372000.0
2012-01-05,1.564086570739746,0.33725807070732117,52.1362190246582,0.33886299013448157,51.65601910084048,0.3225847051689441,52.1362190246582,0.32396034258329054,56718000.0,563548000.0
2012-01-06,1.555854263305664,0.3333605229854584,52.06761170300318,0.3372581265295378,51.38160892755857,0.32946291944137895,52.06761170300318,0.33702887181004676,29866000.0,533252000.0
2012-01-09,1.555854263305664,0.3333605229854584,51.86180877685547,0.3397801197628515,51.175806001410855,0.33106781180290895,51.58740661992046,0.3335898050362226,27627000.0,508244000.0
2012-01-10,1.5743765258789062,0.33198481798171997,52.479217529296875,0.33863369546078037,51.999017632347254,0.3296921072643752,52.13621610753676,0.3384044134565388,56436000.0,546328000.0
2012-01-11,1.5743765258789062,0.32533594965934753,52.82221895105698,0.3319847994357087,52.204815345131514,0.32396031237328227,52.685020475867475,0.3290042702034114,41075000.0,484272000.0
2012-01-12,1.5846671676635742,0.32327255606651306,52.89083818564994,0.3262530858735424,52.479237370676806,0.3161651409367716,52.61643589773841,0.3260238311691687,55391000.0,652364000.0
2012-01-13,1.5949563217163085,0.3147895336151123,53.508212083385835,0.32166766677253844,52.822209364368064,0.31318464134463386,52.95940781465746,0.3209798479905415,57301000.0,504300000.0
2012-01-16,1.549680519104004,,52.75362082956374,,51.1758121625712,,52.20481644962204,,37659000.0,
2012-01-17,1.555854263305664,0.309974730014801,52.06761170300318,0.3196041352105516,51.38160892755857,0.30951619341768505,52.06761170300318,0.3196041352105516,43605000.0,627176000.0
2012-01-18,1.5784925079345702,0.3205212950706482,52.61641693115235,0.3230432880336031,51.86181483674753,0.31433098100762374,52.06761778694268,0.31593587319710853,56756000.0,632676000.0
2012-01-19,,0.3290042579174042,,0.32946282188314585,,0.31983341590281217,,0.32327248165828415,,608312000.0
2012-01-20,,0.3260238468647003,,0.3324434435278319,,0.3248774912938294,,0.3285458127218527,,546272000.0
2012-01-23,,0.33496537804603577,,0.3351946600712677,,0.3221261859209917,,0.32625307105627516,,562792000.0
2012-01-24,,0.3425312936306,,0.3439069309751065,,0.3324433775417765,,0.33267263221168275,,730920000.0
2012-01-25,,0.3404679000377655,,0.34138497347444946,,0.3237310775024877,,0.3333604852440196,,1274152000.0
2012-01-26,,0.33725807070732117,,0.3494094707610879,,0.33542392392988407,,0.34551184053086254,,799672000.0
2012-01-27,,0.34184348583221436,,0.34367763242823185,,0.3324433615369279,,0.33519460876222007,,449996000.0
2012-01-30,1.6196526718139648,0.339321494102478,54.537226769268294,0.3409263860435836,52.95941811513339,0.33083844308428306,53.508222490602854,0.3358824282295663,134364000.0,399076000.0
2012-01-31,1.6155363464355468,0.33863359689712524,53.85121154785156,0.3404677704033948,52.34200771263605,0.33267253983456396,53.576809423143686,0.3402384884658888,84114000.0,357900000.0
2012-02-01,1.5846671676635742,0.34230199456214905,53.302439000623075,0.3461995967576863,52.61643589773841,0.3377165737835726,53.165240473561475,0.34253124920231964,46150000.0,428020000.0
2012-02-02,1.5805509567260743,0.3551412522792816,53.16523189186128,0.35651686237983055,52.20482665608952,0.34069714123899997,53.16523189186128,0.3441362348185449,53946000.0,696236000.0
2012-02-03,1.5682024383544921,0.3627071976661682,52.41061832086861,0.36568772716638975,51.86181395223248,0.3597266681659467,52.34201908323568,0.36041448687080835,47741000.0,495232000.0
2012-02-06,1.5928989028930662,0.35995590686798096,53.16522934560792,0.3613315167809219,52.54782563548212,0.3567460957419215,53.028030847263175,0.3608729801432749,47544000.0,278868000.0
2012-02-07,1.5928989028930662,0.36087316274642944,53.16522934560792,0.3629365923255765,52.68502936761409,0.3544535645772354,53.16522934560792,0.3604146258767611,29943000.0,410296000.0
2012-02-08,1.5949563217163085,0.37394148111343384,53.16521072387695,0.38104886787905595,52.75361013922337,0.35903883424394495,53.16521072387695,0.36087300826874874,34702000.0,847612000.0
2012-02-09,1.6052467346191406,0.3737121820449829,53.50822448730469,0.38059031382544656,52.479220170241135,0.37302436340068335,52.82222160926232,0.37852688522381395,54953000.0,561944000.0
2012-02-10,1.5826086044311523,0.3645414412021637,53.50822223503158,0.3714195748983072,52.61641643759983,0.3624779846945564,53.50822223503158,0.370043937226569,42117000.0,440268000.0
2012-02-13,1.5764345169067382,0.37027308344841003,52.89081865500909,0.37508778620195676,52.27341504363975,0.3627071336919496,52.410618753825375,0.37371214903486805,36380000.0,610668000.0
2012-02-14,1.5908405685424805,0.3723366856575012,53.096618185199425,0.37554649810181384,52.27341167844032,0.36706344383070494,52.890815250063135,0.3702732562750175,41995000.0,453756000.0
2012-02-15,1.6155363464355468,0.37073180079460144,53.85121154785156,0.3874686276055295,53.23380807570514,0.36981472712363855,53.23380807570514,0.3757757879787286,70978000.0,1110856000.0
2012-02-16,1.6155363464355468,0.3771513104438782,54.12561367255944,0.3801318401756555,53.50821020041302,0.34390697399715636,53.85121154785156,0.3452826115137523,57944000.0,1888588000.0
2012-02-17,1.6464068984985352,0.36339494585990906,55.63483206500569,0.3799024549172217,54.46862927208385,0.35995588033416626,54.53722851276398,0.377380489930435,63929000.0,1020360000.0
2012-02-20,1.6464068984985352,,55.429034342965316,,54.674426994124225,,55.29183062781849,,31043000.0,
2012-02-21,1.6464068984985352,0.3652292788028717,54.88022994995117,0.37417084213475055,54.40003003140373,0.3624780033180396,54.88022994995117,0.3631658221892476,27443000.0,518176000.0
2012-02-22,1.6402323532104492,0.3627071976661682,54.8802146722165,0.37233657754042593,54.1942119888138,0.36224866097334996,54.81161545063326,0.3633950163710299,41090000.0,492432000.0
2012-02-23,1.6073048400878907,0.3647705912590027,54.46863390905133,0.36683404717452006,53.302425783062496,0.3576631775465526,54.19423168918413,0.363394981313257,59936000.0,323968000.0
2012-02-24,1.627884635925293,0.36201947927474976,54.262821197509766,0.3663756473917629,52.959414812394684,0.3604145867395454,53.16521774880773,0.3659170832406107,39386000.0,366668000.0
2012-02-27,,0.35468271374702454,,0.35903885337316527,,0.3496387280772588,,0.3574339612651802,,745268000.0
2012-02-28,,0.351472944021225,,0.3588096413843187,,0.3478045953396781,,0.3546827559503965,,699884000.0
2012-02-29,1.6690447998046873,0.34734606742858887,55.63482666015625,0.358580368469737,54.46862398052946,0.34711681271220185,55.017423086441916,0.3526193085433096,77948000.0,689196000.0
2012-03-01,1.6484646606445312,0.34963876008987427,55.566225574626294,0.35376564541059613,54.94882202148438,0.34734604905961447,55.566225574626294,0.3487216866102789,21169000.0,449944000.0
2012-03-02,1.6464068984985352,0.3526192009449005,54.948829190631294,0.3576631584728455,54.33142555693703,0.3484923166652129,54.88022994995117,0.3484923166652129,23782000.0,684076000.0
2012-03-05,1.6237686538696288,0.3406970798969269,54.60582166062188,0.3507850221409765,53.851219629764536,0.3381751148343625,53.98841809581642,0.3500972035489084,22782000.0,514848000.0
2012-03-06,1.636116485595703,0.3374873995780945,54.60581541169909,0.3395508286548394,53.71401501684478,0.33152633972996315,54.60581541169909,0.33679958077542205,27703000.0,471400000.0
2012-03-07,1.627884635925293,0.3395507335662842,54.40002489971383,0.34092637078639254,53.98841902688773,0.3347360579584346,54.194221963300784,0.33932147891710934,30305000.0,441984000.0
2012-03-08,1.6402323532104492,0.3406970798969269,55.017413115383,0.3441361728572675,54.331410431980295,0.3386336514519866,54.74301622905001,0.3404678252537469,36169000.0,430852000.0
2012-03-09,1.6464068984985352,0.3397800624370575,54.88022994995117,0.3441362293477172,54.05702859421654,0.3379458883342149,54.53722851276398,0.3416142365399001,22702000.0,367836000.0
2012-03-12,1.6464068984985352,0.3345068097114563,55.22323138713837,0.3434483978813487,54.6058277534441,0.33358973635974465,55.01742843131142,0.341155687170802,28913000.0,299948000.0
2012-03-13,1.6731608963012694,0.3390922546386719,55.772029876708984,0.340926428800509,54.9488233743238,0.3342775508802582,55.291824775204454,0.33588247035390906,47221000.0,553288000.0
2012-03-14,1.7122634124755858,0.32946279644966125,57.07544708251953,0.33977999291962235,56.25224558214942,0.32831644128633225,56.526647826868626,0.3390921743553723,60618000.0,735708000.0
2012-03-15,1.7122634124755858,0.3342776298522949,57.07544708251953,0.33611180444745004,56.59524707960155,0.3292336702140754,57.07544708251953,0.33038002591963783,30072000.0,382380000.0
2012-03-16,1.6690447998046873,0.3347361087799072,57.48703738129924,0.33611171887760344,55.63482666015625,0.33267265263645945,57.0754315096323,0.3345068267646567,29079000.0,428340000.0
2012-03-19,1.72255313873291,0.3356532156467438,57.76143939176175,0.33817520874089446,56.52663736964058,0.3340483233737714,57.41843795776367,0.33657031646792207,37321000.0,405400000.0
2012-03-20,1.7122634124755858,0.3301507234573364,57.692850824690865,0.3338190447861518,56.801050071587824,0.32717019358742444,57.62425157195794,0.3338190447861518,29232000.0,449616000.0
2012-03-21,1.7472489166259766,0.3315262794494629,58.44742822490842,0.3345068088315872,57.48702862736162,0.3264823213657812,58.17303133062949,0.3301506694255138,61534000.0,467840000.0
2012-03-22,1.7534232330322266,0.3310677111148834,58.79044252827251,0.333818958230948,57.830042719146434,0.32808718201778647,58.31024262370947,0.32900425527938637,37740000.0,425372000.0
2012-03-23,1.7575397872924805,0.3335898220539093,58.584659576416016,0.33450689564120323,57.89865654913664,0.32785801647386126,58.310257318746714,0.3301507551046452,29341000.0,315456000.0
2012-03-26,1.720495147705078,0.3374873995780945,58.3788425505607,0.3390922918968152,56.595236154861745,0.3335897961379805,58.3788425505607,0.33679958077542205,58830000.0,288600000.0
2012-03-27,1.7657709503173828,0.3397800624370575,58.8590316772461,0.34390694733563615,57.830027663544485,0.33817517034629596,58.310227443091215,0.3388629890512705,34236000.0,419968000.0
2012-03-28,1.7595977783203125,0.347575306892395,59.339262309827305,0.35216072863361736,58.035855501350994,0.34161424769629817,59.339262309827305,0.3441362405864783,28246000.0,892448000.0
2012-03-29,1.730785446166992,0.3491802215576172,57.96725043782837,0.35193146931355157,57.21264822444841,0.34276062523958944,57.96725043782837,0.3471167925734842,49391000.0,372700000.0
2012-03-30,1.7472489166259766,0.35307779908180237,58.24163055419922,0.35514125524677115,56.869625147663484,0.34711676726707635,57.41842417000662,0.35216072567377354,43730000.0,527240000.0
2012-04-02,1.7513650131225584,0.351472944021225,58.44743299992608,0.35514129270277184,57.62423178226514,0.3464289850825521,58.17303608322957,0.352160762815424,23624000.0,407776000.0
2012-04-03,1.7493073654174804,0.34574103355407715,58.310245513916016,0.3544533378295351,57.48704414135187,0.3439068599174657,58.310245513916016,0.35399480125319766,31241000.0,430476000.0
2012-04-04,,0.33588242530822754,,0.34482398556752225,,0.33381896940366784,,0.34046784643222805,,495896000.0
2012-04-05,1.710205307006836,0.33542388677597046,57.62424726289728,0.34046784451775536,57.006843566894524,0.33427750417015073,57.14404729588797,0.3363409600631075,42645000.0,369424000.0
2012-04-06,1.724611473083496,,57.624247598789275,,57.00684389918767,,57.624247598789275,,34072000.0,
2012-04-09,1.7081475448608399,0.3310677111148834,57.34985226664253,0.33221406635751577,56.25224846529673,0.32464811628988954,56.25224846529673,0.3301506378532835,23209000.0,365504000.0
2012-04-10,1.6875670623779295,0.32464805245399475,57.28123971892566,0.33427742913241854,56.11503693193521,0.32304316089613405,57.00683752381422,0.32969200906352536,33332000.0,470360000.0
2012-04-11,1.6957995986938477,0.3287751376628876,57.28125561035942,0.3358825540620805,56.046448006680784,0.3278580366877757,56.25225101855656,0.32900439240820833,40711000.0,372960000.0
2012-04-12,1.6999150085449217,0.33657029271125793,56.73243285550477,0.3384044395616087,55.90923153984369,0.327857958515743,56.59523438082336,0.3292335959847758,36673000.0,384868000.0
2012-04-13,1.7472489166259766,0.32464805245399475,58.31022977776895,0.33542381148090133,56.73242146673874,0.3244187705180463,57.212626499297414,0.3335896379870921,44685000.0,311324000.0
2012-04-16,1.7472489166259766,0.3207506537437439,58.31022977776895,0.3278580429473573,57.48702862736162,0.31547741186281986,58.03582764970475,0.32694096928601263,19461000.0,463468000.0
2012-04-17,1.724611473083496,0.3214384913444519,58.24165129839087,0.3255653780739029,57.21264687698392,0.3202921354380089,58.24165129839087,0.3216677734582528,29423000.0,460696000.0
2012-04-18,1.7493073654174804,0.31799930334091187,58.310245513916016,0.32097983303652533,57.898644827633944,0.3141017001995421,58.310245513916016,0.31937494084081663,32325000.0,400764000.0
2012-04-19,1.7657709503173828,0.31318455934524536,58.8590316772461,0.3257944668322773,57.830027663544485,0.31157964016370243,57.967226105190676,0.3138723506158901,31398000.0,667188000.0
2012-04-20,1.7349011993408203,0.30699434876441956,58.79043974163088,0.31593593969870637,57.69283627337956,0.306306529872355,58.31023985982911,0.315018838732195,27633000.0,509592000.0
2012-04-23,1.7349011993408203,0.30332595109939575,58.03583768431974,0.3047015886637431,57.212636391577796,0.2959892811958439,57.761435508810365,0.301721058828505,20301000.0,706244000.0
2012-04-24,1.7410749435424804,0.29392579197883606,58.035831451416016,0.3067650107039339,57.349828703210655,0.29232089988742455,57.4870323931231,0.3042430178950954,24868000.0,730440000.0
2012-04-25,1.7328430938720703,0.2998868525028229,58.24164158591806,0.30217956331110946,57.5556387527124,0.29277943806462703,58.24164158591806,0.29828196040327604,31076000.0,727112000.0
2012-04-26,1.72872745513916,0.3001161217689514,57.761447002801496,0.3026381144834544,57.281247025444394,0.2975941290544485,57.761447002801496,0.29965758509302387,21008000.0,539208000.0
2012-04-27,1.7698871612548828,0.29759418964385986,61.60305134959513,0.3014918205109607,58.99623870849609,0.29438440492759543,59.682241484176274,0.2996576461025497,116673000.0,475356000.0
2012-04-30,1.786351203918457,0.29805266857147217,59.95664072927587,0.29965758794941844,58.79043292698757,0.2939257837862507,59.202038759433776,0.2959892398444954,47549000.0,262268000.0
2012-05-01,,0.30332595109939575,,0.30653576297244894,,0.2964478179402025,,0.2964478179402025,,408680000.0
2012-05-02,1.8192792892456053,0.29461362957954407,60.9856443432251,0.3033259366318993,59.54503964282154,0.29300873738520056,59.682238096655965,0.30217958116004384,47424000.0,684008000.0
2012-05-03,1.8295695877075195,0.2895696759223938,61.05425216015275,0.29713562763230056,60.299650090323844,0.2877355016697996,60.64265150695391,0.29530145337970637,27641000.0,419536000.0
2012-05-04,1.8028153610229491,0.28108659386634827,60.36824753936781,0.289340363469563,59.47644178902179,0.28108659386634827,59.47644178902179,0.28773547141651235,37633000.0,545092000.0
2012-05-07,1.7616550827026367,0.2859013080596924,59.33923963010627,0.29094529374563105,58.310235474670904,0.2836085972319999,59.33923963010627,0.2861305900749692,46464000.0,604440000.0
2012-05-08,1.7369591903686523,0.2856720983982086,58.99624315603097,0.2875062454844129,57.89863967895508,0.2783354007282984,58.99624315603097,0.2833793598779067,45605000.0,462312000.0
2012-05-09,1.7410749435424804,0.2868184745311737,58.447432053582105,0.28911118588437845,57.28122947514724,0.27787688385491016,57.555631621186514,0.28062813201250075,40753000.0,520608000.0
2012-05-10,1.7554813385009764,0.28475502133369446,58.79044156694182,0.29002826297563833,57.83004177352003,0.28016959857222595,58.31024167023092,0.2895697261657466,28381000.0,597092000.0
2012-05-11,1.7595977783203125,0.3028673827648163,58.79045779032535,0.3136431454552834,57.9672562448602,0.3017210273578533,58.79045779032535,0.30836990511699985,33565000.0,1435140000.0
2012-05-14,1.7575397872924805,0.301033079624176,58.6532588323864,0.30561849928671,58.17305880680594,0.2941549501303751,58.17305880680594,0.30034526120854455,13924000.0,437472000.0
2012-05-15,1.7595977783203125,0.29805266857147217,58.79045779032535,0.3076820755140782,57.692853985109224,0.2966770585305769,58.58466002085295,0.3010331979903137,30654000.0,599940000.0
2012-05-16,1.7163789367675781,0.2920915186405182,57.9672332147606,0.30195017626058074,57.21263122558594,0.29117441832047936,57.761430293264915,0.2985111115557629,64877000.0,470484000.0
2012-05-17,1.7513650131225584,0.2900281548500061,58.37883377075195,0.2959892131500784,57.692831011439274,0.2900281548500061,58.17303608322957,0.2932379659851471,33612000.0,335364000.0
2012-05-18,1.6834509658813477,0.27695971727371216,57.55563705656538,0.29209164688228856,56.11503219604492,0.2755841071865825,57.55563705656538,0.29071600946389015,57538000.0,567288000.0
2012-05-21,1.6978567886352538,0.2817744016647339,56.8010292042209,0.28315003898919133,55.566222173517396,0.27558408836720905,55.566222173517396,0.27741826235606337,32372000.0,416260000.0
2012-05-22,1.6916831588745116,0.2783352732658386,56.869643819372286,0.2820036204208897,56.38943862915039,0.2742083895492214,56.73244009340018,0.28154508385932353,33935000.0,410140000.0
2012-05-23,1.627884635925293,0.28521353006362915,55.703426051042825,0.28567209415964967,54.194221963300784,0.27122798108555085,55.56622758262485,0.2753548666308258,62853000.0,496000000.0
2012-05-24,1.6587548446655274,0.277647465467453,55.29182815551757,0.28727687028807836,53.57682104626587,0.2755840371951829,54.12562541474095,0.2868183337088252,40831000.0,520420000.0
2012-05-25,1.6464068984985352,0.2842964231967926,55.22323138713837,0.28658913408295467,54.33142555693703,0.2774182905383064,54.74303146859093,0.2774182905383064,28205000.0,391752000.0
2012-05-28,1.6793352127075194,,56.046439672746075,,54.743038237304674,,54.880236735628856,,28830000.0,
2012-05-29,1.6937409210205077,0.29163312911987305,57.07542901361181,0.2934673035249541,56.252227773850294,0.2877355255911216,56.595229162715235,0.2888818811778881,40599000.0,310000000.0
2012-05-30,1.6813925170898436,0.2881940007209778,56.25222013521491,0.2904867114041485,55.08601766495012,0.28315004268425564,55.977818014627566,0.28842328272180173,75216000.0,379792000.0
2012-05-31,1.7513650131225584,0.28498420119285583,58.37883377075195,0.2893403403213833,54.67441782370634,0.28131585336684745,55.22322212467076,0.28819398504216387,81199000.0,358192000.0
2012-06-01,1.6443489074707032,0.27466705441474915,56.04643227225689,0.28177447009849227,54.81163024902344,0.2742085176389888,56.04643227225689,0.2790232221126565,66832000.0,440984000.0
2012-06-04,1.5743765258789062,0.2689351439476013,52.890818188651735,0.2776474477216115,52.204815345131514,0.2666424338666123,52.479217529296875,0.27604255613117124,65908000.0,432856000.0
2012-06-05,1.6093627166748046,0.27673056721687317,53.645423889160156,0.2774183861861207,52.959420999356134,0.2675597205103168,53.16522395981202,0.2675597205103168,37461000.0,365224000.0
2012-06-06,1.6011310958862304,0.28406721353530884,53.91983579992166,0.2847550324426176,53.165233532030996,0.2767305422969946,53.64543354783751,0.27879397168764414,33650000.0,368968000.0
2012-06-07,1.6422911453247069,0.27260351181030273,54.743038177490234,0.28979886606104677,53.91983148708294,0.2723742298522048,54.46863594735447,0.2881939470168854,47636000.0,526780000.0
2012-06-08,1.6031887435913086,0.2778768837451935,53.98842394381613,0.2787939573536032,52.82222115469464,0.2730621789728545,52.82222115469464,0.27352071577705933,34628000.0,370308000.0
2012-06-11,1.6546387481689453,0.28108659386634827,55.22322417068056,0.2918623562181197,54.60582061766733,0.28039880250880367,54.811623546600366,0.2868183980522742,36966000.0,839080000.0
2012-06-12,1.634058723449707,0.2868184745311737,54.74302628551688,0.28956972268876435,53.851220539751786,0.28383794430575254,53.851220539751786,0.28429648111013844,38319000.0,496128000.0
2012-06-13,1.6464068984985352,0.27925240993499756,55.429034342965316,0.28727689646247173,54.53722851276398,0.2778767727406391,55.429034342965316,0.28658907786529253,32241000.0,494276000.0
2012-06-14,1.629942626953125,0.2758135199546814,55.01742371399245,0.2810867633059407,54.26282166363923,0.27306227087224133,54.880225244395916,0.2787940511820266,30382000.0,589884000.0
2012-06-15,1.6073048400878907,0.2817744016647339,54.53723315557137,0.28200368366256573,53.57682800292969,0.27535480636937715,54.33143018222422,0.2778767990204602,83325000.0,385288000.0
2012-06-18,1.6628709411621092,0.2842964231967926,55.56622984607697,0.28658913408295467,54.88022700847108,0.2774182905383064,54.88022700847108,0.2797110014244685,33626000.0,304424000.0
2012-06-19,1.6566967391967773,0.30355527997016907,55.49762680287284,0.30791144804183057,54.880223244613745,0.2946136890849329,55.49762680287284,0.29598932686151563,28864000.0,960476000.0
2012-06-20,1.6793352127075194,0.308369904756546,55.977840423583984,0.3141016817846611,55.22323821522654,0.30470155652604486,55.77204267609771,0.30653573064129547,28945000.0,972720000.0
2012-06-21,1.6587548446655274,0.2943844199180603,55.566230339755116,0.3081406876847215,55.086030442679174,0.29369660106347234,55.22322891790478,0.3081406876847215,27004000.0,516376000.0
2012-06-22,1.6484646606445312,0.29805266857147217,55.566225574626294,0.30149176200187994,54.81162355802435,0.2939257837862507,54.88022278975436,0.29805266857147217,30162000.0,865360000.0
2012-06-25,1.638174705505371,0.288652628660202,55.429030042498354,0.29919911206997835,54.26282210627031,0.2875062729561514,55.429030042498354,0.29828203843924816,39476000.0,494616000.0
2012-06-26,1.6196526718139648,0.2918623983860016,54.262824581533565,0.29392582741929274,53.71402543985051,0.28613062070322415,54.19422534304648,0.29025750610107826,36877000.0,437152000.0
2012-06-27,1.632000617980957,0.3012624680995941,54.5372190569376,0.3033258967450886,53.6454133813602,0.29209162553070017,53.714017843932055,0.29209162553070017,31889000.0,506064000.0
2012-06-28,1.6443489074707032,0.30355527997016907,55.08603244322638,0.3053894545618541,54.53722805482049,0.29598932686151563,54.88022948912754,0.2985113203414921,33067000.0,545896000.0
2012-06-29,1.6731608963012694,0.31685301661491394,55.772029876708984,0.3175408355141007,54.40002427318636,0.3104334191079643,54.60582197344314,0.3106627011847853,47813000.0,616508000.0
2012-07-02,1.714321060180664,0.308369904756546,57.41843227235471,0.3186871034071531,55.90922820571485,0.3058479119316679,55.90922820571485,0.31845784872478977,61179000.0,581684000.0
2012-07-03,1.7328430938720703,0.3163943588733673,58.24164158591806,0.3170821775096845,57.212637336109566,0.3081405899000929,57.3498358092362,0.3083698718892872,59905000.0,219284000.0
2012-07-04,1.732832565307617,,58.40129569559155,,57.761085510253906,,58.40129569559155,,38922000.0,
2012-07-05,1.7285641479492186,0.31318455934524536,58.33014820240162,0.3157065244438931,57.40539977956494,0.3083698564631455,58.33014820240162,0.31433091457133916,26863000.0,280076000.0
2012-07-06,1.7264300537109374,0.30722352862358093,57.61880169468748,0.31180894993671,56.9785917015451,0.30378446263873415,57.61880169468748,0.31089184927532404,38090000.0,382760000.0
2012-07-09,1.707224006652832,0.3030966520309448,57.120872060106926,0.3067650001114489,56.62292846856181,0.3005746593091898,56.836333640240994,0.30538936274844297,45026000.0,306336000.0
2012-07-10,1.6880173873901367,0.29392579197883606,56.83632297932677,0.30882843948842464,55.91157464499932,0.2916330811821714,56.4806513779882,0.2998868509826715,33429000.0,512028000.0
2012-07-11,1.6666773605346679,0.2891111671924591,55.698183937610196,0.2985112940653617,55.05797386636157,0.28773552953696535,55.555912017822266,0.294842945204894,58592000.0,485216000.0
2012-07-12,1.6154605865478515,0.2842964231967926,55.12910634287932,0.2863598520618306,53.84868621826172,0.2817744302895065,55.12910634287932,0.2859013153508521,68200000.0,472160000.0
2012-07-13,1.6175945663452147,0.28796473145484924,54.06208535299235,0.2893403413962634,52.995070510499076,0.28269149168459706,53.27960888725424,0.2845256656044151,51423000.0,324260000.0
2012-07-16,1.611192398071289,0.2888818085193634,54.27549001757542,0.291174519116242,53.70641326904296,0.2833792866880951,54.27549001757542,0.2861305612693623,35444000.0,334460000.0
2012-07-17,1.596254653930664,0.2836085259914398,53.493021482518245,0.2914037572462459,52.99508327361394,0.27879382353019894,52.99508327361394,0.28979886553625295,51636000.0,447476000.0
2012-07-18,1.596254653930664,0.29942840337753296,53.564160164178375,0.30355528950564176,53.20848846435547,0.28154524837657935,53.35075497343686,0.2829208588650978,37193000.0,616008000.0
2012-07-19,1.6538730239868162,0.30240893363952637,55.48477241762223,0.3063065376856106,54.631162705121476,0.2994284032520702,54.631162705121476,0.30149185998089834,61961000.0,403036000.0
2012-07-20,1.6368006134033202,0.29369646310806274,54.77342557440789,0.302638049355106,54.20434885213833,0.2904866524047927,54.34662074626464,0.30057459376059065,48352000.0,451000000.0
2012-07-23,1.5855845260620116,0.29759418964385986,53.42188900714539,0.2996576461025497,52.49714583038994,0.2826915669888392,53.42188900714539,0.2859013517051036,57404000.0,451584000.0
2012-07-24,1.596254653930664,0.2943844199180603,53.20848846435547,0.299886916092215,52.78167808287242,0.290945352976395,52.852816764532555,0.29805274159040523,39904000.0,351164000.0
2012-07-25,1.5919862365722655,0.3001161217689514,53.493012770595946,0.30309665115938195,52.92394139983045,0.29209163428078255,53.35074628468421,0.29346724430856524,52097000.0,415044000.0
2012-07-26,1.628265151977539,0.30149176716804504,54.5600380919553,0.30905771818205163,53.49302296295654,0.2991990290647304,53.84869467262279,0.30561862469271384,46806000.0,338440000.0
2012-07-27,1.6922853469848633,0.30905768275260925,56.48064479271256,0.30997475602378993,54.91568667301603,0.3003453500200668,55.41363011310383,0.30263808786054885,72384000.0,376516000.0
2012-07-30,1.6858837509155273,0.3056184947490692,57.192006812684745,0.3129551879651984,56.05385853040188,0.3030965303708744,56.907468385334255,0.3090575867761652,37840000.0,363552000.0
2012-07-31,1.7285641479492186,0.3104333281517029,57.618804931640625,0.31478949501602144,55.84044675473813,0.30516008791135324,55.84044675473813,0.30561862459936884,67536000.0,387788000.0
2012-08-01,1.707224006652832,0.30699434876441956,57.26313855648041,0.31524812080664183,56.48066197218832,0.30561871098029053,56.97860013661448,0.3122675904952129,35881000.0,335912000.0
2012-08-02,1.707224006652832,0.3081406354904175,56.907466888427734,0.31272605730260433,56.907466888427734,0.3003454020109379,56.907466888427734,0.3053893878693594,0.0,367912000.0
2012-08-03,1.7029559326171875,0.3145602345466614,56.978597488548786,0.3177700462451066,56.338387430383776,0.3056186455273535,56.55179259214501,0.3129553423630739,46567000.0,326548000.0
2012-08-06,1.7264300537109374,0.3212091028690338,57.974473310086786,0.32281399500381347,57.405396554600635,0.3170822178572652,57.54766845703125,0.31754075456273523,58403000.0,360324000.0
2012-08-07,1.7371002960205078,0.3244189918041229,57.903343200683594,0.32785805920157945,57.40539965595206,0.32258481705922387,57.83220995918436,0.32510681074986986,40024000.0,407340000.0
2012-08-08,1.7178936767578123,0.3262529671192169,58.259004036340606,0.3296920324144638,56.978584218220725,0.32327243839708397,58.259004036340606,0.32418953887457336,39881000.0,517064000.0
2012-08-09,1.7563064575195313,0.33725807070732117,58.543548583984375,0.3379458894144944,57.83220537118805,0.3262530533863555,57.83220537118805,0.32671159008071476,54211000.0,822300000.0
2012-08-10,1.7499041748046875,0.33519473671913147,58.61467750977566,0.3489510054281631,57.76106246091744,0.33083856856250565,58.54354427915021,0.34619975715261203,29859000.0,1278744000.0
2012-08-13,1.7648426055908202,0.3395507335662842,59.610568799634635,0.3397800155467238,58.68582036843612,0.33427749399755524,59.610568799634635,0.3356531312176636,30234000.0,447244000.0
2012-08-14,1.7755131912231445,0.3345068097114563,59.610583453705,0.341155687170802,58.89924000164226,0.3331311723526213,59.04150652120688,0.3406971231636787,33268000.0,388828000.0
2012-08-15,1.771244888305664,0.33198481798171997,59.539434436053675,0.3384044134565388,58.68582461253706,0.33037992594583215,59.539434436053675,0.33565316606197865,27260000.0,594404000.0
2012-08-16,1.7691109085083008,0.3388631045818329,59.326035284805364,0.3400094603705347,58.685825197229974,0.3338191172465228,59.04149686509197,0.33496547303522456,27999000.0,371008000.0
2012-08-17,1.7499041748046875,0.33588242530822754,59.18374878189685,0.338862954505081,58.33013916015625,0.33290189611137405,59.04148232064596,0.338862954505081,27049000.0,309864000.0
2012-08-20,1.7584410095214844,0.33588242530822754,58.82810009229529,0.33634096195437446,58.25902859874228,0.33083844020681435,58.82810009229529,0.33473607002722744,20997000.0,314392000.0
2012-08-21,1.7840487670898437,0.33496537804603577,59.68169737364097,0.33909226318131924,58.82808225150766,0.33152631165517793,58.82808225150766,0.3370288342793126,36814000.0,340248000.0
2012-08-22,1.7584410095214844,0.3356532156467438,59.326043754663864,0.33702885321287535,58.25902859874228,0.33175561231773315,59.11263855263166,0.33290196784575227,33548000.0,313556000.0
2012-08-23,1.7648426055908202,0.32808718085289,58.89922552244147,0.3351945942644809,58.47241521443076,0.3267115436341096,58.6146871261405,0.3349653122842626,22336000.0,379040000.0
2012-08-24,1.7499041748046875,0.3347361087799072,58.54354427915021,0.33634100089285396,58.11673404116229,0.3273994122671183,58.54354427915021,0.32808723098160086,25460000.0,347724000.0
2012-08-27,1.771244888305664,0.3290042579174042,59.39716794117387,0.3354238801251367,58.61469136509716,0.3287750032657984,58.970363029415566,0.3345067795249184,25691000.0,340944000.0
2012-08-28,1.7584410095214844,0.3276287019252777,59.326043754663864,0.3308384862260489,58.33016185704644,0.3257945277542929,58.543567059078654,0.32648234648482094,31760000.0,310764000.0
2012-08-29,1.7648426055908202,0.32831647992134094,59.0414920070327,0.33037990852564425,58.401281972135145,0.3267115606388093,58.75695361073173,0.3273993792839991,18411000.0,250412000.0
2012-08-30,1.7648426055908202,0.3221260905265808,59.18375849162393,0.3287749666453368,58.543553883844886,0.3205211988190404,58.543553883844886,0.32762861152119904,45455000.0,307488000.0
2012-08-31,1.777646827697754,0.3216676712036133,59.2548942565918,0.32671163012228693,58.61468425307487,0.3184578866184406,58.61468425307487,0.3244189190382287,13487000.0,485064000.0
2012-09-03,1.7904516220092772,,59.68172073364257,,58.89924396908997,,59.397182248227026,,20728000.0,
2012-09-04,1.7925849151611328,0.30447229743003845,59.75283050537109,0.31754077190281965,59.39715889522007,0.30149179501609125,59.75283050537109,0.3163944164109105,21632000.0,694452000.0
2012-09-05,1.7499041748046875,0.3053893744945526,59.25488743963992,0.3099747961059167,58.2590059295308,0.3021795629678365,59.04148232064596,0.30561862917635957,43274000.0,480256000.0
2012-09-06,1.7306984710693358,0.3147895336151123,58.89923607990409,0.32304330433653233,57.61881578059855,0.3074528363821738,58.89923607990409,0.30768211841993,25755000.0,657296000.0
2012-09-07,1.788317070007324,0.30722352862358093,59.68170224277914,0.30928695728198224,58.899225720657064,0.29690630333777374,59.04149220572707,0.3067649919585214,44441000.0,781064000.0
2012-09-10,1.7819145584106444,0.30447229743003845,59.46828517530701,0.31089189365098396,59.18374683504749,0.3037845059999096,59.25488549045045,0.30653575371423747,16875000.0,371108000.0
2012-09-11,1.8011210632324217,0.3081406354904175,60.25076848386238,0.31295533932572167,59.7528304013649,0.3030966769632659,59.89509687433045,0.3042430324163126,31566000.0,382808000.0
2012-09-12,1.803254928588867,0.3115796744823456,60.39303597189092,0.31318459384066083,60.108497619628906,0.3076820717505818,60.108497619628906,0.3106626011329662,37428000.0,322608000.0
2012-09-13,1.8139257431030273,0.3136431872844696,60.46419143676758,0.31547736164647977,60.10851972243365,0.30768212744075474,60.10851972243365,0.3143310060866325,29565000.0,433836000.0
2012-09-14,1.8459356689453124,0.31731149554252625,61.53118896484375,0.322814018400787,60.81984573981665,0.3134138922666361,60.89097897689574,0.3134138922666361,51715000.0,339468000.0
2012-09-17,1.8459356689453124,0.30859920382499695,61.8868605773573,0.3179993304356414,61.033250878172026,0.305160137113484,61.81572734027821,0.3179993304356414,24786000.0,493348000.0
2012-09-18,1.8288634872436522,0.3106625974178314,61.531193029920225,0.31433094543401524,60.7487165161195,0.30493082072458616,61.531193029920225,0.3051600753935557,35483000.0,359952000.0
2012-09-19,1.835265884399414,0.31433096528053284,61.460067911822826,0.3186871049099343,60.53531936511498,0.30768208749780507,61.10439622879968,0.31135043574560445,41915000.0,451936000.0
2012-09-20,1.8203269958496093,0.3120383024215698,61.175504510465686,0.3152481147457343,60.535294656909514,0.30951633630752146,61.175504510465686,0.31364322224928975,24807000.0,320596000.0
2012-09-21,1.8288634872436522,0.3134138882160187,61.531193029920225,0.31524806247840037,60.677583274340975,0.31135045925288357,61.17552139390913,0.31249681475046326,50990000.0,340136000.0
2012-09-24,1.8373997497558594,0.31318455934524536,61.46006349050492,0.31364309596942996,60.53531501032169,0.3079113198389609,60.96211991382211,0.3083698564631455,30299000.0,357832000.0
2012-09-25,1.8331315612792969,0.3074527978897095,61.317785091616756,0.31868709703909043,60.96211347176488,0.3069942612028766,61.033252137429834,0.31731145964732355,35885000.0,481544000.0
2012-09-26,1.8438012313842773,0.30217957496643066,61.460041046142585,0.3065357420689574,60.46415968357793,0.29851125393044314,60.74869799104167,0.30630646004677764,36796000.0,436812000.0
2012-09-27,1.8694097900390625,0.30447229743003845,62.455931556096374,0.30493086149181875,61.31777815954581,0.3003454121929113,61.744588396811075,0.3028674052076198,53924000.0,558888000.0
2012-09-28,1.9163588333129882,0.30584803223609924,63.87862777709961,0.3102042008897142,62.95387935582764,0.2991991518694068,63.02501259735969,0.3030967836466622,58535000.0,485508000.0
2012-10-01,1.8971523284912108,0.30080389976501465,63.451810651358535,0.3090576681404662,62.811606119286175,0.29965754456460547,63.451810651358535,0.3072234943535587,38119000.0,504236000.0
2012-10-02,1.9120908737182616,0.30195027589797974,63.8786343821689,0.3028673491893772,63.23842428794566,0.29851121005834064,63.4518240346074,0.3028673491893772,23575000.0,295492000.0
2012-10-03,1.9163588333129882,0.2989698052406311,63.949761018631655,0.3035552272579495,63.52295614232092,0.2973649130008239,63.736355866917066,0.30263815378699427,26330000.0,430872000.0
2012-10-04,1.9334310150146483,0.312267541885376,64.44770050048828,0.31410171620160177,63.66522397283801,0.29805271143307976,63.949762372106804,0.2996576310418222,36462000.0,502608000.0
2012-10-05,1.9419669342041015,0.30493080615997314,64.94563627078654,0.3163943589989223,64.30542630595501,0.30378445087607825,64.73223114013672,0.3131845751365229,35197000.0,483068000.0
2012-10-08,1.9014206314086914,0.30195027589797974,64.73224108544622,0.3051600597491365,63.30955446818366,0.29965756533822036,64.73224108544622,0.3037844498120404,38011000.0,240596000.0
2012-10-09,1.8587404632568358,0.29553064703941345,62.95389738998496,0.3024087779314545,61.95801544189453,0.29461354652171706,62.02914870380385,0.30149170474502074,60022000.0,366360000.0
2012-10-10,,0.29048678278923035,,0.2955307693967439,,0.28934042716593616,,0.2941551317162813,,326568000.0
2012-10-11,1.8245958709716796,0.2920915186405182,60.962128878771246,0.2941549465309062,60.321924142933,0.2897988088373063,60.53532391250588,0.29323787354212416,74170000.0,320516000.0
2012-10-12,1.841667594909668,0.2895696759223938,61.388919830322266,0.29232092363564965,60.67757663612209,0.2877355016697996,60.890976338111415,0.29002821265272466,23657000.0,260696000.0
2012-10-15,1.8438012313842773,0.29323798418045044,61.460041046142585,0.2934672388485151,60.74869799104167,0.28658910684376876,61.24663595876558,0.2900281728461419,19093000.0,249580000.0
2012-10-16,1.8672756958007812,0.3017210364341736,62.242523193359375,0.3026381371860933,61.67344652474459,0.293008729612919,61.67344652474459,0.29575997720613895,29187000.0,367696000.0
2012-10-17,1.865141487121582,0.29942840337753296,62.598187643471235,0.3008040411973281,61.53117308136662,0.29507223516903275,62.4559212060373,0.2980527655577378,34739000.0,391752000.0
2012-10-18,1.8800802612304688,0.294842928647995,62.74047528377176,0.29874053201132617,61.88686551646109,0.2936965731098816,61.88686551646109,0.29874053201132617,20400000.0,254772000.0
2012-10-19,1.850203514099121,0.277647465467453,62.10026071229334,0.2925501092776442,61.31777888611362,0.2760425737744361,61.31777888611362,0.2904866536741123,27597000.0,709412000.0
2012-10-22,1.835265884399414,0.2744377553462982,61.388934660642036,0.28039881446176024,60.89099104813812,0.27214504450670035,61.388934660642036,0.27879389500902646,20015000.0,480840000.0
2012-10-23,1.8288634872436522,0.2826915979385376,61.38892654636317,0.28452577254775807,60.89098299967655,0.2712280134637286,61.1043881521306,0.2719158323585958,16134000.0,573948000.0
2012-10-24,1.8224616622924803,0.2790231704711914,61.46006541354707,0.2856720481486033,60.53531690442911,0.2762719229945551,60.53531690442911,0.2845256927557325,28246000.0,332916000.0
2012-10-25,1.8096577835083008,0.27925240993499756,60.89099761487995,0.2842963674288713,60.108520913267284,0.27810605471678695,60.74873109717574,0.2813158383952709,36358000.0,307356000.0
2012-10-26,1.8630078506469725,0.2762719392776489,62.81160486712572,0.281315897837311,61.38891850933911,0.2762719392776489,61.53118497427067,0.27971100565895535,65197000.0,389376000.0
2012-10-29,1.8800802612304688,,63.38068532281403,,62.31367040011642,,62.81161395364643,,36010000.0,
2012-10-30,1.8779458236694335,,63.309537237340756,,62.38478901695966,,63.16727078518241,,30286000.0,
2012-10-31,1.8928848266601561,0.27466705441474915,63.16729957429047,0.27971104094193383,62.527089393561354,0.27397926291674535,62.5982226520602,0.2774183297318584,25911000.0,347112000.0
2012-11-01,1.9035544967651365,0.2877355217933655,63.4518165588379,0.2879648038402018,62.38480166988579,0.2758134019833328,63.02501168868073,0.2760426840301691,35973000.0,473220000.0
2012-11-02,1.9184925842285157,0.28635984659194946,64.09201927241457,0.29117455029343,63.665214450904685,0.28452569978307035,64.02088604001588,0.2907160135912102,38858000.0,256700000.0
2012-11-05,1.9270291900634764,0.29851123690605164,64.23430633544922,0.29965759228903305,63.16729131610368,0.2856720456841527,63.94976791153327,0.2856720456841527,31435000.0,444840000.0
2012-11-06,1.9291632843017577,0.2982819974422455,64.4477093155928,0.2991990709469296,63.80749918645024,0.29323803850393854,64.4477093155928,0.2991990709469296,26333000.0,350804000.0
2012-11-07,1.9419669342041015,0.2891111671924591,64.73223114013672,0.2978234752376148,64.02088794079455,0.28773552953696535,64.37655954046564,0.29598930080738095,22025000.0,324620000.0
2012-11-08,1.9312966918945311,0.2907159626483917,64.66109474774872,0.29988680441083637,63.94975158314668,0.2900281440499555,64.58996151671205,0.29232085449056666,39566000.0,839024000.0
2012-11-09,1.9376994323730468,0.27948158979415894,64.66111433168238,0.2957598404694021,63.66523251419294,0.2785645167974932,64.23430938907813,0.29232077573502036,36639000.0,846280000.0
2012-11-12,1.9483689880371093,0.27329131960868835,65.30130451597077,0.28108652323987454,64.44768946433909,0.2705400455447299,64.73222781488299,0.27994016815697886,29882000.0,643624000.0
2012-11-13,1.9270291900634764,0.2712279260158539,64.73224450696286,0.2781060854156299,63.52296298921886,0.27099867134566397,64.73224450696286,0.27191574468895824,37000000.0,492120000.0
2012-11-14,1.9312966918945311,0.26457908749580383,64.66109474774872,0.27558410475196227,63.66521323188233,0.2643498054843401,64.02088481418336,0.2728328572707398,30190000.0,619300000.0
2012-11-15,1.9248948669433592,0.26572543382644653,64.44770063129161,0.27306210263653546,63.30955245902499,0.2638912597911074,63.94976250189952,0.26618397050246445,25043000.0,466688000.0
2012-11-16,1.9248948669433592,0.2609107792377472,64.23430090174583,0.2666425570890222,63.45181894538885,0.25563753814831963,63.45181894538885,0.26572548356532727,32472000.0,624552000.0
2012-11-19,1.9206264495849608,0.26824751496315,64.37655321756999,0.2691646160421967,63.80747654314231,0.2625157357114057,63.80747654314231,0.2657255484911501,23037000.0,404092000.0
2012-11-20,1.9291632843017577,0.26513227820396423,64.3054428100586,0.26836277041923207,63.87863786633665,0.2623632534393378,64.02090437187087,0.2672090192698368,21424000.0,336976000.0
2012-11-21,1.9312966918945311,0.2727471888065338,64.66109474774872,0.27343941786448456,63.451808111654664,0.2649016602428415,64.23428993441102,0.2651324216005665,30032000.0,422312000.0
2012-11-22,1.9483689880371093,,64.94563293457031,,64.2342897717694,,64.2342897717694,,20745000.0,
2012-11-23,2.0379981994628906,0.27459320425987244,67.93327331542969,0.27782369830604786,65.0879006111185,0.2725164345093773,65.15903384330272,0.2739009476763741,63873000.0,276932000.0
2012-11-26,2.033730239868164,0.2794387936592102,68.00440769576109,0.28013104986697535,67.50646963494682,0.27459305522005,67.93327446237588,0.2750545501893608,34282000.0,364600000.0
2012-11-27,2.0550707244873045,0.28059256076812744,68.50235748291016,0.2847460707429536,67.07967097590989,0.2759775557977871,67.29307069568893,0.27828505828295724,48731000.0,451404000.0
2012-11-28,2.0465345764160157,0.2829000949859619,68.36008569396552,0.28428460763540336,67.79101434645388,0.2759775867539595,68.14668597381802,0.2794388408699607,54692000.0,398332000.0
2012-11-29,2.0593379974365233,0.2778235673904419,69.21367648883404,0.2847460749481865,67.93325691025493,0.27690057738578255,68.28892841240285,0.2833615899411975,48637000.0,488688000.0
2012-11-30,2.106286697387695,0.27620819211006165,70.28069522599495,0.2796694442721633,68.21779930393262,0.27459294660259825,68.28893252322096,0.2775926764703501,74919000.0,460504000.0
2012-12-03,2.089215774536133,0.2711317837238312,70.13846406901203,0.27966956474076243,68.85804909731253,0.2704395549993006,69.92506428728873,0.27966956474076243,41656000.0,391380000.0
2012-12-04,2.0614730072021485,0.27920815348625183,69.14257183368814,0.27966964861020177,67.79102380286676,0.2699781134692173,68.92917208377276,0.27159338766445273,41419000.0,528068000.0
2012-12-05,2.067874603271484,0.2759774625301361,69.07141990385146,0.2787464590750273,67.29306199990515,0.27205471513257434,67.29306199990515,0.27690047971682663,60447000.0,633024000.0
2012-12-06,2.0614730072021485,0.2764391005039215,68.92917208377276,0.2782851083255356,68.3600952297602,0.2743623588968584,68.71576690673828,0.27528534905386326,33074000.0,412896000.0
2012-12-07,2.0934828186035155,0.2759774625301361,70.06729896020138,0.27805423056949713,69.0714174834654,0.2727469711456947,69.0714174834654,0.27666971854325645,37005000.0,338288000.0
2012-12-10,2.0593379974365233,0.285207599401474,69.71161442099458,0.2872843683878075,68.64459991455078,0.2752853320425988,69.64048120598828,0.2759775883713766,28995000.0,513644000.0
2012-12-11,2.0977507781982423,0.29189926385879517,69.9250259399414,0.29559127788201073,68.78687268644164,0.28543825307196413,69.21368287006251,0.28613050913976606,40565000.0,816724000.0
2012-12-12,2.099885330200195,0.2888995409011841,70.0673109137169,0.29443756260689313,69.1425625074601,0.2877457898176108,69.92504443296279,0.2928223165914097,32453000.0,399404000.0
2012-12-13,2.1169573974609373,0.2891303598880768,70.70751848498135,0.2946683551926605,69.64050363488742,0.2863613622357849,69.92504201366944,0.2884381035981035,39860000.0,377556000.0
2012-12-14,2.099885330200195,0.29051482677459717,70.13844415409396,0.2935145855049664,69.35596765570962,0.2882073242908669,69.85390576546737,0.2902840930307838,32975000.0,338660000.0
2012-12-17,2.0700084686279294,0.2893611490726471,69.49822029820763,0.29143791834036614,68.43120562365715,0.284976904242362,68.57347750320092,0.2898226716927667,46575000.0,445232000.0
2012-12-18,2.063606414794922,0.28982245922088623,68.78688049316406,0.2930529501477784,67.57759930797366,0.28843794739074036,67.57759930797366,0.28936093693911347,35265000.0,416436000.0
2012-12-19,2.076411666870117,0.29189926385879517,69.2137222290039,0.2953605166902126,68.43124006547879,0.29074551291498935,68.78691180267384,0.29189926385879517,27857000.0,458544000.0
2012-12-20,2.048668899536133,0.2916686236858368,68.92917343439998,0.29328387002350714,67.64875320134222,0.288438103502895,68.3600965692367,0.29305310875772517,35458000.0,334332000.0
2012-12-21,2.0230602264404296,0.2849768102169037,68.6446222105832,0.28774580748598433,67.29306897800818,0.28174629047997846,67.6487405956796,0.28774580748598433,34230000.0,462172000.0
2012-12-24,2.0315961456298828,0.2826693654060364,68.57348663052542,0.28566912451922233,67.6487382853148,0.281746347790193,68.2889482606823,0.2847461069033789,16019000.0,127376000.0
2012-12-25,2.0593379974365233,,69.21367648883404,,68.00439012526122,,68.28892841240285,,15925000.0,
2012-12-26,2.048668899536133,0.28243857622146606,69.21371186698161,0.28659208631340527,68.2889633178711,0.28128482494634965,68.64463500181834,0.2819770812129395,11988000.0,196740000.0
2012-12-27,2.040132064819336,0.28059256076812744,68.78687851842895,0.2833615857564112,67.9332689330491,0.27736206829192894,68.43120695333445,0.2829000632532976,24172000.0,299804000.0
2012-12-28,2.0700084686279294,0.27920815348625183,69.00028228759766,0.2835923984251871,68.21780594501742,0.2775928792910164,68.85801583517117,0.2780544019225734,25594000.0,220600000.0
2012-12-31,,0.2829000949859619,,0.2840538463579623,,0.2775928331732396,,0.27828508949796027,,326460000.0
2013-01-02,2.1254933166503904,0.293514609336853,71.06318233923486,0.29374537060700245,69.07141933244516,0.28866887023212984,69.42709091029207,0.2898226215676737,40527000.0,478836000.0
2013-01-03,2.15536994934082,0.2937452793121338,72.55700819563158,0.29697577104459194,71.13432176042312,0.29028402638124595,71.48999336922523,0.29351451811370405,44107000.0,298888000.0
2013-01-04,2.1660399627685547,0.30343693494796753,72.20133209228516,0.30435992510801113,71.13431733230064,0.29328390564946566,71.48998891896215,0.29420689580950926,39278000.0,524968000.0
2013-01-07,2.14469970703125,0.2946683168411255,71.84566182758086,0.3041290873883567,70.49410868797507,0.2925915757490979,71.84566182758086,0.303206097460255,40288000.0,610732000.0
2013-01-08,2.1276276397705076,0.2882072925567627,71.13432647595883,0.2962835778681496,70.35184997014697,0.2861305515531123,70.84978808463131,0.29536056047173,31090000.0,466424000.0
2013-01-09,2.1340301513671873,0.28174638748168945,71.49001007080078,0.2918994176406746,70.56526150102727,0.2799004070051529,71.49001007080078,0.2905149047756654,26137000.0,695020000.0
2013-01-10,2.15536994934082,0.2822079062461853,71.84566497802734,0.2856691608537315,70.778650151621,0.280592632089912,71.0631885240863,0.28428464800767045,35738000.0,506368000.0
2013-01-11,2.15536994934082,0.28174638748168945,72.20133658682946,0.2835923954658328,71.48999336922523,0.2789773892592778,72.20133658682946,0.28336166166006915,22418000.0,513172000.0
2013-01-14,2.176710662841797,0.28151562809944153,72.55702209472656,0.2835923697006708,71.13433538698682,0.27828510754379077,71.8456787408567,0.2835923697006708,23448000.0,305684000.0
2013-01-15,2.14469970703125,0.2764391005039215,72.55700501399254,0.28013111614714975,70.99205217473394,0.2748238539753608,72.55700501399254,0.28013111614714975,35617000.0,375888000.0
2013-01-16,2.1169573974609373,0.27897727489471436,71.48999495629326,0.28128477705204935,70.56524658203125,0.2759775165886598,71.48999495629326,0.2759775165886598,34626000.0,337376000.0
2013-01-17,2.1190914916992187,0.2826693654060364,71.84566434506682,0.28382311679513844,70.06730631672359,0.2792081112387302,71.48999273939818,0.279900367573712,33698000.0,580736000.0
2013-01-18,2.1660399627685547,0.280823290348053,72.20133209228516,0.28266929762951376,71.48998891896215,0.27736203701066253,72.20133209228516,0.28266929762951376,49737000.0,397088000.0
2013-01-21,2.14469970703125,,71.84566182758086,,71.13431864116916,,71.84566182758086,,17257000.0,
2013-01-22,2.15536994934082,0.2794387936592102,71.84566497802734,0.2831308084288923,71.0631885240863,0.2780543087512778,71.84566497802734,0.28059254483628615,21797000.0,308224000.0
2013-01-23,2.15536994934082,0.27990034222602844,72.20133658682946,0.2805925709907193,71.13432176042312,0.27690058338449963,72.20133658682946,0.28036183723835584,23184000.0,421808000.0
2013-01-24,2.13189582824707,0.28128474950790405,71.48999915458062,0.2824385004735932,70.56525072601228,0.2775927354146617,71.13432751699564,0.27897724757652576,39614000.0,396980000.0
2013-01-25,2.1126898956298827,0.28636133670806885,71.06320666570177,0.2865920704457571,69.71165312179411,0.2803618194065966,71.06320666570177,0.2817463043555219,47836000.0,393920000.0
2013-01-28,2.1190914916992187,0.2909764051437378,70.77864952806088,0.29282241298666806,70.13843955243371,0.2870536281621592,70.20957278814384,0.28774588454170863,29117000.0,422492000.0
2013-01-29,2.15536994934082,0.28474611043930054,72.20133658682946,0.29051486745644617,70.92091662429462,0.2835923590358714,71.13432176042312,0.2898226386204713,35346000.0,388872000.0
2013-01-30,2.1660399627685547,0.28428465127944946,72.55700367894666,0.28889965747595764,71.48998891896215,0.28336166104319055,72.55700367894666,0.28497690771044704,27884000.0,287592000.0
2013-01-31,2.1660399627685547,0.2829000949859619,72.20133209228516,0.28751512798156603,71.13431733230064,0.2810541147968433,71.48998891896215,0.28428460763540336,39667000.0,470544000.0
2013-02-01,2.1660399627685547,0.28543826937675476,72.20133209228516,0.28636128668907934,71.48998891896215,0.2829000061523545,72.20133209228516,0.28520750817177515,22085000.0,288816000.0
2013-02-04,2.1980509185791015,0.28059256076812744,73.26836395263672,0.28959183696485075,72.55702061329073,0.28036182702417006,72.55702061329073,0.2838230807519253,33911000.0,511744000.0
2013-02-05,2.1980509185791015,0.28705358505249023,73.26836395263672,0.28866885886472554,72.20134894361775,0.28105409484847527,73.26836395263672,0.28197708487752354,17175000.0,367296000.0
2013-02-06,2.240731201171875,0.28474611043930054,74.6910400390625,0.2870536132461588,73.26835356212797,0.27851585836230386,73.6240251813616,0.280131104825584,30600000.0,530688000.0
2013-02-07,,0.2835923135280609,,0.28613057721133334,,0.2808233161056902,,0.283823074774758,,440000000.0
2013-02-08,,0.28543826937675476,,0.2877457713961754,,0.28359226225969947,,0.28543826937675476,,307232000.0
2013-02-11,,0.2886689305305481,,0.2916686901310852,,0.28497691448256274,,0.28774591276474804,,408308000.0
2013-02-12,,0.2868228554725647,,0.29005334812884087,,0.28566910416566593,,0.28613059918690525,,277804000.0
2013-02-13,,0.28543826937675476,,0.2923607754350167,,0.28451527957202405,,0.28705351528883044,,856396000.0
2013-02-14,,0.2937452793121338,,0.2939760405105636,,0.27805426052392346,,0.28151551345481135,,882096000.0
2013-02-15,,0.2937452793121338,,0.29512979148752616,,0.2872842683396245,,0.2930530232244376,,733860000.0
2013-02-18,2.283412628173828,,77.18076951927114,,75.75808252352421,,76.11375427246094,,63701000.0,
2013-02-19,2.283412628173828,0.28982245922088623,77.18076951927114,0.29420670083703787,75.75808252352421,0.2879764526165538,77.18076951927114,0.29397596720373775,21802000.0,433552000.0
2013-02-20,2.3260922241210937,0.28566914796829224,77.89207906460543,0.2953606549307536,76.82506428289851,0.28474613027668316,77.18073587680081,0.2907456489955239,40532000.0,713012000.0
2013-02-21,2.283412628173828,0.2835923135280609,77.18076951927114,0.2884380796479087,76.11375427246094,0.28290005729556855,77.18076951927114,0.2852075597321439,30260000.0,580408000.0
2013-02-22,2.2514009857177735,0.2888995409011841,75.7580426473753,0.289130302120937,74.691027962201,0.28382304163498084,75.40237108565054,0.28543828765046425,39344000.0,370148000.0
2013-02-25,2.240731201171875,0.2838229835033417,76.11372651599702,0.29189923943420387,74.6910400390625,0.2833614886659533,75.7580548967634,0.2895917377396718,35913000.0,644444000.0
2013-02-26,2.208720245361328,0.2871894836425781,74.69102278999661,0.2888146393740001,72.9126651045205,0.28347481824816406,73.62400817871094,0.2844034984349465,38440000.0,487504000.0
2013-02-27,2.2300611877441407,0.29252925515174866,74.33537292480469,0.2946187644603335,71.84567143928491,0.28649293182875213,72.557014720862,0.28718943493161375,80851000.0,476980000.0
2013-02-28,,0.2939223349094391,,0.2983334762041641,,0.29043984620001617,,0.2916006757698238,,591392000.0
2013-03-01,2.240731201171875,0.29508310556411743,74.6910400390625,0.2960117579640084,72.91268194289434,0.28927895887391225,73.26835356212797,0.2918327668117898,31408000.0,389396000.0
2013-03-04,2.176710662841797,0.2939223349094391,74.33538047940124,0.2967083203417054,72.20135041779163,0.29067199550816164,74.33538047940124,0.29299365464777694,50033000.0,353680000.0
2013-03-05,2.219391174316406,0.2971726357936859,73.97970581054688,0.2976369620693986,72.91269082289476,0.2941544734870147,73.62403414799617,0.2955474799905119,53913000.0,366168000.0
2013-03-06,2.219391174316406,0.29694047570228577,74.33537747309758,0.3018159429346185,73.26836248544546,0.29554746924941466,73.97970581054688,0.29902995770523433,35977000.0,342928000.0
2013-03-07,2.1980509185791015,0.2962440252304077,73.9797072919827,0.30158384734884125,73.26836395263672,0.2946188691968922,73.62403562230972,0.29856568461439076,20518000.0,314824000.0
2013-03-08,2.208720245361328,0.2976369857788086,74.33535125290138,0.29902999239327105,72.55699356742527,0.29554750353347614,73.26833664161572,0.2969405101479386,44571000.0,246464000.0
2013-03-11,2.176710662841797,0.29485103487968445,73.97970880246629,0.29601186463604684,72.55702209472656,0.29229719834514145,72.55702209472656,0.2946188855342307,35709000.0,299748000.0
2013-03-12,2.1873802185058593,0.2957795262336731,73.26834553044017,0.29670817837463953,72.20133078970561,0.29160053624663046,72.55700236995045,0.2943865203458766,29992000.0,310856000.0
2013-03-13,2.2300611877441407,0.2957795262336731,74.69104456559323,0.30088716836168217,72.557014720862,0.29299351445808014,72.91268636165053,0.2957795262336731,57399000.0,485840000.0
2013-03-14,2.219391174316406,0.29601171612739563,74.33537747309758,0.29856555138068314,73.26836248544546,0.29415438391376386,73.97970581054688,0.29763687143569195,32329000.0,383304000.0
2013-03-15,2.1980509185791015,0.2934580147266388,74.6910506313287,0.29601182322757036,73.26836395263672,0.2922971574563018,74.6910506313287,0.29601182322757036,34424000.0,355776000.0
2013-03-18,2.14469970703125,0.2913684546947479,72.55700501399254,0.29415443970543237,71.489990234375,0.2892789728558236,72.55700501399254,0.2916006316441199,43902000.0,298312000.0
2013-03-19,2.1340301513671873,0.2895110845565796,72.20135345458984,0.29299357228707273,70.84979993996676,0.28742160298882463,71.8456817626953,0.2916005938006868,47215000.0,355480000.0
2013-03-20,2.1084214782714845,0.2929936647415161,70.77865405129332,0.2939223450351716,70.28071594238281,0.28974335290462433,70.77865405129332,0.2922971614403647,61605000.0,340588000.0
2013-03-21,2.106286697387695,0.28835031390190125,71.48997623524694,0.29183280233998815,70.20955657958984,0.28788598764542794,70.28069522599495,0.2913684760835148,56415000.0,339032000.0
2013-03-22,2.0913491821289063,0.2897433340549469,70.49411590402347,0.29090416358922605,69.71163940429688,0.2881181782422279,70.13844427440972,0.28927900777650706,44822000.0,232476000.0
2013-03-25,2.1233596801757812,0.2881181836128235,71.48999928230018,0.29160067228057546,70.56525085207974,0.28602867380635644,71.06319440185939,0.2913684952988481,24203000.0,362076000.0
2013-03-26,2.1126898956298827,0.2902076542377472,70.70753496610078,0.29043983121027,70.28073001200347,0.2876538182454311,70.56526302998871,0.2888146477553278,27183000.0,232540000.0
2013-03-27,2.14469970703125,0.29369014501571655,71.489990234375,0.2953153008067412,70.28070898832226,0.28835032369404245,70.42297545475746,0.2890468269405841,25674000.0,254944000.0
2013-03-28,2.1340301513671873,0.29786908626556396,71.49001007080078,0.2981012632004601,70.63640018110164,0.29090411033493063,71.13433837890625,0.292993592043579,27872000.0,349276000.0
2013-03-29,2.14469970703125,,71.84566182758086,,70.99205217473394,,71.13431864116916,,18943000.0,
2013-04-01,2.15536994934082,0.2881181836128235,72.55700819563158,0.2971726430784348,71.48999336922523,0.28602867380635644,71.84566497802734,0.2971726430784348,15964000.0,442828000.0
2013-04-02,2.14469970703125,0.28509995341300964,71.84566182758086,0.2890467674289943,70.99205217473394,0.28324262103008946,71.489990234375,0.28835026432585514,22291000.0,371524000.0
2013-04-03,2.14469970703125,0.2816174328327179,72.2013334207867,0.2862607494120081,71.13431864116916,0.27952792376622737,72.2013334207867,0.28463556646817656,26312000.0,353156000.0
2013-04-04,,0.28440338373184204,,0.28533203586773076,,0.2797600676997053,,0.280688719835594,,294676000.0
2013-04-05,,0.289279043674469,,0.289279043674469,,0.27952805223539134,,0.28022455557766296,,551352000.0
2013-04-08,2.1020187377929687,0.28858256340026855,70.7786343182404,0.28951121614662156,70.06729125976562,0.28324274091782664,70.42296278900302,0.28951121614662156,53948000.0,326660000.0
2013-04-09,2.0806787109375,0.2932259142398834,70.06730018028846,0.2953153969836422,69.35595703125,0.28672526128232473,69.71162860576923,0.28881474402608354,40543000.0,380584000.0
2013-04-10,2.0977507781982423,0.29786908626556396,70.28069747488085,0.298333412459002,69.49821575632053,0.292761442785037,70.28069747488085,0.2934579459133712,34877000.0,384688000.0
2013-04-11,2.1660399627685547,0.2964760661125183,72.20133209228516,0.2983333984755681,70.28070769516012,0.2855642765345859,70.42297415897764,0.29369008140612,54072000.0,969220000.0
2013-04-12,2.14469970703125,0.3039054870605469,72.2013334207867,0.30715579891718015,71.13431864116916,0.29531532575477387,72.2013334207867,0.2978691619823866,18954000.0,770548000.0
2013-04-15,2.121225814819336,0.2976369857788086,71.8456753883028,0.30390548786752836,70.49412199359412,0.29577968052800696,71.49000372796466,0.3029768075657663,23233000.0,430420000.0
2013-04-16,2.14469970703125,0.30088719725608826,71.84566182758086,0.3029766786120905,69.85389873478098,0.29879768822373654,69.85389873478098,0.30042287114101546,33395000.0,468844000.0
2013-04-17,2.1340301513671873,0.29694047570228577,72.20135345458984,0.3013516166757808,70.9209331929218,0.295083142990577,72.20135345458984,0.2985656314463967,35304000.0,532948000.0
2013-04-18,2.13189582824707,0.29113632440567017,71.8456707921656,0.2994943084536098,70.70752263731737,0.29113632440567017,71.13432751699564,0.2976369755900276,32242000.0,402548000.0
2013-04-19,2.2727414703369138,0.2918328642845154,75.75804901123047,0.2927615446709419,75.04670582802643,0.287189545381474,75.04670582802643,0.2909042115744526,66723000.0,303028000.0
2013-04-22,2.3154224395751952,0.2922970950603485,77.89209128524851,0.2948509306924796,76.46940468643118,0.2892789609013724,77.18074798583984,0.2916006195937262,72170000.0,245568000.0
2013-04-23,2.2620714569091795,0.29995861649513245,76.46939673513735,0.3029767508003915,75.04671028425108,0.29438661875760697,75.75805350969422,0.29485094498331177,45835000.0,376948000.0
2013-04-24,2.2620714569091795,0.31017404794692993,76.11372512241579,0.3127278848866688,74.33536705880795,0.30065523136394195,75.75805350969422,0.3008874084225978,35383000.0,556556000.0
2013-04-25,2.283412628173828,0.31272774934768677,76.11375427246094,0.3134242525454148,75.04673902565074,0.30901308407737527,75.40241077458748,0.31179909686828733,26145000.0,353224000.0
2013-04-26,2.3154224395751952,0.3113347589969635,77.53641963554418,0.31272776546420855,76.11373303672686,0.30970960323608315,76.11373303672686,0.31226343920057964,36420000.0,324332000.0
2013-04-29,2.304751968383789,0.3150494396686554,77.1807372128522,0.31621026922194934,76.46939401273374,0.3104061214554797,77.1807372128522,0.3117991279899763,21008000.0,269712000.0
2013-04-30,2.3367626953125,0.3196927011013031,77.89208984375,0.3196927011013031,77.1807465575057,0.31365637742574054,77.1807465575057,0.31574588685636823,34314000.0,276712000.0
2013-05-01,,0.31690680980682373,,0.32178230557532017,,0.31574598011683536,,0.31969279552752333,,341316000.0
2013-05-02,2.3581029510498044,0.32062146067619324,78.95910333831925,0.3215501133135868,77.53641679168287,0.31481728482521776,78.24776006500106,0.3166746177763665,37313000.0,323480000.0
2013-05-03,2.34743293762207,0.32201436161994934,80.02612287347966,0.3243360203273417,78.24776458740234,0.3208535322662532,79.31477955904873,0.32271086476743804,36502000.0,293864000.0
2013-05-06,2.3794432067871094,0.32108569145202637,79.31477355957031,0.3238716762115659,78.60343029894636,0.31922835905354896,79.31477355957031,0.3220143438130884,19268000.0,217116000.0
2013-05-07,2.400783462524414,0.31690680980682373,80.38178704155817,0.32178230557532017,78.9591005452474,0.31388864707758135,79.67044379340278,0.32108580222605454,19273000.0,448068000.0
2013-05-08,2.443463973999023,0.32271093130111694,81.80447074523659,0.3245682641852302,80.02611268555754,0.31621028004490076,80.02611268555754,0.3173711096379265,40914000.0,334032000.0
2013-05-09,2.454133987426758,0.3229430913925171,82.51580943231997,0.32433607022544503,81.4487946551779,0.3164424404764425,82.51580943231997,0.31690676675408513,27151000.0,566800000.0
2013-05-10,2.443463973999023,0.33756959438323975,81.80447074523659,0.33896260107966153,80.73745590942916,0.3296759358974546,81.80447074523659,0.3296759358974546,27413000.0,861136000.0
2013-05-13,2.443463973999023,0.33060458302497864,82.1601423571724,0.33664090786761486,81.09312752136496,0.3292115764685672,81.80447074523659,0.3352479013112034,18197000.0,289812000.0
2013-05-14,2.4648037719726563,0.33548012375831604,82.87146881235626,0.33826610957231895,81.80445419245467,0.3313011311991297,82.16012573242188,0.33455144336940584,27714000.0,454140000.0
2013-05-15,2.454133987426758,0.3412841260433197,82.51580943231997,0.34244495527436425,80.73745147041652,0.333854796823553,81.8044662475586,0.333854796823553,25970000.0,313172000.0
2013-05-16,2.422123489379883,0.3396590054035187,82.51580756771408,0.34430232280272566,80.3817780616525,0.33849814837736214,81.80446439902688,0.3408198347533204,44164000.0,308368000.0
2013-05-17,2.422123489379883,0.34523096680641174,80.7374496459961,0.34755262544948795,79.31476330862172,0.33873031707052753,79.67043489296532,0.341284152648453,19214000.0,312116000.0
2013-05-20,2.432794418334961,0.3445345163345337,81.09314727783203,0.3459275228038187,80.02613218207108,0.3426771836009398,80.02613218207108,0.34383801309989115,14472000.0,236380000.0
2013-05-21,2.400783462524414,0.3481513261795044,80.73745866563586,0.3495514083435706,79.67044379340278,0.34255105315711704,80.38178704155817,0.34651791553271966,17184000.0,357784000.0
2013-05-22,2.3901136779785155,0.3360174000263214,80.73747096742903,0.34955142631258185,78.95911257607597,0.33461731779028264,80.02612761088781,0.34955142631258185,31200000.0,480404000.0
2013-05-23,2.304751968383789,0.34138429164886475,79.31476681320756,0.34255101739145616,76.82506561279297,0.3311170884238988,78.6034236130891,0.3320504578911976,46370000.0,393884000.0
2013-05-24,2.3367626953125,0.3392842411994934,78.60343312999429,0.34231773434252316,77.1807465575057,0.3355507068977734,77.89208984375,0.33951759752470406,26614000.0,283304000.0
2013-05-27,2.3901136779785155,,79.67045593261719,,77.89209754126414,,77.89209754126414,,19085000.0,
2013-05-28,2.3367626953125,0.33905088901519775,80.02611970248287,0.34278442336251636,77.89208984375,0.3357840673240006,79.67044805936072,0.3418510536841578,21209000.0,279300000.0
2013-05-29,2.3687731933593748,0.33695080876350403,79.67044974662161,0.33905090454447084,78.60343479465794,0.3355507263648972,78.60343479465794,0.33695080876350403,16736000.0,335052000.0
2013-05-30,2.34743293762207,0.34138429164886475,79.31477955904873,0.344884468876639,77.89209293018688,0.3355506351189718,78.95910790183326,0.33648403240320646,36088000.0,284504000.0
2013-05-31,2.3367626953125,0.3376508057117462,79.31477641623859,0.34441780484529083,77.53641820062785,0.3376508057117462,79.31477641623859,0.3395175727262571,37162000.0,577508000.0
2013-06-03,2.2940814971923826,0.3371843099594116,77.18072633965072,0.3406844896426913,75.75804013984148,0.33018392277589675,76.8250547896984,0.33811768008150406,35739000.0,444468000.0
2013-06-04,2.3260922241210937,0.3376508057117462,78.24775065850774,0.3453512022610162,76.4693926889962,0.33555068238906904,77.53640747070312,0.33928421641809076,27446000.0,363676000.0
2013-06-05,2.3367626953125,0.33041712641716003,78.60343312999429,0.3397509345895898,77.1807465575057,0.3294837289097515,77.89208984375,0.33718415403233715,23334000.0,464520000.0
2013-06-06,2.2940814971923826,0.33251717686653137,77.89206943955533,0.3350839848913295,76.11371168979379,0.33018372514105626,77.18072633965072,0.3304170814403793,31641000.0,341044000.0
2013-06-07,2.3154224395751952,0.3371843099594116,77.89209128524851,0.3392844066425973,76.82507633613551,0.33345077383713106,76.82507633613551,0.3348508290202697,32987000.0,274584000.0
2013-06-10,2.3154224395751952,0.33695080876350403,78.24776293495283,0.33905090454447084,76.82507633613551,0.3343840003050393,78.24776293495283,0.3362507675642006,21045000.0,224148000.0
2013-06-11,2.304751968383789,0.3306505084037781,78.24775201302988,0.3371841801948221,76.82506561279297,0.3306505084037781,78.24775201302988,0.33251724792955234,34785000.0,296336000.0
2013-06-12,,0.327850341796875,,0.3350840547813931,,0.32598357446374665,,0.33228391769017285,,312588000.0
2013-06-13,2.2300611877441407,0.33531734347343445,76.11373112874739,0.3369507541289993,73.97970128401616,0.32645022129287543,75.4023878471703,0.32668354977684816,60275000.0,236256000.0
2013-06-14,2.2620714569091795,0.3348506987094879,75.40238189697266,0.3369508223923431,74.33536705880795,0.33251724649538966,74.69103867152951,0.33648413751291234,41147000.0,236012000.0
2013-06-17,2.2620714569091795,0.33811745047569275,75.40238189697266,0.3411509430379689,74.69103867152951,0.33555064265755064,75.04671028425108,0.3374174094510234,22921000.0,255336000.0
2013-06-18,2.2727414703369138,0.3360174000263214,75.75804901123047,0.3434844403790009,74.33536264482238,0.33321723555424393,74.69103423642441,0.339750906294191,29969000.0,486772000.0
2013-06-19,2.2514009857177735,0.3462846577167511,75.7580426473753,0.36121876971862454,74.691027962201,0.33788421797713813,75.40237108565054,0.3390509441733651,21991000.0,1159588000.0
2013-06-20,2.219391174316406,0.33695080876350403,75.04672079819899,0.3439511651226514,73.62403414799617,0.3346173566437882,74.69104913564829,0.34348448026209694,29951000.0,628696000.0
2013-06-21,2.208720245361328,0.33648407459259033,73.62400817871094,0.33998425225922735,72.20132203033005,0.33088377363580745,72.55699356742527,0.33881752637034834,38787000.0,714228000.0
2013-06-24,2.15536994934082,0.3294837474822998,72.9126798044337,0.3357840906073857,71.13432176042312,0.32458351460572027,72.9126798044337,0.33158387112964316,53521000.0,580772000.0
2013-06-25,2.15536994934082,0.331817090511322,73.2683514132358,0.3336838292269546,71.84566497802734,0.3283168858771793,71.84566497802734,0.33298381611705874,32319000.0,457360000.0
2013-06-26,2.1660399627685547,0.3299504518508911,73.97969002559267,0.33601743847875265,72.20133209228516,0.3285503694546328,73.26834685226966,0.3355507258020376,54819000.0,579752000.0
2013-06-27,2.2300611877441407,0.32691702246665955,74.69104456559323,0.33135057122690026,73.26835800243907,0.32341684360848566,73.26835800243907,0.33088388627586685,45541000.0,808036000.0
2013-06-28,2.3687731933593748,0.3276171088218689,78.9591064453125,0.33088393174496894,74.69104663745777,0.3227168466202662,75.40238993876689,0.3269170673906467,74198000.0,431536000.0
2013-07-01,2.304751968383789,0.3290170431137085,77.89208041297066,0.3306504817927174,76.82506561279297,0.3269169474077578,77.53640881291142,0.32995044061841966,51539000.0,199524000.0
2013-07-02,2.34743293762207,0.32878369092941284,78.24776458740234,0.33368392316281914,77.18074961575594,0.3257501979371477,77.53642127297141,0.3271502523680036,44320000.0,256392000.0
2013-07-03,2.347423095703125,0.32971715927124023,78.2474365234375,0.33368402307180234,77.1505098432024,0.32598362403721187,78.2474365234375,0.32598362403721187,44593000.0,140388000.0
2013-07-04,2.347423095703125,,78.2474365234375,,77.51615206994742,,77.88179429669246,,24252000.0,
2013-07-05,2.3912997436523438,0.3322838842868805,80.0756336177161,0.3329839254435491,78.24742280452624,0.32855034999594246,78.6130649671642,0.3306504734659483,28230000.0,184684000.0
2013-07-08,2.3035459899902344,0.3306505084037781,78.97871965680804,0.3348507001537149,76.41922411237444,0.3287837410610591,78.2474352155413,0.33321728916019,32729000.0,262084000.0
2013-07-09,2.3254845428466795,0.3322838842868805,77.88179365194068,0.3343839799399445,75.6879403096325,0.3304171171414115,76.41922475706856,0.3313504868056751,34261000.0,157364000.0
2013-07-10,2.3254845428466795,0.3367173969745636,78.24743587565872,0.3376507943589053,76.41922475706856,0.33135045241965017,76.41922475706856,0.3322838498039919,22045000.0,208468000.0
2013-07-11,2.4022693634033203,0.34138429164886475,80.07564544677734,0.34185097638251416,78.61307658016953,0.33788408660415464,78.61307658016953,0.33858412761309664,55975000.0,239832000.0
2013-07-12,2.413238525390625,0.3416177034378052,80.4412841796875,0.34488455300410314,79.34435757723722,0.33951760771564,80.07564197887073,0.34068433374283014,31046000.0,216360000.0
2013-07-15,2.4022693634033203,0.3409176468849182,80.07564544677734,0.3423177291811888,78.9787187968215,0.33555070183846963,79.34436101347345,0.3423177291811888,33099000.0,201332000.0
2013-07-16,2.3693614196777344,0.3427843451499939,79.70999837804723,0.3446511118977162,78.24742960046838,0.3406842499443912,79.34435618365252,0.3423176604172973,35863000.0,162560000.0
2013-07-17,2.3912997436523438,0.3409176468849182,79.70999145507812,0.34395113998221016,78.24742280452624,0.3399842772320321,78.97870712980217,0.3427844140076318,36386000.0,166100000.0
2013-07-18,2.314515151977539,0.33951762318611145,78.97871608643736,0.34161771900396964,77.15050506591797,0.3350840473906029,78.61307388233348,0.3404509929236164,43963000.0,344488000.0
2013-07-19,2.154364013671875,0.3322838842868805,72.90906051035729,0.33905088389514615,71.8121337890625,0.32878370632047926,72.68967851365302,0.33741747307421394,117410000.0,480532000.0
2013-07-22,2.1280377960205077,0.332050621509552,71.95839256891614,0.33788425309703823,70.8614658699365,0.33065056661872505,71.66587766667003,0.3348507591081554,86924000.0,292384000.0
2013-07-23,2.1938536834716795,0.3315839469432831,74.22538295745849,0.3362508523596103,72.0315292739868,0.32995053561095866,72.0315292739868,0.3362508523596103,85529000.0,246792000.0
2013-07-24,2.23773078918457,0.3315839469432831,75.32231087778129,0.3355508109837711,73.12845716289445,0.33111726196504043,73.49409944870892,0.33461744102728586,58261000.0,284252000.0
2013-07-25,2.2486988067626954,0.3327505588531494,75.68791105689073,0.33718413416397347,73.85970064488853,0.32901702467739663,74.5909848096894,0.3313504765830069,36398000.0,243320000.0
2013-07-26,2.2486988067626954,0.33135050535202026,75.32226897449029,0.33345062893957417,73.85970064488853,0.32878372472315665,75.32226897449029,0.32878372472315665,31781000.0,227360000.0
2013-07-29,2.1938536834716795,0.3306505084037781,74.22538295745849,0.3348507001537149,73.12845611572266,0.3297171108239462,73.12845611572266,0.3306505084037781,38265000.0,179540000.0
2013-07-30,2.23773078918457,0.3362507224082947,74.95666859196682,0.3406842975305255,73.49409944870892,0.3315838187955927,73.49409944870892,0.3318171751030036,33818000.0,266076000.0
2013-07-31,2.2486988067626954,0.33695080876350403,75.32226897449029,0.34021763060432875,73.85970064488853,0.3343840003050393,74.22534272728898,0.3346173566437882,36945000.0,270160000.0
2013-08-01,2.2048223876953124,0.3416177034378052,74.5910061508862,0.34231774461750775,73.1284374028296,0.33415066242717684,74.5910061508862,0.3381175253562348,27849000.0,277648000.0
2013-08-02,2.2048223876953124,0.344417929649353,75.3222905249145,0.34511797101058067,73.1284374028296,0.33858429800070594,74.95664833790035,0.3409177506601648,27947000.0,209628000.0
2013-08-05,2.2048223876953124,0.34605127573013306,74.22536396387206,0.34721800174619316,73.05531008127818,0.34161770017893905,73.1284374028296,0.3434844673680238,23349000.0,185188000.0
2013-08-06,2.1675272369384766,0.3409176468849182,73.49408926576655,0.34698463307950206,72.10464765633336,0.34021760573678295,73.49408926576655,0.3462845919313668,42742000.0,206608000.0
2013-08-07,2.1280377960205077,0.34068432450294495,72.03151989966324,0.3441845024895851,70.9345932006836,0.3388175573466818,72.03151989966324,0.339050885855626,45468000.0,244380000.0
2013-08-08,2.114874572753906,0.34301772713661194,71.00771595328027,0.34465113773195466,69.69140734692698,0.33858415230132416,70.20330420841037,0.34255104236893374,55550000.0,345696000.0
2013-08-09,2.114874572753906,0.33811745047569275,73.1284418837608,0.34325103829504044,70.49581909179688,0.3292503290693995,73.1284418837608,0.32948365753299824,47046000.0,906224000.0
2013-08-12,2.1060994720458983,0.33531734347343445,70.71521268039335,0.34021757544012887,69.91080080344969,0.30591581258857314,70.49583066627686,0.3243500980354873,33389000.0,257568000.0
2013-08-13,2.1324252319335937,0.33648407459259033,71.22710129121762,0.3378841289690815,70.20330202089481,0.3336839102057292,70.20330202089481,0.33578403349587505,34361000.0,197468000.0
2013-08-14,2.12364990234375,0.3507181704044342,71.15397226741437,0.3528182660503386,70.05704569954626,0.3355507047847956,70.20330034355919,0.3357840611085368,41618000.0,828508000.0
2013-08-15,2.1060994720458983,0.3530515432357788,70.49583066627686,0.3558516794083005,69.6914187893332,0.3455844763531403,70.49583066627686,0.3469845583478689,42647000.0,723616000.0
2013-08-16,2.1170677185058593,0.3544517159461975,71.3002081362077,0.3593519485480051,69.61825227667698,0.3516515512400874,69.7645124614328,0.35235159241661496,37509000.0,660456000.0
2013-08-19,2.09512939453125,0.34885138273239136,70.27641592235231,0.35351828639699484,69.69139186480126,0.34861802642238515,69.837646484375,0.352351560480844,49081000.0,393432000.0
2013-08-20,2.0709972381591797,0.35061028599739075,69.76452559566039,0.35295550305766554,69.03324127197266,0.34826506893711595,69.61826538336886,0.3487341067577324,41635000.0,234192000.0
2013-08-21,,0.3489687144756317,,0.3529555787415595,,0.3475615727548579,,0.34849964859724136,,261540000.0
2013-08-22,2.0731906127929687,0.3508448898792267,69.39886854232472,0.35412818324510376,67.9363002087847,0.3487341773235643,68.00942750961062,0.3487341773235643,60185000.0,129016000.0
2013-08-23,2.1280377960205077,0.3508448898792267,71.1539807721826,0.35412818324510376,69.83766650170395,0.35014131902733925,69.98392116319816,0.35131392779475223,44276000.0,245120000.0
2013-08-26,2.12364990234375,0.3515484035015106,71.37335423343377,0.3524865072116468,70.27642766556566,0.3501412898721002,71.37335423343377,0.3510793656250405,18663000.0,300152000.0
2013-08-27,2.0973236846923826,0.34709253907203674,70.78833414197328,0.3506103654597291,69.9107894897461,0.34591993027613926,70.20330437382182,0.3482651478679342,22435000.0,277464000.0
2013-08-28,2.12364990234375,0.34709253907203674,71.15397226741437,0.35037583251767007,69.54514328698691,0.3456853973340802,69.91078547627629,0.347796109941015,34586000.0,318824000.0
2013-08-29,2.1653329467773434,0.34638893604278564,72.32402511373773,0.34967225714077993,70.86145637768341,0.34498179443547433,70.86145637768341,0.345919898159414,36841000.0,276216000.0
2013-08-30,2.2048223876953124,0.3459199368953705,73.49407958984375,0.3475615836496003,72.25089838569845,0.34427829014114064,72.83592253736688,0.3466235077778117,37275000.0,378120000.0
2013-09-02,2.23773078918457,,74.59102630615234,,72.83594221839118,,73.12845716289445,,30751000.0,
2013-09-03,2.23773078918457,0.34615451097488403,75.32231087778129,0.35107948017776447,74.22538402033787,0.34404382586348103,75.32231087778129,0.34685808199775336,31074000.0,284680000.0
2013-09-04,2.2048223876953124,0.3494375944137573,74.22536396387206,0.35154827808346534,73.1284374028296,0.34568523682629204,73.49407958984375,0.34615427453542874,25183000.0,222080000.0
2013-09-05,2.2267607116699217,0.350375771522522,74.22535705566406,0.35178291301551634,73.12843059671337,0.34779604939495773,73.49407274969694,0.34803055433899405,30002000.0,174904000.0
2013-09-06,2.23773078918457,0.3489687144756317,74.59102630615234,0.35248654082036773,73.8597417345234,0.34638896397327923,74.59102630615234,0.3506103611784021,24631000.0,226756000.0
2013-09-09,2.2596691131591795,0.35483163595199585,75.32230377197266,0.35483163595199585,73.85973476669163,0.35084477306170003,74.9566615206524,0.3517828485804088,32515000.0,246408000.0
2013-09-10,2.2925765991210936,0.3623364567756653,76.41921997070312,0.36257098971989726,74.95665116743608,0.35576984186636157,75.32229336825284,0.35741151656158693,37304000.0,292132000.0
2013-09-11,2.2925765991210936,0.36843398213386536,76.41921997070312,0.36937208582216,74.95665116743608,0.3592876179482681,75.32229336825284,0.36186736814458415,40290000.0,396164000.0
2013-09-12,2.2706375885009766,0.3681994676589966,76.41920386420357,0.37288990210760126,75.32227749294705,0.3665577932362293,75.32227749294705,0.3665577932362293,32814000.0,303808000.0
2013-09-13,2.2486988067626954,0.3705446720123291,75.32226897449029,0.3721863184208788,74.5909848096894,0.36679231340090673,74.95662689208984,0.36937206344090884,22273000.0,159696000.0
2013-09-16,2.314515151977539,0.37077921628952026,77.15050506591797,0.37617322188176067,76.05357845360635,0.3693721026288466,76.05357845360635,0.3735934995252607,40590000.0,231412000.0
2013-09-17,2.314515151977539,0.3719518780708313,77.15050506591797,0.37500066670654636,76.41922065771023,0.3705447642093324,77.15050506591797,0.3721864110263481,25402000.0,168608000.0
2013-09-18,2.2596691131591795,0.3752351999282837,77.15051502857393,0.37617327583661514,75.32230377197266,0.3703102315165421,76.78487277725368,0.3721864112904056,28113000.0,268168000.0
2013-09-19,,0.37359344959259033,,0.37758031303409584,,0.3719517752720944,,0.3768767423191966,,227572000.0
2013-09-20,,0.3703102767467499,,0.3768768927787273,,0.3696067057509658,,0.37453167476425,,356036000.0
2013-09-23,2.314515151977539,0.3667924106121063,77.51614727002185,0.37312449298453254,74.95665184129471,0.36468169784983023,75.32229404539859,0.3700757042993789,51403000.0,271244000.0
2013-09-24,2.3035459899902344,0.3681994676589966,77.15050855364119,0.3696065812192612,76.05358189174108,0.36491614677065654,76.78486633300781,0.3670268590468454,28633000.0,229732000.0
2013-09-25,2.2596691131591795,0.36866846680641174,76.41923052593343,0.3714827215886708,75.32230377197266,0.365854184066961,76.41923052593343,0.36749585831737114,31708000.0,233156000.0
2013-09-26,2.2267607116699217,0.36749589443206787,75.68792566759834,0.3703101494908905,74.22535705566406,0.3653851821700551,75.68792566759834,0.36960657873688624,23012000.0,148816000.0
2013-09-27,2.2596691131591795,0.3653853237628937,75.68794602329291,0.3677305418802556,74.59101926933215,0.36327463864015,75.68794602329291,0.36468175273624404,26146000.0,151920000.0
2013-09-30,2.2048223876953124,0.36491623520851135,74.5910061508862,0.3674959859633272,73.1284374028296,0.3595222286939336,73.49407958984375,0.36163294148165603,45308000.0,226640000.0
2013-10-01,2.2267607116699217,0.3646816313266754,74.9566413616312,0.36702687662046507,73.49407274969694,0.36257094690661945,73.49407274969694,0.3653852021190927,22557000.0,226976000.0
2013-10-02,2.2596691131591795,0.36444714665412903,75.68794602329291,0.36585426036009405,74.59101926933215,0.36092932045342013,75.68794602329291,0.36092932045342013,14186000.0,162036000.0
2013-10-03,2.3035459899902344,0.3606947958469391,77.51615077427455,0.36796498134571093,75.32229745047434,0.35905314917349973,75.6879396711077,0.3646816600416341,50622000.0,436768000.0
2013-10-04,2.2816078948974607,0.3656196594238281,76.78488107827994,0.3686684469223361,75.68795420573308,0.35928755155877695,76.41923878743098,0.36022565507372795,19872000.0,246228000.0
2013-10-07,2.2596691131591795,0.3656196594238281,76.05358827461318,0.36819940914345567,74.59101926933215,0.3623363390572849,75.68794602329291,0.3642125181299967,20847000.0,169952000.0
2013-10-08,2.3035459899902344,0.3625708818435669,77.15050855364119,0.36984106546525725,75.32229745047434,0.35975662713610934,75.6879396711077,0.36468156588486234,21082000.0,290712000.0
2013-10-09,2.3035459899902344,0.356942355632782,77.15050855364119,0.36515064305175243,75.32229745047434,0.3550662044072717,76.05358189174108,0.3649161101699678,22183000.0,275860000.0
2013-10-10,,0.36092931032180786,,0.36186738609945196,,0.35694241837382884,,0.3595221686981451,,223484000.0
2013-10-11,2.3364534759521485,0.35788053274154663,78.6130668747593,0.3597567123097741,76.78485601720676,0.35412817360509175,76.78485601720676,0.3553007823405842,56367000.0,213704000.0
2013-10-14,2.3035459899902344,0.36327457427978516,77.88179299490793,0.36327457427978516,76.78486633300781,0.35694246411898645,77.88179299490793,0.35694246411898645,18568000.0,166628000.0
2013-10-15,2.347423095703125,0.3613983392715454,78.2474365234375,0.3653852031637138,77.51615206994742,0.36116380635433715,77.88179429669246,0.36327451873762345,21383000.0,208820000.0
2013-10-16,2.3254845428466795,0.3658542335033417,78.97872032309478,0.3672613750632083,77.51615142822266,0.36303997834080387,78.97872032309478,0.3635090162083609,18482000.0,210072000.0
2013-10-17,2.347423095703125,0.36655768752098083,78.97872097692758,0.3674957909144695,78.2474365234375,0.3630398626990681,78.61307875018254,0.3630398626990681,28095000.0,213324000.0
2013-10-18,2.413238525390625,0.37077921628952026,80.4412841796875,0.37195182498534657,79.34435757723722,0.36444713492349745,79.34435757723722,0.3658542485841711,58487000.0,255068000.0
2013-10-21,2.413238525390625,0.3717171847820282,81.53821078213778,0.37546951446917864,80.07564197887073,0.37054457651282124,81.17256858132102,0.37523500958964906,40443000.0,195008000.0
2013-10-22,2.4461462402343748,0.369841068983078,81.5382080078125,0.37195175304444966,80.07563925430914,0.36655774849548844,80.44128144268497,0.371717248124959,38261000.0,179452000.0
2013-10-23,2.43517707824707,0.36350899934768677,81.53821147884335,0.36913753736888877,80.44128486702034,0.3623363907545856,81.17256927490234,0.36913753736888877,21861000.0,252216000.0
2013-10-24,2.413238525390625,0.36092931032180786,80.4412841796875,0.3667923538250751,79.34435757723722,0.3602257395099765,79.70999977805397,0.3644471364237682,21193000.0,236436000.0
2013-10-25,2.347423095703125,0.3574114143848419,79.71000543041764,0.3630399238653392,77.88179429669246,0.3562388059133057,79.3443632036726,0.3628054189453467,36027000.0,330492000.0
2013-10-28,2.4022693634033203,0.356707900762558,80.07564544677734,0.35858408020853144,78.61307658016953,0.3517829332115272,78.9787187968215,0.35694240572005737,21177000.0,394024000.0
2013-10-29,2.4022693634033203,0.3571769595146179,80.07564544677734,0.3578805303426368,78.9787187968215,0.352955562503702,79.34436101347345,0.356238883715391,21491000.0,387952000.0
2013-10-30,2.413238525390625,0.356942355632782,80.4412841796875,0.35999114331002385,79.70999977805397,0.3538935679555401,79.70999977805397,0.35834949700910645,16582000.0,204032000.0
2013-10-31,2.4022693634033203,0.3562389016151428,80.07564544677734,0.3599912329577894,78.9787187968215,0.355535330751772,79.34436101347345,0.35741151040169467,22472000.0,293368000.0
2013-11-01,2.4022693634033203,0.35788053274154663,80.80692988008124,0.3595221793797966,79.34436101347345,0.3553007823405842,80.80692988008124,0.3581150377143266,10837000.0,206136000.0
2013-11-04,2.3912997436523438,0.3475615084171295,79.70999145507812,0.3590530891236926,78.97870712980217,0.3468579376869818,78.97870712980217,0.3590530891236926,9601000.0,410264000.0
2013-11-05,2.3364534759521485,0.34709253907203674,79.70999338929083,0.3487341857948534,77.88178253173828,0.3416985330194686,79.34435121778031,0.34545089234922005,20304000.0,422368000.0
2013-11-06,2.347423095703125,0.3494375944137573,78.61307875018254,0.34967212724691865,77.88179429669246,0.3435745531565841,77.88179429669246,0.34709237791088804,16437000.0,198044000.0
2013-11-07,2.347423095703125,0.34122949838638306,78.61307875018254,0.34920322709257534,77.51615206994742,0.34052592751061334,78.2474365234375,0.3482651512296819,15925000.0,553076000.0
2013-11-08,2.3254845428466795,0.36491623520851135,77.88179365194068,0.3660888441048456,76.78486698078659,0.35037586252820574,76.78486698078659,0.35178300438668736,30518000.0,734532000.0
2013-11-11,2.2925765991210936,0.3679649829864502,77.5161465731534,0.36890305881625607,76.41921997070312,0.3628055100081215,76.78486217151989,0.36350905290187674,21451000.0,297624000.0
2013-11-12,2.3035459899902344,0.36866846680641174,77.51615077427455,0.3717172544693556,76.41922411237444,0.36444707065442733,77.51615077427455,0.36960654241476754,31600000.0,316032000.0
2013-11-13,2.2596691131591795,0.3787529468536377,76.78487277725368,0.3787529468536377,75.32230377197266,0.36702686067995016,76.78487277725368,0.36773040348461566,26650000.0,332792000.0
2013-11-14,2.2706375885009766,0.38039472699165344,76.41920386420357,0.3827399450504662,75.68791961669922,0.37734593792375587,76.05356174045139,0.37758047091251895,29904000.0,307980000.0
2013-11-15,2.2816078948974607,0.3792220652103424,76.41923878743098,0.38227085385413645,75.68795420573308,0.3754697056553343,75.68795420573308,0.3818018158990606,19182000.0,450332000.0
2013-11-18,2.2816078948974607,0.37007570266723633,76.78488107827994,0.37429710021596985,76.05359649658203,0.36913762674849593,76.41923878743098,0.3710138065431776,25261000.0,316948000.0
2013-11-19,2.3035459899902344,0.36406299471855164,77.15050855364119,0.37160832879735023,76.05358189174108,0.36359141660899064,76.41922411237444,0.36830725392181574,34470000.0,206716000.0
2013-11-20,2.2596691131591795,0.35863974690437317,76.05358827461318,0.3652419242249862,74.9566615206524,0.35793236574348514,76.05358827461318,0.36429873997426704,45380000.0,204776000.0
2013-11-21,2.215791778564453,0.3614692986011505,75.32229478288404,0.36217667986998814,73.49408374446453,0.35746084222255026,74.59101036751625,0.35911137977743157,56509000.0,213568000.0
2013-11-22,2.1938536834716795,0.35793235898017883,74.22538295745849,0.36194081467132905,73.12845611572266,0.3572249778326571,73.12845611572266,0.36194081467132905,56921000.0,158668000.0
2013-11-25,2.215791778564453,0.36571353673934937,74.95665257520015,0.36618511485482,73.85972595214844,0.3579323994539552,73.85972595214844,0.3579323994539552,30887000.0,248208000.0
2013-11-26,2.2706375885009766,0.36877891421318054,76.78484598795573,0.3727873712006387,74.22535112169054,0.36736415146061235,74.5909932454427,0.36972207064248347,44922000.0,753176000.0
2013-11-27,2.3035459899902344,0.37019357085227966,77.15050855364119,0.3713725301052746,76.41922411237444,0.3661850869052123,76.78486633300781,0.36854300541120216,21779000.0,181272000.0
2013-11-28,2.3035459899902344,,77.15050855364119,,76.41922411237444,,76.78486633300781,,22729000.0,
2013-11-29,2.3035459899902344,0.3678356111049652,76.78486633300781,0.37113671376065627,76.05358189174108,0.3654776926831594,76.41922411237444,0.37019355763537587,34425000.0,116964000.0
2013-12-02,2.2925765991210936,0.3713724613189697,77.15050437233664,0.37396615432998637,76.05357776988636,0.365713441087605,76.78486217151989,0.36642082213010063,18860000.0,373872000.0
2013-12-03,2.2816078948974607,0.37113669514656067,76.78488107827994,0.3763241097926414,75.68795420573308,0.3687787768430145,76.05359649658203,0.3713724982203566,21820000.0,290560000.0
2013-12-04,2.3035459899902344,0.3763241171836853,77.15050855364119,0.3770314983103628,75.6879396711077,0.36925036213411766,75.6879396711077,0.3701935463392224,23415000.0,493176000.0
2013-12-05,2.2816078948974607,0.37019357085227966,76.78488107827994,0.37703152327620787,75.68795420573308,0.36972196466419704,76.78488107827994,0.37703152327620787,25185000.0,271812000.0
2013-12-06,2.2596691131591795,0.3647703230381012,76.41923052593343,0.37467357433714005,75.32230377197266,0.36382713884715245,75.32230377197266,0.37467357433714005,25116000.0,281000000.0
2013-12-09,2.3035459899902344,0.35863974690437317,76.78486633300781,0.3659493053858743,76.05358189174108,0.35793236574348514,76.05358189174108,0.3647703461539293,23911000.0,385220000.0
2013-12-10,2.2816078948974607,0.36689242720603943,76.78488107827994,0.3685429643546374,76.05359649658203,0.35816813532750513,76.41923878743098,0.358639713354447,22217000.0,524268000.0
2013-12-11,2.3035459899902344,0.3633556067943573,76.78486633300781,0.3680714440201539,75.6879396711077,0.3626482255887664,75.6879396711077,0.36759986591929567,24563000.0,414156000.0
2013-12-12,2.2596691131591795,0.35628190636634827,76.41923052593343,0.36406304462079436,75.32230377197266,0.355574525050742,76.41923052593343,0.3621767038153815,18272000.0,258724000.0
2013-12-13,2.2486988067626954,0.3541596829891205,75.68791105689073,0.359582901047642,74.95662689208984,0.3536881049206849,74.95662689208984,0.35698920761694397,28244000.0,184588000.0
2013-12-16,2.23773078918457,0.3546311855316162,75.32231087778129,0.357696484486537,74.59102630615234,0.3541596075636128,74.95666859196682,0.3543954106019141,18669000.0,237620000.0
2013-12-17,2.2706375885009766,0.35628190636634827,76.41920386420357,0.357225062714749,75.32227749294705,0.3513302652657158,75.32227749294705,0.3543955655609354,26199000.0,274104000.0
2013-12-18,2.215791778564453,0.36123350262641907,75.32229478288404,0.3619408839092602,73.85972595214844,0.35250920842767225,74.95665257520015,0.3569892711465926,55359000.0,426232000.0
2013-12-19,2.2486988067626954,0.36264821887016296,75.32226897449029,0.3631197969622845,74.22534272728898,0.35840395982385587,74.5909848096894,0.3607618783930702,27684000.0,258544000.0
2013-12-20,2.23773078918457,0.3699577748775482,75.68795316359576,0.37019357797612723,74.22538402033787,0.3624124130262964,74.22538402033787,0.363355597312006,37568000.0,382080000.0
2013-12-23,2.2816078948974607,0.3720799684524536,76.41923878743098,0.3751452688345411,75.32231191488412,0.36901469617897836,75.32231191488412,0.3720799684524536,28261000.0,168568000.0
2013-12-24,2.2596691131591795,0.37302303314208984,76.05358827461318,0.3742019922866915,75.32230377197266,0.3692503526359232,76.05358827461318,0.3742019922866915,13997000.0,79600000.0
2013-12-25,2.2596691131591795,,75.68794602329291,,74.9566615206524,,74.9566615206524,,9762000.0,
2013-12-26,2.2816078948974607,0.3694861829280853,76.05359649658203,0.3756167821750924,75.32231191488412,0.3685429986777583,75.32231191488412,0.37443782294363764,6738000.0,168920000.0
2013-12-27,2.2925765991210936,0.3716084063053131,76.41921997070312,0.3723157876715,75.32229336825284,0.36925048715709924,75.6879355690696,0.3713726312556598,24086000.0,210976000.0
2013-12-30,2.3254845428466795,0.3765598237514496,77.51615142822266,0.37679562676944145,76.05358253335054,0.37137241033299917,76.05358253335054,0.37184398826038617,44182000.0,248180000.0
2013-12-31,2.314515151977539,0.377738893032074,77.51614727002185,0.3796252334015699,76.78486286181409,0.37490939653213257,77.15050506591797,0.37726731496685123,24400000.0,235776000.0
2014-01-02,2.2925765991210936,0.373966246843338,77.15050437233664,0.3767957717133005,75.6879355690696,0.3706651719731918,76.78486217151989,0.37538100927831924,15071000.0,260092000.0
2014-01-03,2.2486988067626954,0.3694861829280853,75.32226897449029,0.37538097908535933,74.5909848096894,0.3683072236966305,75.32226897449029,0.3746735979247654,38599000.0,259332000.0
2014-01-06,2.2486988067626954,0.37443771958351135,75.32226897449029,0.37726721533622526,74.5909848096894,0.3697218558508581,74.5909848096894,0.3732587325688999,23706000.0,409492000.0
2014-01-07,2.23773078918457,0.38056838512420654,75.32231087778129,0.3819831474120937,74.59102630615234,0.37561677333381077,74.95666859196682,0.3782104667167977,15836000.0,333288000.0
2014-01-08,2.2816078948974607,0.3857559263706207,76.41923878743098,0.3876422671987745,74.95666962403517,0.38056848206604493,75.32231191488412,0.3819832447143132,30218000.0,308192000.0
2014-01-09,2.215791778564453,0.3713724613189697,75.32229478288404,0.38056833054561157,73.49408374446453,0.37019350228434383,74.95665257520015,0.37986094950311594,63998000.0,292172000.0
2014-01-10,2.23773078918457,0.3709010183811188,74.95666859196682,0.37514527839458245,74.22538402033787,0.367599942875432,74.59102630615234,0.3725515842425751,33266000.0,218492000.0
2014-01-13,2.2596691131591795,0.3621765375137329,75.68794602329291,0.3732587460075433,74.9566615206524,0.3614691565229368,75.32230377197266,0.370900828110622,19545000.0,243332000.0
2014-01-14,2.2706375885009766,0.3734946548938751,75.68791961669922,0.3742020360851522,74.5909932454427,0.36241241515061656,74.95663536919488,0.36406298063313186,21639000.0,241828000.0
2014-01-15,2.3035459899902344,0.37750303745269775,77.51615077427455,0.37891779956024574,76.05358189174108,0.37349458229277976,76.05358189174108,0.3751451193458517,54299000.0,175044000.0
2014-01-16,2.347423095703125,0.37868207693099976,78.61307875018254,0.37938945813500813,77.51615206994742,0.37585258022357343,77.51615206994742,0.3775031176271882,49437000.0,220652000.0
2014-01-17,2.3583922576904297,0.37703150510787964,79.34435967733694,0.3831621041714753,78.24743304585301,0.37467358671551276,78.9787174668423,0.37868204236081554,53446000.0,340400000.0
2014-01-20,2.3583922576904297,,79.34435967733694,,78.24743304585301,,78.24743304585301,,24245000.0,
2014-01-21,2.3364534759521485,0.37844616174697876,79.34435121778031,0.3808040794811546,77.51614036022778,0.37443770722059916,79.34435121778031,0.37750297778815045,24568000.0,246076000.0
2014-01-22,2.3583922576904297,0.3779747188091278,78.61307525634766,0.37962525619079307,77.51614862486373,0.3734946566490575,77.51614862486373,0.3791536780972611,28698000.0,337940000.0
2014-01-23,2.3583922576904297,0.3765598237514496,79.34435967733694,0.38080408131512594,78.61307525634766,0.3737303280785309,79.34435967733694,0.37679562676944145,27910000.0,185028000.0
2014-01-24,2.3693614196777344,0.36689242720603943,79.34435618365252,0.37490936609846226,78.24742960046838,0.36689242720603943,78.24742960046838,0.37349460390903394,33999000.0,246696000.0
2014-01-27,2.3035459899902344,0.36453455686569214,77.88179299490793,0.3720798906140919,76.05358189174108,0.3624124133026818,77.51615077427455,0.366892475418855,64827000.0,233812000.0
2014-01-28,,0.36807146668434143,,0.3683072698035938,,0.3624124447997641,,0.3638272072980606,,167996000.0
2014-01-29,,0.36453455686569214,,0.3687788158831065,,0.3642987537669333,,0.36665667232009613,,162944000.0
2014-01-30,,0.3706650733947754,,0.37137245442413797,,0.36547763125184995,,0.3666565902645876,,202896000.0
2014-01-31,,0.37019357085227966,,0.37231568626422823,,0.3652419307462587,,0.3654777057316942,,335348000.0
2014-02-03,,0.3652419447898865,,0.37325885677506154,,0.36382718238845235,,0.3727872786774524,,431728000.0
2014-02-04,,0.36736398935317993,,0.36807137041731663,,0.3631197310769613,,0.365006071211792,,280692000.0
2014-02-05,2.2048223876953124,0.36406299471855164,74.5910061508862,0.3659493352654032,73.49407958984375,0.3612334698439705,74.5910061508862,0.3647703759371969,145517000.0,214676000.0
2014-02-06,2.23773078918457,0.36877891421318054,75.32231087778129,0.36972207064248347,73.8597417345234,0.36406307584943826,73.8597417345234,0.36453465406408975,71895000.0,168380000.0
2014-02-07,2.2816078948974607,0.37420204281806946,76.41923878743098,0.3746736209178703,75.32231191488412,0.36642090579123104,75.68795420573308,0.36972198059844397,54104000.0,157248000.0
2014-02-10,2.2596691131591795,0.3753810524940491,76.41923052593343,0.38033269347793336,75.32230377197266,0.37349471173311166,76.05358827461318,0.3737305148689579,26221000.0,324372000.0
2014-02-11,2.2925765991210936,0.38316211104393005,76.78486217151989,0.3841052671743516,76.05357776988636,0.37561677767474266,76.41921997070312,0.3775030899355858,21030000.0,235384000.0
2014-02-12,2.3035459899902344,0.39683809876441956,77.15050855364119,0.39966762376632115,76.41922411237444,0.3843411237013838,76.78486633300781,0.3843411237013838,22692000.0,744528000.0
2014-02-13,2.3035459899902344,0.40933504700660706,77.51615077427455,0.4116929937232283,76.78486633300781,0.39966759757891285,76.78486633300781,0.4067413534029556,19561000.0,902836000.0
2014-02-14,2.3583922576904297,0.4223034977912903,78.61307525634766,0.42324665370145775,77.88179083535837,0.405326466539488,77.88179083535837,0.40556226957132907,42658000.0,817536000.0
2014-02-17,2.380330810546875,,79.3443603515625,,78.61307592435915,,78.97871813796083,,33403000.0,
2014-02-18,2.3693614196777344,0.422067791223526,79.34435618365252,0.4239541315835847,78.61307179486309,0.41853091358914285,79.34435618365252,0.4225393973949943,22196000.0,428988000.0
2014-02-19,2.3693614196777344,0.4277268052101135,78.97871398925781,0.43149948586766323,78.24742960046838,0.4201814438950141,78.97871398925781,0.422067784223789,26867000.0,450340000.0
2014-02-20,2.3364534759521485,0.44281747937202454,78.2474247032488,0.4437606354387458,77.51614036022778,0.4279625886152458,77.88178253173828,0.42866994161098515,28429000.0,398088000.0
2014-02-21,2.3583922576904297,0.4395163655281067,78.61307525634766,0.44776910738670256,78.24743304585301,0.4366868692926865,78.24743304585301,0.4421100868072599,31448000.0,451052000.0
2014-02-24,2.347423095703125,0.44588279724121094,78.97872097692758,0.44918387172022395,77.51615206994742,0.43456478342821675,78.61307875018254,0.4385732390409052,32033000.0,403112000.0
2014-02-25,2.3693614196777344,0.4438694715499878,78.97871398925781,0.44718547932927216,77.88178740607367,0.4391323417814565,78.61307179486309,0.4452906217747555,31499000.0,242184000.0
2014-02-26,2.3583922576904297,0.4431590139865875,78.9787174668423,0.44955413481586176,78.24743304585301,0.4417378634754038,78.61307525634766,0.4429221461562148,34908000.0,360884000.0
2014-02-27,2.3693614196777344,0.4381849765777588,78.97871398925781,0.44765923718413503,78.61307179486309,0.4370006940019618,78.61307179486309,0.44315897469031584,48583000.0,388848000.0
2014-02-28,,0.4353426992893219,,0.44007982954078395,,0.42894755086142927,,0.4358164066673634,,321692000.0
2014-03-03,2.3693614196777344,0.43321096897125244,78.97871398925781,0.43321096897125244,77.88178740607367,0.42184185084565384,78.97871398925781,0.4256315662993611,51435000.0,375948000.0
2014-03-04,2.3583922576904297,0.4377112090587616,78.9787174668423,0.44055348120307875,78.61307525634766,0.434632069137618,78.9787174668423,0.4353426442325773,47911000.0,260344000.0
2014-03-05,2.413238525390625,0.4415009021759033,80.4412841796875,0.44173776995612934,79.34435757723722,0.435342650480751,79.34435757723722,0.43723747978047767,54846000.0,241472000.0
2014-03-06,2.479053726196289,0.4353426992893219,83.0007663490498,0.4445800919854635,80.44127135150201,0.43463212410449786,80.44127135150201,0.4422115268597325,69737000.0,290144000.0
2014-03-07,2.511961898803711,0.43486905097961426,84.09770549124505,0.43794819190833445,83.00077889788099,0.43155307043208746,83.36642109566901,0.4372376165808561,65651000.0,268452000.0
2014-03-10,2.479053726196289,0.42847388982772827,83.73205063406346,0.4353427463766076,82.26948206403614,0.4265790318750882,83.73205063406346,0.4334478884239676,37846000.0,300888000.0
2014-03-11,2.500992965698242,0.4327372908592224,83.73207443638852,0.4365270065691825,83.00078994349428,0.42918444296945685,83.00078994349428,0.43060556518404797,28415000.0,297220000.0
2014-03-12,2.479053726196289,0.4339214861392975,82.63512420654297,0.4365269186948533,81.90383992152931,0.4289474888006979,82.26948206403614,0.4306054785017246,18376000.0,239428000.0
2014-03-13,2.5558387756347654,0.42018377780914307,85.92591019659083,0.4365268907055666,84.46334151239354,0.41805205269977425,85.19462585449219,0.43486887287532944,56987000.0,385172000.0
2014-03-14,2.5229308319091794,0.4220786988735199,84.46333654652472,0.42586841440317985,83.36641009786855,0.4159204464322272,84.09769439697266,0.4159204464322272,44655000.0,460048000.0
2014-03-17,2.500992965698242,0.4220786988735199,84.09771668283562,0.4263421217855064,82.63514769704717,0.42160499149119335,83.73207443638852,0.4232629814470981,33845000.0,299656000.0
2014-03-18,2.511961898803711,0.432026743888855,84.09770549124505,0.434869016739448,83.00077889788099,0.4218419069583302,83.73206329345703,0.42373676493723456,37464000.0,293904000.0
2014-03-19,2.511961898803711,0.4396060109138489,84.09770549124505,0.447896015523981,83.00077889788099,0.4341583065062846,83.73206329345703,0.4353426170810334,32171000.0,366168000.0
2014-03-20,2.4571156311035156,0.43984299898147583,83.00078099114553,0.44363271479778155,81.90385437011719,0.43534273615569796,82.63513878413609,0.4372375658283249,45292000.0,191800000.0
2014-03-21,2.4680847930908203,0.4391324818134308,83.36641967773437,0.4471856219292576,81.90385091145833,0.43676391617386934,83.36641967773437,0.4436327734699154,60088000.0,566116000.0
2014-03-24,2.4680847930908203,0.437000572681427,82.26949310302734,0.44292198391650406,81.53820871988933,0.430605425959131,81.53820871988933,0.43936913717545784,28463000.0,306096000.0
2014-03-25,2.4900231170654297,0.437000572681427,83.00077056884766,0.4422114089211916,81.53820192446268,0.4336845654484742,81.53820192446268,0.44173770166948867,38029000.0,304424000.0
2014-03-26,2.5338995361328123,0.4270525872707367,84.82895993979979,0.44931711087576365,83.73203373368169,0.4232628727146208,84.46331787109375,0.4410271349903371,43314000.0,557756000.0
2014-03-27,2.544869384765625,0.4213680624961853,84.8289794921875,0.42965803875195646,83.36641088025324,0.4166309049716554,83.73205303323681,0.4261051917851974,30745000.0,540728000.0
2014-03-28,2.5777770996093747,0.42397353053092957,85.9259033203125,0.426578963326574,84.46333475315825,0.41947326832265863,84.82897689494682,0.4206575508233112,43654000.0,398820000.0
2014-03-31,2.599716567993164,0.42421039938926697,86.65721893310547,0.4284738220494141,85.19464983718807,0.42184183438202105,86.29157665912612,0.42468410674361173,46921000.0,273404000.0
2014-04-01,2.6216544342041015,0.4417377710342407,87.38848114013672,0.4469486080922474,86.6571967791314,0.4325003511156867,87.02283895963406,0.4377112164092138,40015000.0,656272000.0
2014-04-02,2.632623825073242,0.4388955235481262,88.4854118982951,0.4426852106056749,87.02284310658773,0.43700066590159087,88.11976970036825,0.4417377959001682,43151000.0,239948000.0
2014-04-03,2.599716567993164,0.443632572889328,87.02286120708482,0.4542911134482849,85.92593438514677,0.43960599053419747,86.65721893310547,0.4398428582852699,36937000.0,599548000.0
2014-04-04,,0.4298950433731079,,0.44860672696311615,,0.4280001854071476,,0.44600129373048,,368032000.0
2014-04-07,2.5777770996093747,0.43131616711616516,86.29154546210107,0.439606146038933,85.19461903673538,0.4277633190064075,85.9259033203125,0.4301318844129126,45015000.0,428576000.0
2014-04-08,2.6106850433349607,0.44671183824539185,87.3884769407641,0.44789612086314984,85.56026612610376,0.43060556076125356,85.56026612610376,0.4313161359790133,39873000.0,470692000.0
2014-04-09,2.6106850433349607,0.4462381899356842,87.75411910369617,0.452633339911485,87.02283477783203,0.44268534138714166,87.3884769407641,0.4488436234988275,28578000.0,421968000.0
2014-04-10,2.6216544342041015,0.4353426992893219,87.38848114013672,0.4505015047997911,86.6571967791314,0.4339215489196739,87.02283895963406,0.4443432524142045,25612000.0,372748000.0
2014-04-11,2.632623825073242,0.4291843771934509,87.7541275024414,0.43865863678081835,86.29155871073405,0.423499804499718,86.6572009086609,0.432026649422557,34449000.0,353112000.0
2014-04-14,2.6435929870605466,0.4339214861392975,88.48540841890073,0.4355794758403242,87.75412405180238,0.42918435657321,87.75412405180238,0.43202662866575864,30297000.0,290184000.0
2014-04-15,2.6874705505371095,0.437000572681427,89.58235168457031,0.43936913717545784,88.48542492924904,0.430131718707428,88.8510671810228,0.4343951404437867,28525000.0,304636000.0
2014-04-16,2.654562606811523,0.43794816732406616,89.58234692408034,0.4396061575047581,88.48542022705078,0.4325004610999118,88.85106245939397,0.4391324500582072,49971000.0,235136000.0
2014-04-17,2.632623825073242,0.4396060109138489,88.85105409622193,0.4436325934556474,87.02284310658773,0.4353426170810334,88.11976970036825,0.43629003165821056,35783000.0,153532000.0
2014-04-18,2.698439712524414,,89.94799041748047,,88.48542146760273,,89.58234818001104,,32741000.0,
2014-04-21,2.665531768798828,0.4431590139865875,89.21670117790316,0.4443432966673985,88.48541674201871,0.4370007327521597,89.21670117790316,0.43984300553900085,21736000.0,117004000.0
2014-04-22,2.665531768798828,0.4469486474990845,89.58234339584538,0.4497909481772538,88.11977452407648,0.4415009421799571,88.48541674201871,0.44386950725474966,22674000.0,255120000.0
2014-04-23,2.654562606811523,0.45215949416160583,89.94798915642352,0.453343776649001,88.11977799470759,0.4469486286286498,89.94798915642352,0.44765920376819124,31054000.0,261580000.0
2014-04-24,2.654562606811523,0.4561861455440521,88.48542022705078,0.4609232764964605,87.75413576236441,0.45523873064778153,88.48542022705078,0.45523873064778153,24389000.0,391492000.0
2014-04-25,2.599716567993164,0.443632572889328,88.4854303030022,0.45950197808774396,86.29157665912612,0.44268513012055505,88.4854303030022,0.45523855621705783,49361000.0,313600000.0
2014-04-28,2.6106850433349607,0.4417377710342407,87.75411910369617,0.44955404073901095,85.92590828903583,0.4362900661954299,86.65719261489997,0.4471854758730515,28017000.0,226788000.0
2014-04-29,2.6435929870605466,0.44268524646759033,88.48540841890073,0.44434326468982605,87.02283968470402,0.4377112765074562,88.11976623535156,0.443395821672045,21769000.0,171300000.0
2014-04-30,2.599716567993164,0.43747439980506897,88.11978802902286,0.4424483978996605,85.56029211116743,0.4365269850420628,87.75414575504351,0.4419746905181574,43654000.0,305740000.0
2014-05-01,,0.43984299898147583,,0.44505383705225177,,0.4362901509920114,,0.44410642221593827,,198104000.0
2014-05-02,2.5887469482421874,0.43652698397636414,87.38849161439023,0.4419746894391592,85.56028049275027,0.4339215510311723,87.02284939006223,0.4419746894391592,42629000.0,156376000.0
2014-05-05,2.566808395385742,0.44126421213150024,86.29156428932124,0.4445801927649964,84.82899540306157,0.4355796375998255,85.92592206775633,0.43605334508524923,28604000.0,239260000.0
2014-05-06,2.5887469482421874,0.4322635233402252,87.02284939006223,0.4493171851923721,85.19463826842228,0.43107924087499944,85.56028049275027,0.44552749824496235,27491000.0,416188000.0
2014-05-07,2.599716567993164,0.4327372908592224,87.02286120708482,0.43629013874898803,85.92593438514677,0.428000160339535,86.29157665912612,0.4322635834543587,33234000.0,293900000.0
2014-05-08,2.6216544342041015,0.4381849765777588,87.7541233206394,0.44505380422317203,87.02283895963406,0.4289475555452277,87.38848114013672,0.4310792811229766,27052000.0,432728000.0
2014-05-09,2.632623825073242,0.4275265038013458,87.7541275024414,0.42894765451440753,87.02284310658773,0.41947339172207687,87.7541275024414,0.42492109847477305,22485000.0,539532000.0
2014-05-12,2.599716567993164,0.4400798976421356,87.75414575504351,0.4410273125448289,85.92593438514677,0.42823704194530227,87.38850348106416,0.42847390978873956,35472000.0,299856000.0
2014-05-13,2.6435929870605466,0.43297410011291504,88.48540841890073,0.44126410617715645,87.38848186825321,0.43155297799787723,87.75412405180238,0.4341583826598748,24007000.0,221104000.0
2014-05-14,2.676500701904297,0.4287106990814209,89.21669006347656,0.4348689799327501,88.11976354630266,0.428473859501308,88.48540571869397,0.43321098992986135,32763000.0,214320000.0
2014-05-15,2.676500701904297,0.4263421595096588,89.21669006347656,0.43013187537464526,88.11976354630266,0.4220787362204307,88.48540571869397,0.4277633100179103,16779000.0,325896000.0
2014-05-16,2.676500701904297,0.4253947138786316,89.94797440825916,0.42847385426667856,88.48540571869397,0.42302614869329147,89.21669006347656,0.42302614869329147,28390000.0,283960000.0
2014-05-19,2.654562606811523,0.4391324818134308,89.58234692408034,0.4415010474529923,88.48542022705078,0.4280002289545978,89.21670469173715,0.4298950871133529,18373000.0,360076000.0
2014-05-20,2.654562606811523,0.43401652574539185,89.21670469173715,0.4404411006717389,88.48542022705078,0.43187501022513314,89.21670469173715,0.43925136352369054,25192000.0,256200000.0
2014-05-21,2.6435929870605466,0.43401652574539185,89.21669278599909,0.43948932229952864,88.11976623535156,0.43139909267345694,89.21669278599909,0.43568215207954536,24178000.0,216712000.0
2014-05-22,2.676500701904297,0.4359201192855835,89.21669006347656,0.4382995936276966,88.48540571869397,0.43306475574816206,88.85104789108526,0.43306475574816206,26290000.0,130364000.0
2014-05-23,2.676500701904297,0.4399651885032654,89.58233223586785,0.44210673227722774,88.48540571869397,0.4356821293209102,88.48540571869397,0.4382995622561188,31726000.0,182656000.0
2014-05-26,2.698439712524414,,90.3136326549499,,89.21670594254161,,89.94799041748047,,19792000.0,
2014-05-27,2.7094084167480466,0.44781753420829773,90.67925605310603,0.44781753420829773,89.58232956859264,0.44115499973436545,89.58232956859264,0.4425826958236275,18012000.0,209680000.0
2014-05-28,2.7203778076171874,0.45162463188171387,90.67926025390625,0.4544799952332051,89.58233371857675,0.44520005724946615,90.67926025390625,0.4494831164594879,36670000.0,224676000.0
2014-05-29,2.676500701904297,0.4509108364582062,90.67925875304175,0.45519389616696354,88.85104789108526,0.44995905801873703,90.31361658065045,0.45138672567794075,43028000.0,171884000.0
2014-05-30,2.6216544342041015,0.4521005153656006,89.58233422315271,0.45329025244423754,87.38848114013672,0.44853130412968956,89.21669204265004,0.4509107782869636,69042000.0,239128000.0
2014-06-02,,0.45067286491394043,,0.4563835917608828,,0.44686569477226523,,0.4535282283374116,,181500000.0
2014-06-03,2.6874705505371095,0.44876930117607117,89.58235168457031,0.45210055393421555,87.75414042570152,0.442820586909833,87.75414042570152,0.4516246647352766,37556000.0,243212000.0
2014-06-04,2.7094084167480466,0.4492452144622803,90.67925605310603,0.4525764673990371,89.94797173009711,0.4473416291988878,90.31361389160156,0.44757958799390185,33407000.0,161236000.0
2014-06-05,2.698439712524414,0.4511486887931824,90.3136326549499,0.45257635611549907,88.85106370507218,0.44734151920253845,89.94799041748047,0.44995895184180196,19524000.0,188696000.0
2014-06-06,2.6874705505371095,0.4528144299983978,90.31363618811783,0.4568595309886087,89.21670943279655,0.4516246927444786,90.31363618811783,0.4532903192268508,19230000.0,161052000.0
2014-06-09,2.698439712524414,0.4532902240753174,90.3136326549499,0.4575732829634716,89.58234818001104,0.4492451239342259,89.58234818001104,0.4523384458182021,19684000.0,247456000.0
2014-06-10,2.7313471984863282,0.45566973090171814,91.04490661621094,0.4578112746828164,89.58233783522763,0.4497210454523947,89.94798003047346,0.4516246304692922,25050000.0,217608000.0
2014-06-11,2.7423168182373048,0.46161845326423645,91.41056060791016,0.4628081903761311,90.31363388061523,0.4540041130556547,90.67927612304688,0.4540041130556547,27770000.0,266228000.0
2014-06-12,2.7094084167480466,0.46447381377220154,90.67925605310603,0.46661532921407073,89.94797173009711,0.4575733215467685,90.67925605310603,0.46161845039451926,22138000.0,337148000.0
2014-06-13,2.698439712524414,0.4649498164653778,90.3136326549499,0.46947083558568875,89.58234818001104,0.46042879734506686,89.94799041748047,0.4692328767604598,17160000.0,227852000.0
2014-06-16,2.7203778076171874,0.4635220170021057,90.67926025390625,0.4666153392132027,89.58233371857675,0.4594769164332423,89.58233371857675,0.4628081974165662,13550000.0,198620000.0
2014-06-17,2.7423168182373048,0.46661531925201416,91.41056060791016,0.46851890425168485,89.9479916381836,0.4616184405391441,90.67927612304688,0.46399791469734014,19795000.0,157608000.0
2014-06-18,2.753286209106445,0.4661394953727722,92.5074914879058,0.46828103943439725,90.67928019367841,0.4611425875945539,91.41056471136936,0.4654256473522305,37238000.0,215536000.0
2014-06-19,2.764254913330078,0.4554317593574524,92.14183044433594,0.459952748544265,91.04490389142718,0.45210047878745147,91.04490389142718,0.4575732745795074,17873000.0,474592000.0
2014-06-20,2.7313471984863282,0.4504348933696747,92.87311759244008,0.4582871638357255,90.67926442096511,0.4468656821001579,92.50747539719426,0.45662153758306495,30094000.0,353148000.0
2014-06-23,2.698439712524414,0.44519999623298645,91.77620160482763,0.44543792659975234,89.94799041748047,0.4392512832147846,91.4105593673582,0.444486148401557,25096000.0,414200000.0
2014-06-24,2.698439712524414,0.4382995069026947,90.3136326549499,0.4480553611212257,89.21670594254161,0.43639592213254647,89.94799041748047,0.44448615031428496,33225000.0,275780000.0
2014-06-25,2.7094084167480466,0.44282054901123047,91.04489821461048,0.4430585077731203,89.94797173009711,0.4354441961450493,89.94797173009711,0.4394892965381899,30757000.0,215420000.0
2014-06-26,2.7313471984863282,0.43687188625335693,91.41054881145678,0.44305853072731816,90.31362222571929,0.43544421870476113,91.04490661621094,0.4428205719531001,30279000.0,256908000.0
2014-06-27,2.753286209106445,0.43734776973724365,92.5074914879058,0.4399651742219213,90.67928019367841,0.43377853022983115,91.41056471136936,0.43639596308007744,44396000.0,302820000.0
2014-06-30,2.775224304199219,0.44115495681762695,92.87311900745739,0.44234469398774634,91.41055020419034,0.43568216016196326,92.14183460582386,0.43568216016196326,33280000.0,180512000.0
2014-07-01,2.808131790161133,0.44615182280540466,93.97003516554832,0.4487692556825872,92.14182436466217,0.43925133084081835,92.5074665248394,0.4406790266584759,32922000.0,321180000.0
2014-07-02,2.9068553924560545,0.44448617100715637,96.89517974853516,0.4463897558659252,94.33568443442292,0.44186873828065326,94.70132662215323,0.44448617100715637,51457000.0,179284000.0
2014-07-03,2.9507322692871094,0.4485313296318054,98.72338447428992,0.4497210667780872,95.43260499181358,0.44044110001774656,96.16388932125277,0.44044110001774656,40176000.0,136892000.0
2014-07-04,2.961702346801758,,99.4546960901331,,96.52955796983507,,97.62648476494684,,44006000.0,
2014-07-07,2.983640899658203,0.44496214389801025,99.45469665527344,0.4494831623343988,96.8952007854686,0.4442482958958886,98.35776985392852,0.44924520354516734,32123000.0,127496000.0
2014-07-08,2.9507322692871094,0.4413929581642151,99.45466880372909,0.4456760180628021,97.99210014485072,0.4371098982656281,99.0890266390095,0.44377243273392186,36117000.0,221940000.0
2014-07-09,2.9397637939453123,0.4547179639339447,98.7234109907008,0.45662154899838964,97.62648420191523,0.4418687860231191,97.62648420191523,0.44520006697729037,39145000.0,387668000.0
2014-07-10,2.9507322692871094,0.45233845710754395,99.45466880372909,0.45424204203485136,98.35774230957033,0.4425826020835736,98.35774230957033,0.4461518131851869,47098000.0,266308000.0
2014-07-11,2.994609146118164,0.4532902240753174,100.91723129775498,0.454717919826558,99.08902058583914,0.45114870881402414,99.4546627282223,0.45281433494675977,43144000.0,191188000.0
2014-07-14,2.9721757507324216,0.45900100469589233,100.56795936440521,0.46019074176741387,99.07252502441406,0.45352820849377934,100.56795936440521,0.45519383472079566,46321000.0,272636000.0
2014-07-15,2.9833918762207032,0.46090468764305115,100.19411313623414,0.4620944249674367,99.07253724291809,0.4566216276021481,99.44639587402344,0.45971495031866555,36989000.0,395440000.0
2014-07-16,2.9273133087158203,0.4604285955429077,99.82026225122912,0.46637730827616525,97.20325163041038,0.4578111914404615,99.44640359111216,0.4628080976555495,39065000.0,319728000.0
2014-07-17,2.792723922729492,0.45923900604248047,93.83851467270449,0.46399798342938964,91.96922155173428,0.45519390504746005,93.46465604851045,0.45519390504746005,136198000.0,324832000.0
2014-07-18,2.7702925872802733,0.4387754201889038,92.71694489143155,0.45329022295007043,90.8476516476527,0.43806157231505555,90.8476516476527,0.44972101194639674,95711000.0,567816000.0
2014-07-21,2.7702925872802733,0.4413929581642151,93.09080354018732,0.4444862807779487,91.59536894516424,0.4371098982656281,92.71694489143155,0.4371098982656281,56612000.0,243364000.0
2014-07-22,2.792723922729492,0.43948930501937866,93.46465604851045,0.44710361679438926,91.59536292754025,0.43853752668459106,92.34308017592832,0.44472414259185034,53220000.0,298816000.0
2014-07-23,2.792723922729492,0.43020936846733093,93.0907974243164,0.43996522472104016,93.0907974243164,0.4297334792669097,93.0907974243164,0.4397272943036155,0.0,297352000.0
2014-07-24,2.8039398193359375,0.4309232234954834,93.46466064453125,0.4337785871102623,92.71694335937501,0.42782990109381774,93.09080200195312,0.4325888499069734,65602000.0,254576000.0
2014-07-25,2.759076919555664,0.4233088195323944,93.46466529660108,0.43044724120853484,91.59537199066905,0.4225949716916671,93.09080663541468,0.4294954346323763,31299000.0,266132000.0
2014-07-28,2.725429229736328,0.42164313793182373,91.59535820101513,0.42521234853978396,90.47378238630883,0.4145047167159033,91.22149959611303,0.42521234853978396,43425000.0,330352000.0
2014-07-29,2.781508026123047,0.42307087779045105,92.71693420410156,0.42878163238008704,91.22149978145477,0.4216431820516502,91.59535838711646,0.42188114079663946,37994000.0,217972000.0
2014-07-30,2.792723922729492,0.43020936846733093,93.46465604851045,0.43139910565117,91.96922155173428,0.4244986413311322,92.34308017592832,0.42568837851497127,32381000.0,246184000.0
2014-07-31,2.7142140197753903,0.41640836000442505,92.71695274163869,0.4283057303726098,90.47380065917969,0.4156945121092203,92.71695274163869,0.42497447801574545,44748000.0,401880000.0
2014-08-01,2.691781768798828,0.4209294021129608,90.47377611796063,0.423308876324242,89.35220038096111,0.4149806882191879,89.72605895996094,0.41640838409218456,52455000.0,219884000.0
2014-08-04,2.7702925872802733,0.419977605342865,92.34308624267578,0.42402270592460795,89.72607570138538,0.4178360898482865,89.72607570138538,0.4204534945232634,39633000.0,241724000.0
2014-08-05,2.6805661010742186,0.4202156364917755,91.5953549181567,0.4264022819992258,89.35220336914062,0.41521872832302137,91.5953549181567,0.4187879403391099,61184000.0,298136000.0
2014-08-06,2.7029976654052734,0.41973963379859924,90.84763937669176,0.42497447100108016,88.9783463854018,0.414266837846455,88.9783463854018,0.4173601313986701,34561000.0,223456000.0
2014-08-07,2.725429229736328,0.4154566526412964,90.84764099121094,0.42711606624619824,89.35220657160252,0.4126012605730506,90.09992378140673,0.42330892409782594,29493000.0,407696000.0
2014-08-08,2.7029976654052734,0.4521005153656006,90.47378077843376,0.45447998952287455,89.3522049836598,0.4335406112657495,90.09992218017578,0.4335406112657495,35075000.0,894348000.0
2014-08-11,2.7029976654052734,0.4497210383415222,90.47378077843376,0.4544799866257337,89.3522049836598,0.44853130127046936,89.72606358191778,0.45257640163893526,42890000.0,344624000.0
2014-08-12,2.725429229736328,0.4497210383415222,91.22149959611303,0.4521005124836279,90.09992378140673,0.4447241312968725,90.47378238630883,0.4494831079466532,32237000.0,296152000.0
2014-08-13,2.7478612518310546,0.45233845710754395,92.34309240847217,0.4561456269621588,90.0999403661611,0.44757950897205956,90.47379903987962,0.45043487218023653,39756000.0,256596000.0
2014-08-14,2.781508026123047,0.4473416209220886,92.71693420410156,0.4540041550379042,91.96921699277817,0.4454380356939166,92.34307559843987,0.4540041550379042,32907000.0,255992000.0
2014-08-15,2.781508026123047,0.45305225253105164,93.46465141542497,0.4556696566830942,91.96921699277817,0.44448613553303123,93.09079280976327,0.44876919403204146,19151000.0,369796000.0
2014-08-18,2.759076919555664,0.45923900604248047,92.71694797422828,0.45971492363707295,91.59537199066905,0.45043495602612454,92.71694797422828,0.4549559462501638,14578000.0,284076000.0
2014-08-19,2.781508026123047,0.462943434715271,93.46465141542497,0.4653334346355433,92.34307559843987,0.4576854120978349,92.71693420410156,0.4593584348348626,31575000.0,248260000.0
2014-08-20,2.8151559448242187,0.46007540822029114,93.83853149414062,0.4634214251756796,93.0908141117172,0.45888040827001947,93.4646728029289,0.4612704081705628,28876000.0,221468000.0
2014-08-21,2.792723922729492,0.4557734429836273,94.21237329689853,0.46127044893892694,92.71693880012236,0.4550564657429328,94.21237329689853,0.45888044882714873,22562000.0,272796000.0
2014-08-22,2.8151559448242187,0.4560125172138214,94.21239018535233,0.45983652931590135,92.34309672929376,0.4524275165522662,93.0908141117172,0.4552955113832998,42715000.0,251224000.0
2014-08-25,2.8039398193359375,0.4567294418811798,94.2123779296875,0.4610314476087681,93.46466064453125,0.45577342478002264,93.83851928710938,0.45792444188934056,20077000.0,153380000.0
2014-08-26,2.792723922729492,0.46485546231269836,93.83851467270449,0.4658114509295562,92.71693880012236,0.45625145079678636,93.46465604851045,0.4579244451218116,28801000.0,269636000.0
2014-08-27,2.8151559448242187,0.4595974385738373,94.21239018535233,0.465572438645469,93.0908141117172,0.4588804328670319,93.83853149414062,0.46198743860249,36779000.0,182972000.0
2014-08-28,2.8039398193359375,0.46342146396636963,94.2123779296875,0.46437745261018953,93.09080200195312,0.4572074523083946,94.2123779296875,0.458641463765173,21587000.0,179704000.0
2014-08-29,2.781508026123047,0.46485546231269836,93.46465141542497,0.4658114509295562,92.71693420410156,0.46007543375526566,93.09079280976327,0.46509444522138893,28324000.0,207932000.0
2014-09-01,2.882449951171875,,96.0816650390625,,93.46465470725924,,93.46465470725924,,36304000.0,
2014-09-02,2.826371383666992,0.4660504460334778,95.7078140500992,0.4660504460334778,93.8385208069332,0.46174844042594476,95.7078140500992,0.4660504460334778,19182000.0,192636000.0
2014-09-03,2.87123405456543,0.4703524708747864,95.70780181884766,0.4720254652097265,93.83850881457329,0.465333459378918,94.96008461713791,0.46844046513869136,24561000.0,259456000.0
2014-09-04,2.860018615722656,0.47871750593185425,95.7078125,0.4815855289905565,94.2123779296875,0.46939648797317185,95.7078125,0.46963549939174704,21641000.0,491832000.0
2014-09-05,2.848802490234375,0.4772835373878479,96.08165879136935,0.48039054365390005,93.83850722425566,0.4741765311217957,96.08165879136935,0.47823952616614734,20096000.0,253792000.0
2014-09-08,,0.4729814827442169,,0.47776148313111777,,0.4710694768912466,,0.47680549445015746,,319288000.0
2014-09-09,2.848802490234375,0.46700647473335266,95.33394160233145,0.47393749227727416,94.58622441329356,0.4665284804005768,95.33394160233145,0.47083048637765756,22090000.0,198588000.0
2014-09-10,2.8039398193359375,0.4686794579029083,94.2123779296875,0.47035248076407216,92.71694335937501,0.4643774520290057,94.2123779296875,0.46963547503658026,29294000.0,172376000.0
2014-09-11,2.8039398193359375,0.4638994634151459,94.2123779296875,0.467006469278471,93.46466064453125,0.4588804517520015,94.2123779296875,0.4653334748877725,22827000.0,250720000.0
2014-09-12,2.759076919555664,0.4569683372974396,93.46466529660108,0.4667673468846675,91.96923065185547,0.45649034308390113,93.09080663541468,0.4667673468846675,19798000.0,262536000.0
2014-09-15,2.7702925872802733,0.4507544934749603,92.34308624267578,0.45911949449030875,91.22151029640847,0.4488424875446705,91.59536894516424,0.4584024887050687,19518000.0,294152000.0
2014-09-16,2.7478612518310546,0.45744645595550537,91.96923373475367,0.4598364560155636,91.22151638731664,0.4481254386266492,91.96923373475367,0.4495594500591034,19187000.0,219936000.0
2014-09-17,2.792723922729492,0.4576854109764099,93.46465604851045,0.46198741652056846,91.96922155173428,0.45410041110478555,92.34308017592832,0.456251428122388,23504000.0,173584000.0
2014-09-18,2.8039398193359375,0.4646165072917938,93.46466064453125,0.46509450165822497,92.34308471679688,0.45911950085020803,93.09080200195312,0.4605535124405526,14726000.0,219604000.0
2014-09-19,2.8039398193359375,0.4560125172138214,94.2123779296875,0.4665285362490149,93.46466064453125,0.4552955113832998,93.83851928710938,0.46605054185901806,30603000.0,601316000.0
2014-09-22,2.7366446685791015,0.4514714777469635,92.71692319776191,0.46533348446720746,91.22148895263672,0.4509934549188814,92.71692319776191,0.46533348446720746,39365000.0,221464000.0
2014-09-23,2.7478612518310546,0.4495595097541809,92.34309240847217,0.45457849345212376,91.22151638731664,0.44740849231987523,91.96923373475367,0.4490814868858562,15286000.0,196144000.0
2014-09-24,2.759076919555664,0.45218849182128906,92.71694797422828,0.45362250344018457,91.22151332948265,0.4488425026986019,91.22151332948265,0.4493204970745498,27613000.0,159592000.0
2014-09-25,2.7366446685791015,0.44238942861557007,92.71692319776191,0.45290544614626443,90.84763039135542,0.4414334399723472,91.96920607519931,0.4517104460967115,23213000.0,298440000.0
2014-09-26,2.7142140197753903,0.44334542751312256,90.84765933958953,0.44669141611781615,90.09994197876986,0.4419114161162268,90.47380065917969,0.443823421815072,23545000.0,241188000.0
2014-09-29,2.7029976654052734,0.4426284432411194,91.22149797494976,0.4457354490907637,89.72606358191778,0.4354584428916551,91.22149797494976,0.4397604487995434,54783000.0,208540000.0
2014-09-30,2.691781768798828,0.4409554898738861,90.47377611796063,0.44406249601253295,88.97834180196126,0.43569746633569073,89.72605895996094,0.4407164784435858,44070000.0,277204000.0
2014-10-01,2.725429229736328,0.4366534650325775,91.22149959611303,0.4447794544431696,89.72606517650462,0.4354584649138993,89.72606517650462,0.44167247692744627,42211000.0,350976000.0
2014-10-02,2.7142140197753903,0.43474143743515015,91.59537670040919,0.43808742620394325,90.09994197876986,0.4247034141466733,90.47380065917969,0.43593643749415467,30761000.0,288996000.0
2014-10-03,2.792723922729492,0.4356973171234131,93.46465604851045,0.4433453383812052,91.22150430334621,0.4356973171234131,91.59536292754025,0.4373703395804561,52003000.0,239140000.0
2014-10-06,2.826371383666992,0.43306851387023926,94.2123794555664,0.44095552124763726,92.7169448610336,0.43020049046678294,93.4646621583,0.4373705204843703,37186000.0,199032000.0
2014-10-07,2.8039398193359375,0.42852744460105896,93.83851928710938,0.43545846234310465,92.34308471679688,0.4280494502546196,93.46466064453125,0.43115645624305043,39986000.0,301896000.0
2014-10-08,2.7478612518310546,0.43641436100006104,93.46466842962771,0.43856537785184047,91.59537506103516,0.424703345227602,92.34309240847217,0.42804936194446636,29221000.0,260172000.0
2014-10-09,2.8039398193359375,0.42804935574531555,93.46466064453125,0.4349803719570575,92.34308471679688,0.4244643562019798,92.71694335937501,0.4345023492251111,35347000.0,306956000.0
2014-10-10,,0.40271541476249695,,0.42613745153284144,,0.4024764318307897,,0.4247034399783957,,691376000.0
2014-10-13,2.7029976654052734,0.4012814164161682,90.84763937669176,0.413470428691583,88.23062918888583,0.4008034220799077,88.9783463854018,0.4053444110109567,69183000.0,397628000.0
2014-10-14,2.7142140197753903,0.4106024503707886,90.84765933958953,0.4218354459254888,89.3522246179502,0.404388438281269,89.72608329836002,0.40677843854784573,31862000.0,376620000.0
2014-10-15,2.725429229736328,0.4168162941932678,91.96921680591724,0.418967310806491,90.47378238630883,0.40199830320779667,90.84764099121094,0.4046272855247926,43922000.0,404428000.0
2014-10-16,2.725429229736328,0.4170553684234619,92.71693401572145,0.4218353680744514,89.72606517650462,0.4084513576552628,90.84764099121094,0.40940737468008787,45527000.0,351116000.0
2014-10-17,2.7702925872802733,0.4163384437561035,93.83852083769888,0.42685446212829,92.34308624267578,0.41466544925106613,93.4646621889431,0.4220744615475827,91597000.0,290716000.0
2014-10-20,2.826371383666992,0.41992342472076416,94.2123794555664,0.4237474364044398,93.0908035096668,0.41347042993422983,93.4646621583,0.4163384244514618,38276000.0,200336000.0
2014-10-21,2.8039398193359375,0.4378484785556793,94.2123779296875,0.43832647291957405,93.09080200195312,0.421835453682323,94.2123779296875,0.42303045383758536,25582000.0,351092000.0
2014-10-22,2.8936653900146485,0.4275713562965393,96.45551300048828,0.43856536615861125,95.33393726792445,0.4275713562965393,95.33393726792445,0.4371313549623259,64167000.0,239512000.0
2014-10-23,2.860018615722656,0.43713143467903137,96.08167114257813,0.44023844051022437,95.33395385742188,0.4318734401521925,95.7078125,0.4349804459833855,26374000.0,214476000.0
2014-10-24,2.8151559448242187,0.4416724741458893,95.33396625898749,0.44430145729579457,93.4646728029289,0.43713145662888014,94.96010756777576,0.43976046826983545,42082000.0,210156000.0
2014-10-27,2.87123405456543,0.44191139936447144,95.70780181884766,0.4435843936033992,94.58622601628304,0.43665340526025004,94.58622601628304,0.44143340508064155,25119000.0,145092000.0
2014-10-28,2.87123405456543,0.4524275064468384,96.82937762141228,0.4529055008261587,95.33394321799278,0.44023849307338364,96.4555190205574,0.440716487452704,34984000.0,192580000.0
2014-10-29,2.8936653900146485,0.4495595097541809,96.82937157800954,0.45314451032030517,95.70779584544573,0.44549648631973193,96.45551300048828,0.45051549850872663,34583000.0,168340000.0
2014-10-30,2.882449951171875,0.44669145345687866,96.45552365789155,0.45027645375774183,94.96008918257539,0.44095546437191746,96.0816650390625,0.4483644763901213,35688000.0,170260000.0
2014-10-31,2.9273133087158203,0.46700647473335266,97.57711029052734,0.4672454861452652,95.33395832982556,0.45457845113488626,95.70781698994253,0.4569684512898145,41983000.0,256316000.0
2014-11-03,2.9385292053222654,0.4748935103416443,99.07254954330794,0.47943452801175435,97.57711483322028,0.47250351003876034,98.69869086578602,0.4777615050068948,44912000.0,308732000.0
2014-11-04,2.9609603118896484,0.4811074733734131,98.69867706298828,0.48278046771630084,97.9509598125111,0.4701134617069253,98.69867706298828,0.47800046759887976,32171000.0,360196000.0
2014-11-05,2.9609603118896484,0.4811074733734131,98.69867706298828,0.4842144791479464,97.9509598125111,0.47752247328534725,98.32481843774968,0.4839754962367042,22440000.0,335652000.0
2014-11-06,2.9609603118896484,0.483258455991745,99.07253568822688,0.48397546165633726,98.32481843774968,0.47465441650768403,99.07253568822688,0.4820634275567272,28374000.0,394088000.0
2014-11-07,2.9385292053222654,0.4729814827442169,98.32483218826411,0.49449151297632055,97.57711483322028,0.468201482357316,98.32483218826411,0.48875552390845933,16709000.0,450800000.0
2014-11-10,3.0170388793945313,0.47847849130630493,100.56796264648438,0.4815854970867009,98.69866966049025,0.47130846262559606,99.07252825768907,0.47250346265720616,42569000.0,293388000.0
2014-11-11,3.0058241271972657,0.4727424383163452,100.94185501781861,0.47823941525329217,99.44642012866575,0.4686794157232335,100.94185501781861,0.4756104324771536,20451000.0,212992000.0
2014-11-12,2.9609603118896484,0.4696354866027832,100.56797018918124,0.47226446968026864,98.32481843774968,0.46318246338747976,100.56797018918124,0.47106946960203455,27373000.0,204584000.0
2014-11-13,3.0058241271972657,0.46724554896354675,100.56799629553039,0.47202554991604495,99.07256140637753,0.463421536805127,99.82027885095397,0.4713085440749596,24882000.0,225328000.0
2014-11-14,3.0282552337646482,0.4729814827442169,100.94184112548828,0.4729814827442169,99.82026511298285,0.4631824705546502,100.194123783818,0.4677234880168359,23655000.0,160248000.0
2014-11-17,2.9833918762207032,0.4708304703235626,101.3156890295502,0.47584948187419646,99.07253724291809,0.46772346452988683,100.94183039844485,0.4708304703235626,23562000.0,158732000.0
2014-11-18,2.949744644165039,0.48206353187561035,100.56797329282578,0.48325856056923316,97.95096283539166,0.46987451841296923,100.19411465604948,0.4710695186155398,42688000.0,207772000.0
2014-11-19,3.050687026977539,0.4802634119987488,102.06342627020443,0.4838636128096223,99.07255663591273,0.4752231880867764,99.4464153401992,0.4824235324852729,70920000.0,240300000.0
2014-11-20,3.1179808044433592,0.48818376660346985,103.93269348144531,0.4886638124232133,102.43725904286336,0.47546315322436367,102.81111765250886,0.47690323346034685,44092000.0,220968000.0
2014-11-21,3.106765365600586,0.4908239543437958,104.30656281619295,0.49322406910147876,102.8111282238461,0.4867437649780596,104.30656281619295,0.4925040289518489,30388000.0,198976000.0
2014-11-24,3.106765365600586,0.4939440190792084,105.05428011236638,0.4961040819105183,103.18498687193282,0.49010382472331193,104.68042146427966,0.4920238932896406,33292000.0,136004000.0
2014-11-25,3.1179808044433592,0.4937039315700531,104.68041070073629,0.4973041313982955,103.55883487179982,0.49202385739128496,103.55883487179982,0.4929838916044046,42648000.0,190240000.0
2014-11-26,3.1179808044433592,0.5021045207977295,103.93269348144531,0.5025845666699394,103.18497626215434,0.49058393487397095,103.55883487179982,0.4908239864217026,23137000.0,219264000.0
2014-11-27,3.140412368774414,,106.17584675380162,,104.68041229248047,,104.68041229248047,,26123000.0,
2014-11-28,3.174059600830078,0.5033045411109924,105.80198669433594,0.5061847018489188,103.93269364319926,0.4992243515477649,103.93269364319926,0.5037845869750642,35681000.0,124832000.0
2014-12-01,3.140412368774414,0.4939440190792084,106.17584675380162,0.5040244648872925,103.55883644648961,0.49322397906102533,103.9326950618199,0.5011443620377996,41250000.0,190060000.0
2014-12-02,3.084333114624023,0.49466395378112793,104.30653805819425,0.4968240161525505,102.81110382080078,0.48890363486206245,104.30653805819425,0.49346386826524696,45913000.0,245952000.0
2014-12-03,3.0955494689941405,0.507384717464447,103.93269956284675,0.5076247117515418,102.0634064052416,0.49562413904813835,102.81112366828366,0.4970642192171956,38940000.0,284424000.0
2014-12-04,3.1179808044433592,0.5028245449066162,104.68041070073629,0.50858480907257,103.55883487179982,0.49946439557841416,103.93269348144531,0.5066647400916693,28226000.0,185332000.0
2014-12-05,3.084333114624023,0.5057043433189392,104.30653805819425,0.5083444505821403,102.43724526145242,0.5028241846876577,103.55882093949752,0.5030641788325276,27050000.0,165680000.0
2014-12-08,3.0955494689941405,0.4992241859436035,103.55884093132572,0.5100247279047866,102.43726503676262,0.4951439977338684,103.18498229980469,0.5049845055086256,19595000.0,226944000.0
2014-12-09,3.0955494689941405,0.49754419922828674,103.93269956284675,0.49874428508959495,102.81112366828366,0.48866378130293114,103.18498229980469,0.49610411908401425,31770000.0,239448000.0
2014-12-10,3.050687026977539,0.4865036904811859,103.93271979163674,0.4980242751081985,101.68956756591797,0.4860237018862564,103.18500238306382,0.4961041490587397,39726000.0,204364000.0
2014-12-11,3.0170388793945313,0.4862637519836426,101.68953843808086,0.492744056544797,100.56796264648438,0.4853037174603703,100.94182124368321,0.4893839071017175,32283000.0,135652000.0
2014-12-12,3.0282552337646482,0.4711429476737976,101.68955846715856,0.4841035547441451,100.56798245465315,0.470662901876537,100.94184112548828,0.4797833428501552,31433000.0,323964000.0
2014-12-15,3.050687026977539,0.469702810049057,102.06342627020443,0.4853035812611133,100.56799145305858,0.46826273005667685,100.56799145305858,0.4766631299184509,44381000.0,254696000.0
2014-12-16,2.9833918762207032,0.4644225537776947,101.3156890295502,0.4766631483514244,99.44639587402344,0.46418255951076304,100.5679717673395,0.46922281106738584,41199000.0,185308000.0
2014-12-17,2.9273133087158203,0.48338350653648376,99.44640359111216,0.48410354660865196,97.20325163041038,0.4584222985749232,99.44640359111216,0.4737830485385655,70497000.0,345596000.0
2014-12-18,2.949744644165039,0.48530369997024536,99.44639738249687,0.4951441536198339,97.95096283539166,0.48074346461998424,98.69868010894427,0.4893838894645443,50410000.0,226156000.0
2014-12-19,3.0955494689941405,0.49010398983955383,103.18498229980469,0.49202405905275465,100.19411324763644,0.4841036734075992,100.56797187915747,0.48866390931802406,44362000.0,325528000.0
2014-12-22,3.106765365600586,0.4987443685531616,104.68042146427966,0.4987443685531616,102.43726957575939,0.4879438228869185,102.8111282238461,0.48962389759531133,34577000.0,148976000.0
2014-12-23,3.084333114624023,0.49562427401542664,104.68039661754261,0.5049847404400758,102.43724526145242,0.4951442280872677,103.93267949884589,0.5025846252458012,19122000.0,109280000.0
2014-12-24,3.0955494689941405,0.4937039315700531,103.18498229980469,0.49754412564576667,101.68954777372056,0.49322394307511075,101.68954777372056,0.4968240856801182,16679000.0,45644000.0
2014-12-25,3.084333114624023,,103.18496238014914,,102.43724526145242,,102.43724526145242,,7358000.0,
2014-12-26,3.1179808044433592,0.4941842257976532,103.93269348144531,0.4968243355171676,102.43725904286336,0.49250415077402915,103.18497626215434,0.49370417983807613,13112000.0,52636000.0
2014-12-29,3.1628446197509765,0.4934641122817993,105.42815399169922,0.49682426183068695,103.18500177910988,0.4903439570654736,103.18500177910988,0.49274407206085835,34993000.0,82944000.0
2014-12-30,3.140412368774414,0.4889037013053894,105.80198813847134,0.49250390111908215,103.9326950618199,0.48818366134265084,105.42812952314105,0.49010378698436524,21789000.0,112120000.0
2014-12-31,3.1628446197509765,0.48122352361679077,105.42815399169922,0.49226406359614483,103.93271918330633,0.47978341462120455,103.93271918330633,0.48962389715113436,18306000.0,166300000.0
2015-01-02,,0.48314350843429565,,0.48674370876667744,,0.4754631192073766,,0.48314350843429565,,113680000.0
2015-01-05,3.1291969299316404,0.4749830961227417,105.05428163808733,0.4845835825369187,102.81112971698938,0.4728230045618151,105.05428163808733,0.48314350242188686,32046000.0,197952000.0
2015-01-06,2.9946080017089844,0.4605824649333954,102.81113613857312,0.4761832107429229,99.44640804676527,0.46010244770773484,102.81113613857312,0.47570319351726237,66778000.0,197764000.0
2015-01-07,3.0058241271972657,0.45938241481781006,100.94185501781861,0.4680228394626443,99.82027885095397,0.4579423345064627,99.82027885095397,0.46394262145103504,43703000.0,321808000.0
2015-01-08,3.0955494689941405,0.47666317224502563,103.18498229980469,0.4795433324855375,101.68954777372056,0.464422577057714,102.0634064052416,0.46466259994829706,42491000.0,283780000.0
2015-01-09,3.0058241271972657,0.47858327627182007,101.31571374010683,0.48218347662313976,99.44642012866575,0.47186294996872613,100.94185501781861,0.4783432819894799,61558000.0,209540000.0
2015-01-12,2.9609603118896484,0.4725830852985382,99.82025293870406,0.4800234531716664,98.69867706298828,0.4682628726177421,99.07253568822688,0.4797834302293226,30338000.0,190732000.0
2015-01-13,2.9721757507324216,0.4718629717826843,99.44638360941185,0.48578364220871906,97.5770906844229,0.46850282278161043,97.95094926942069,0.47618318379236724,37818000.0,236720000.0
2015-01-14,2.916097183227539,0.47378307580947876,99.44639112032377,0.47522315603670606,97.20323944091797,0.46562269748618623,99.07253250708946,0.4668227548050012,48740000.0,155260000.0
2015-01-15,2.949744644165039,0.4704228639602661,99.44639738249687,0.4800233212291305,98.32482147216797,0.4701828410838967,98.32482147216797,0.4771431897707951,40607000.0,188932000.0
2015-01-16,3.0731179046630857,0.4790633022785187,104.68041524399807,0.47954331943500017,101.68954623702669,0.4682627588937733,104.68041524399807,0.4697028389748381,124042000.0,181512000.0
2015-01-19,3.1179808044433592,,104.3065520910908,,102.81111765250886,,103.55883487179982,,49986000.0,
2015-01-20,3.0955494689941405,0.4805034399032593,103.93269956284675,0.4850636177417568,102.81112366828366,0.4745031245879893,103.93269956284675,0.48242350875912693,32739000.0,140308000.0
2015-01-21,3.1628446197509765,0.48722371459007263,105.42815399169922,0.4884238004844639,104.30657788540455,0.4745031016703994,104.30657788540455,0.4778632792291254,70464000.0,144780000.0
2015-01-22,3.140412368774414,0.49562427401542664,106.17584675380162,0.4970643545766434,104.30655367715019,0.4831436521158944,105.80198813847134,0.4881838768568932,43846000.0,159712000.0
2015-01-23,3.2525706481933594,0.49706435203552246,108.41902160644531,0.4980243866636724,106.54972813047212,0.49202407009703086,106.54972813047212,0.4961042601841128,82089000.0,120416000.0
2015-01-26,3.2525706481933594,0.4949040412902832,108.79288030163994,0.4973041555512681,107.29744552086139,0.49178388702867903,108.79288030163994,0.4949040412902832,46716000.0,133240000.0
2015-01-27,3.297432632446289,0.4711429476737976,109.91442108154295,0.4877037551654886,108.04512820600651,0.47018288469089864,108.7928453562211,0.48722370936822795,52805000.0,357948000.0
2015-01-28,3.2862174224853513,0.4634626507759094,109.91443938688205,0.47882340406408647,108.79286347477101,0.4632226278293645,109.5405807495117,0.4769033063266109,45898000.0,272728000.0
2015-01-29,3.2189231872558595,0.4747430682182312,108.41901559862941,0.47738317675996045,106.92358090071728,0.4615424110631085,107.67129824967334,0.4637025310826533,34459000.0,235340000.0
2015-01-30,3.1628446197509765,0.4608224630355835,108.79288231058324,0.47690325481483187,105.42815399169922,0.4601024514969752,108.41902360848502,0.47138298514521115,43666000.0,298200000.0
2015-02-02,3.1964911651611327,0.4709029197692871,106.92356412117941,0.4728230171030515,105.05427104213781,0.4545821353497227,105.05427104213781,0.4637025762263871,29181000.0,259604000.0
2015-02-03,3.241354751586914,0.48266345262527466,108.04515838623047,0.483143498400704,106.17586498854482,0.47186293768729154,106.92358234761907,0.47426305211795444,27160000.0,183468000.0
2015-02-04,3.2750010681152344,0.4838636517524719,109.54056083992737,0.4893839219579328,107.67126799282963,0.479783433375635,108.04512656224918,0.48122354242751414,40416000.0,181516000.0
2015-02-05,3.2637860870361326,0.49178385734558105,109.16672822617993,0.4920238515902226,107.29743493463575,0.48386347504006566,108.7928695678711,0.4843434635293488,23363000.0,140448000.0
2015-02-06,3.207707061767578,0.4896237850189209,108.79286188512415,0.4970641795576511,106.92356872558594,0.48746366493768567,108.79286188512415,0.4913038593410239,27301000.0,210524000.0
2015-02-09,3.1852752685546872,0.4891436696052551,107.29741808394311,0.4905836920626482,105.80198368556064,0.48362340231170253,106.92355948434749,0.4867435558786333,26315000.0,273944000.0
2015-02-10,3.1964911651611327,0.5028245449066162,106.92356412117941,0.503064539223416,105.80198827375446,0.48746376416640425,106.17584688956278,0.4896238846873562,33294000.0,226204000.0
2015-02-11,3.319865341186523,0.499464213848114,111.40989545873694,0.5040243903243437,109.16674320117848,0.4961040085192728,109.16674320117848,0.5040243903243437,71259000.0,320832000.0
2015-02-12,3.3310805511474606,0.5352262258529663,111.78373566701357,0.5400264564434919,110.2883010761505,0.52490572436101,111.78373566701357,0.5280258799671779,33577000.0,676904000.0
2015-02-13,3.3310805511474606,0.5354660749435425,112.15759431472934,0.5361861150591006,110.66215972386627,0.5258656163670962,111.03601837158203,0.5340259947124262,37815000.0,310084000.0
2015-02-17,,0.5371459722518921,,0.5397861375456198,,0.531145716232897,,0.5345058641813925,,203340000.0
2015-02-18,,0.5309057235717773,,0.5373860831912274,,0.5299456893692333,,0.5364259917654489,,170948000.0
2015-02-19,,0.5323458313941956,,0.5385861398727173,,0.5299457171503977,,0.5376261056198457,,169432000.0
2015-02-20,,0.5361862778663635,,0.5364262722366724,,0.5280258970432207,,0.5318660930844833,,157752000.0
2015-02-23,,0.5318658351898193,,0.5359460236229617,,0.5292256695035463,,0.5359460236229617,,125008000.0
2015-02-24,3.387158889770508,0.5375276207923889,113.6530135198934,0.5375276207923889,111.03600334015903,0.5290949066920378,111.40986193726394,0.5339136168761117,72531000.0,149356000.0
2015-02-25,3.4656703948974608,0.533432126045227,115.52234649658203,0.5377690029548142,114.02691159047741,0.5310227691322119,114.02691159047741,0.5353595885981992,48183000.0,123820000.0
2015-02-26,3.3759429931640623,0.5348774194717407,115.14844317768896,0.5380095872576447,112.53143310546875,0.5305405452557671,114.77458459594322,0.5339136887938236,55574000.0,152864000.0
2015-02-27,,0.5315043926239014,,0.5346365607589473,,0.5295768736096428,,0.5334318541945894,,157492000.0
2015-03-02,3.342296447753906,0.5445150136947632,114.40075089627464,0.5474062640883158,111.03602292873715,0.5293360640157772,113.27917490709548,0.5300588766141653,41388000.0,301512000.0
2015-03-03,3.3759429931640623,0.534395694732666,112.9052916872145,0.5430693884692828,111.03599877848578,0.5327091511510437,112.15757452372301,0.540419113904388,29134000.0,160344000.0
2015-03-04,3.3759429931640623,0.5404191017150879,113.27915026896025,0.5416237510561116,111.40985736023153,0.5302997830100152,112.15757452372301,0.5324682207561553,32627000.0,226840000.0
2015-03-05,3.364727325439453,0.550779402256012,112.90529469807943,0.5517431333285805,111.03600173950196,0.538973538647181,112.15757751464844,0.5404191639778276,28872000.0,323056000.0
2015-03-06,3.342296447753906,0.5433104038238525,111.7837402548566,0.5502974970435784,111.03602292873715,0.5428285095753671,111.40988159179688,0.547647222285875,31316000.0,257392000.0
2015-03-09,3.2637860870361326,0.5447559952735901,110.28830420110643,0.5488519529541314,108.41901090956226,0.5423466388139954,110.28830420110643,0.5435513457655873,67163000.0,222388000.0
2015-03-10,3.230138397216797,0.5541523694992065,108.41899712880453,0.5577664320416922,107.67127990722656,0.5462014893493133,108.41899712880453,0.5471652202127845,46809000.0,527212000.0
2015-03-11,3.2750010681152344,0.5512610673904419,110.662136548186,0.5613803256118707,106.92355085399053,0.5498154426606481,107.29740942341007,0.5541522594064655,51795000.0,262120000.0
2015-03-12,3.319865341186523,0.5462016463279724,111.03603674914386,0.550056628333356,109.54060191077156,0.5358414073200755,109.91446062036464,0.5459607279037584,32183000.0,406972000.0
2015-03-13,3.342296447753906,0.5469242930412292,111.7837402548566,0.5483699180349196,109.91444693955799,0.5360821630321259,110.66216426567743,0.543551206351668,45451000.0,359288000.0
2015-03-16,3.2750010681152344,0.5534297823905945,111.78371225644464,0.5568029279519149,109.16670227050781,0.5476473374111289,111.4098536870251,0.5512614014255441,36912000.0,236956000.0
2015-03-17,3.342296447753906,0.5601760745048523,112.15759891791632,0.5604169929830787,111.03602292873715,0.5483702074176893,111.03602292873715,0.5522251902873349,55718000.0,299900000.0
2015-03-18,3.443237915039062,0.5510204434394836,115.14845579066572,0.5630672281397775,112.15758680908999,0.5459608110984404,112.90530405448392,0.5601760342778673,70808000.0,413844000.0
2015-03-19,3.4544544982910157,0.5594529509544373,115.89620070023969,0.5613804125971109,114.02690714055841,0.5488517970325861,114.02690714055841,0.5529476961059474,43070000.0,310756000.0
2015-03-20,3.4544544982910157,0.5654764771461487,115.14848327636719,0.5688496221732721,113.27918971668589,0.558730301979081,113.27918971668589,0.5640309092129124,37536000.0,462084000.0
2015-03-23,3.443237915039062,0.5471653342247009,115.14845579066572,0.5558390286904142,114.02687992257482,0.5469244158195272,115.14845579066572,0.5486109595429177,26285000.0,426012000.0
2015-03-24,3.398374328613281,0.539696216583252,114.77457853512402,0.5493336397902356,113.27914428710938,0.537286860781506,114.77457853512402,0.5454786590187275,36086000.0,330480000.0
2015-03-25,3.387158889770508,0.5069290399551392,114.02687211699832,0.5394553767334741,112.53143772857868,0.5052424389492799,113.6530135198934,0.5394553767334741,44424000.0,542552000.0
2015-03-26,3.2637860870361326,0.505242645740509,109.9144455427976,0.5074110843982088,108.04515225125341,0.4929549415674212,108.7928695678711,0.4965690059969207,157081000.0,311920000.0
2015-03-27,3.1964911651611327,0.5151209235191345,108.79285720022102,0.5170483857783837,106.5497055053711,0.4999419715358756,107.67128135279606,0.5081337723030716,106610000.0,318288000.0
2015-03-30,3.1964911651611327,0.5172893404960632,107.67128135279606,0.5199396153550822,106.17584688956278,0.5107840263889621,106.5497055053711,0.5175302589077225,59832000.0,253252000.0
2015-03-31,3.2637860870361326,0.5042787194252014,108.7928695678711,0.5163255004603705,106.92357627632691,0.5037968826499445,107.67129359294458,0.5158436636851136,56539000.0,357276000.0
2015-04-01,3.230138397216797,0.5062064528465271,108.41899712880453,0.5078929971600483,107.29742129643759,0.4975327553458413,108.41899712880453,0.5062064528465271,38697000.0,330768000.0
2015-04-02,3.297432632446289,0.5074109435081482,110.66213823175754,0.5105431126628203,108.04512820600651,0.5030741248405352,108.4189867811138,0.5090974872924194,49213000.0,192204000.0
2015-04-06,,0.5221077799797058,,0.5237943228653104,,0.49994168929423105,,0.5052422362365429,,515864000.0
2015-04-07,3.2750010681152344,0.5266857147216797,110.28827797876646,0.5324681572447576,108.41898513166872,0.519216671412612,109.54056083992737,0.5221079213959381,33362000.0,413964000.0
2015-04-08,3.207707061767578,0.530540943145752,109.16672051703179,0.5324684633907336,106.92356872558594,0.5221082215852302,108.79286188512415,0.5271678545215432,47500000.0,366432000.0
2015-04-09,3.207707061767578,0.5428284406661987,108.79286188512415,0.5445149841564202,106.92356872558594,0.5262038666922708,107.67128598940121,0.5264447850641369,46493000.0,379432000.0
2015-04-10,3.297432632446289,0.5483700633049011,109.91442108154295,0.5486109817198137,108.4189867811138,0.5413829122801316,109.16670393132839,0.5433104319302006,33819000.0,258728000.0
2015-04-13,3.297432632446289,0.5433104038238525,110.28827965665025,0.5502974970435784,109.16670393132839,0.5409009900250119,109.54056250643568,0.5471653280373896,23821000.0,236724000.0
2015-04-14,3.230138397216797,0.5387325286865234,108.7928557395935,0.5433103223077482,107.29742129643759,0.5334319225228117,108.41899712880453,0.5411418846802873,41528000.0,220276000.0
2015-04-15,3.207707061767578,0.5452377796173096,108.04514462130886,0.5493336790284855,105.80199282986301,0.5375278175235798,107.29742735749358,0.5401781493053118,71481000.0,243560000.0
2015-04-16,3.297432632446289,0.5418646335601807,109.91442108154295,0.5466833449815677,108.04512820600651,0.5380096529343568,108.4189867811138,0.5421055518981787,54354000.0,155284000.0
2015-04-17,3.1964911651611327,0.5348774194717407,107.67128135279606,0.5401780243656316,106.5497055053711,0.5302996269471788,106.92356412117941,0.5305405452557671,76708000.0,293636000.0
2015-04-20,3.207707061767578,0.5322273373603821,107.67128598940121,0.5406600556325808,105.80199282986301,0.5312635488919152,106.17585146177065,0.5372869683237013,34341000.0,231624000.0
2015-04-21,3.1964911651611327,0.5315043926239014,107.29742273698774,0.5387324596793372,105.80198827375446,0.5288540611597421,106.17584688956278,0.5387324596793372,36209000.0,230456000.0
2015-04-22,3.2189231872558595,0.5375276207923889,108.41901559862941,0.5382504330643557,106.92358090071728,0.5264445758803076,107.29743957519531,0.5346364291480785,40606000.0,207420000.0
2015-04-23,3.297432632446289,0.5353594422340393,109.91442108154295,0.5404191305786016,108.4189867811138,0.5216261173288244,108.7928453562211,0.5276495366863942,46931000.0,259380000.0
2015-04-24,3.4208068084716796,0.5307817459106445,114.02689361572266,0.5353594829313199,111.03602427498238,0.5247583260951826,111.40988294257491,0.5351185645206498,122689000.0,240960000.0
2015-04-27,3.398374328613281,0.5348774194717407,114.40071997312036,0.5442739228294527,112.15756860109839,0.5278902715306037,114.40071997312036,0.5324680640551657,57529000.0,248456000.0
2015-04-28,3.398374328613281,0.5375276207923889,114.77457853512402,0.5394551393321524,112.53142716310205,0.5288539309723446,114.77457853512402,0.5339136168761117,43177000.0,234484000.0
2015-04-29,3.3310805511474606,0.533432126045227,112.90531161016087,0.5389736526895218,110.66215972386627,0.5312636875904335,112.15759431472934,0.5336730445034485,37363000.0,195156000.0
2015-04-30,3.297432632446289,0.5348774194717407,111.03599680686483,0.537527693196904,109.54056250643568,0.5295768145778499,109.91442108154295,0.5307815210079195,48913000.0,218844000.0
2015-05-01,,0.5481290221214294,,0.5498155655352486,,0.5368049975030235,,0.539214353443276,,256968000.0
2015-05-04,3.308648300170898,0.5447559952735901,111.0359938023454,0.5512613094137261,109.1667009773901,0.5430694514962328,111.0359938023454,0.5476472460025394,30811000.0,200720000.0
2015-05-05,3.297432632446289,0.5307817459106445,110.66213823175754,0.5435513407735787,109.16670393132839,0.5283723894731776,110.28827965665025,0.5428285280979798,27559000.0,292928000.0
2015-05-06,3.308648300170898,0.5324680805206299,110.66213523735433,0.5387324162861493,108.79284241239903,0.52548093236343,108.79284241239903,0.5336727295443865,18784000.0,316484000.0
2015-05-07,3.2862174224853513,0.5418646335601807,110.2882980242524,0.543551176813309,109.16672211214136,0.5286131484295807,109.16672211214136,0.5302996916827091,21826000.0,534564000.0
2015-05-08,3.2862174224853513,0.5018694400787354,110.2882980242524,0.5262039817070844,109.16672211214136,0.49367763920897473,109.16672211214136,0.5062063163817323,19987000.0,1146552000.0
2015-05-11,3.3310805511474606,0.4970506429672241,111.4098770192978,0.5021103311327285,109.91444242843474,0.4910272812664,111.4098770192978,0.494882205182008,20326000.0,544144000.0
2015-05-12,3.308648300170898,0.5018694400787354,111.0359938023454,0.5059653405136156,109.91441810737221,0.49319574491633333,109.91441810737221,0.49343672078445,20509000.0,388800000.0
2015-05-13,3.319865341186523,0.5047605037689209,111.40989545873694,0.5093382967988764,109.91446062036464,0.4999417924037794,110.28831932995772,0.5054833162180492,18844000.0,308524000.0
2015-05-14,3.2750010681152344,0.5129523873329163,111.03599511760555,0.515602719237205,109.16670227050781,0.5050015065072103,110.662136548186,0.506206213271629,38700000.0,293052000.0
2015-05-15,3.2862174224853513,0.5131933689117432,109.91443938688205,0.5175301869364476,108.41900483740066,0.5100612002213974,109.91443938688205,0.5151208308241494,24295000.0,215824000.0
2015-05-18,3.2862174224853513,0.5124706625938416,109.91443938688205,0.5156028319336387,108.41900483740066,0.5095794116821541,109.91443938688205,0.5119887682940294,22879000.0,324972000.0
2015-05-19,3.2862174224853513,0.5092754364013672,110.2882980242524,0.5148426110681482,108.41900483740066,0.5083071869475607,108.79286347477101,0.5131482033787209,26257000.0,253808000.0
2015-05-20,3.2862174224853513,0.5092754364013672,109.91443938688205,0.515568769303769,109.16672211214136,0.508791311674464,109.5405807495117,0.5095174699100848,26920000.0,196824000.0
2015-05-21,3.2637860870361326,0.5056447982788086,109.54058688448876,0.5116960995041842,108.04515225125341,0.5051606734053637,109.16672822617993,0.5095176241379107,40819000.0,239692000.0
2015-05-22,3.2637860870361326,0.5049184560775757,109.9144455427976,0.5087912805273112,108.41901090956226,0.5037082308986072,109.16672822617993,0.5068548971571756,22074000.0,212592000.0
2015-05-25,3.308648300170898,,110.28827667236328,,108.79284241239903,,109.54055954238116,,16253000.0,
2015-05-26,3.2862174224853513,0.5017718076705933,111.03601529899309,0.5058866657606241,109.5405807495117,0.49789898308307395,111.03601529899309,0.5024979658875948,15545000.0,259732000.0
2015-05-27,3.2525706481933594,0.5286397337913513,109.91445638722386,0.5310602430676692,108.41902160644531,0.5034663911500514,108.79288030163994,0.5051607418725246,23825000.0,432332000.0
2015-05-28,3.297432632446289,0.5359010696411133,110.28827965665025,0.5375954197566087,109.16670393132839,0.5276713525917144,109.91442108154295,0.5286395444135014,35891000.0,327656000.0
2015-05-29,3.2750010681152344,0.5356589555740356,110.28827797876646,0.5392896887872064,108.79284370108827,0.5349327973895087,109.9144194093469,0.5359009890657233,56616000.0,335168000.0
2015-06-01,3.2525706481933594,0.5417103171348572,109.16673899683458,0.5470354591008346,107.67130421605603,0.5356590745325652,108.79288030163994,0.5390477750066068,31570000.0,372660000.0
2015-06-02,3.230138397216797,0.5310601592063904,108.04513851801555,0.5412263196453541,107.29742129643759,0.5305760343437791,108.04513851801555,0.5383216858886547,33317000.0,224304000.0
2015-06-03,3.207707061767578,0.525251030921936,108.04514462130886,0.5366274187188279,106.92356872558594,0.5242827810464401,107.29742735749358,0.5325125587311964,29870000.0,250788000.0
2015-06-04,3.1628446197509765,0.5346910357475281,106.5497300979939,0.536385386469718,104.68043658750277,0.5221043644289818,106.17587139589567,0.5221043644289818,58172000.0,323712000.0
2015-06-05,3.140412368774414,0.5388058423995972,105.05427090781076,0.541226351435861,103.9326950618199,0.5274293979906187,104.30655367715019,0.5329965745449742,42648000.0,313320000.0
2015-06-08,3.106765365600586,0.5264610052108765,104.68042146427966,0.540742020393208,103.55884552001953,0.5204097637819263,104.30656281619295,0.5371112870777309,45469000.0,342812000.0
2015-06-09,3.1179808044433592,0.5291236639022827,104.68041070073629,0.5329964311508086,103.18497626215434,0.5259769972307514,103.55883487179982,0.5269451890428829,31575000.0,256888000.0
2015-06-10,3.1291969299316404,0.5196837782859802,105.80199894511998,0.526219146593342,104.30656433105469,0.516779144500715,105.42814029160365,0.5228304456501892,37077000.0,529460000.0
2015-06-11,3.2189231872558595,0.525251030921936,107.67129824967334,0.5288817659718197,105.42814620280515,0.5196838538305538,105.42814620280515,0.5196838538305538,44613000.0,283052000.0
2015-06-12,3.241354751586914,0.510969877243042,108.04515838623047,0.5250088043060501,106.54972366808195,0.5097595940653029,107.67129970669333,0.5218621372953025,31448000.0,323728000.0
2015-06-15,3.207707061767578,0.5100016593933105,108.04514462130886,0.5124221679162293,106.54971009367829,0.5044344840196499,108.04514462130886,0.5083072514887397,23608000.0,306548000.0
2015-06-16,3.1852752685546872,0.5162948369979858,106.92355948434749,0.5170209951874293,105.42812508596502,0.5039502631963771,106.92355948434749,0.5090333128130164,27272000.0,256892000.0
2015-06-17,3.1964911651611327,0.5223461985588074,107.29742273698774,0.5252508316644162,106.17584688956278,0.5148426399819462,106.92356412117941,0.5160528653029691,31326000.0,233544000.0
2015-06-18,3.1852752685546872,0.5310601592063904,106.92355948434749,0.534448860116217,106.17584228515625,0.5252509494024757,106.17584228515625,0.5267032662808255,28591000.0,299404000.0
2015-06-19,,0.5293656587600708,,0.5354169004259794,,0.5245246423435568,,0.5310600087349039,,355656000.0
2015-06-22,3.1852752685546872,0.5271872282028198,107.29741808394311,0.5332385280848904,106.17584228515625,0.5191995446757914,106.17584228515625,0.5303338949079809,28278000.0,514236000.0
2015-06-23,3.241354751586914,0.5136323571205139,108.41901706576759,0.5322702656623819,106.54972366808195,0.5095174986925278,106.92358234761907,0.5281554072343958,37230000.0,414064000.0
2015-06-24,3.2525706481933594,0.5085495114326477,108.41902160644531,0.5155690057904466,107.29744552086139,0.5061290021068027,108.04516291125067,0.512906405135371,18555000.0,253368000.0
2015-06-25,3.2862174224853513,0.5124222040176392,109.91443938688205,0.5155688710900715,108.41900483740066,0.508549378566224,108.41900483740066,0.508549378566224,43496000.0,350460000.0
2015-06-26,3.2750010681152344,0.5020139813423157,110.28827797876646,0.508791440690201,108.79284370108827,0.49983556379253347,109.9144194093469,0.5083073158405368,33561000.0,421296000.0
2015-06-29,3.205564270019531,0.48700687289237976,108.78088136528373,0.5012878926405282,106.85214233398438,0.48628071445522947,108.39513355902386,0.49620478358047637,53014000.0,391724000.0
2015-06-30,3.251854019165039,0.48676472902297974,108.39513397216797,0.492089871083658,106.85214274124743,0.4833760284886744,107.23789054897756,0.48991139600754263,45261000.0,315916000.0
2015-07-01,3.263426742553711,0.493784099817276,109.9381349441853,0.5058866399678046,107.23790005081933,0.4894272084468711,108.00939573463818,0.4988672070771225,32546000.0,302892000.0
2015-07-02,3.2749987792968747,0.49426835775375366,109.55237377153269,0.49741502481212746,108.39513038662213,0.49112169069537986,108.39513038662213,0.4935421993780152,23908000.0,145764000.0
2015-07-03,3.2981435394287106,,109.93811798095702,,108.00937906901041,,109.16662241617838,,16093000.0,
2015-07-06,3.251854019165039,0.48821714520454407,109.16662958762824,0.49693098957479337,108.39513397216797,0.4845864103808091,108.78088177989811,0.490153587125427,20617000.0,214776000.0
2015-07-07,3.251854019165039,0.47901904582977295,109.55237739535838,0.48724879141631827,108.39513397216797,0.46376983766931507,108.78088177989811,0.48531240784747015,26349000.0,594252000.0
2015-07-08,3.193991775512695,0.47563037276268005,108.78087931093962,0.47926113544273263,106.46639251708984,0.4717575476953959,108.39513151196466,0.47635653106963793,51986000.0,332492000.0
2015-07-09,3.1592740631103515,0.4698212444782257,106.46637868357227,0.48531254835182835,103.3803966927441,0.46691663942929695,103.3803966927441,0.4831340729240741,53233000.0,357588000.0
2015-07-10,3.1592740631103515,0.47805091738700867,105.30913543701172,0.48240783870367865,105.30913543701172,0.474662187983048,105.30913543701172,0.47587244230130415,0.0,216708000.0
2015-07-13,3.205564270019531,0.4811975657939911,107.62363794650412,0.4838601078784419,105.69489891520476,0.4780508989171511,105.69489891520476,0.4828919160031394,34518000.0,212472000.0
2015-07-14,3.205564270019531,0.48143965005874634,108.39513355902386,0.4824078708907961,106.4663945277245,0.4751463444967571,107.62363794650412,0.4819237749021417,27536000.0,249216000.0
2015-07-15,3.205564270019531,0.47805091738700867,107.62363794650412,0.483376030616388,106.4663945277245,0.4736939960703387,107.23789014024425,0.4802293636179742,23295000.0,265732000.0
2015-07-16,3.1592740631103515,0.4887011647224426,108.00936967898637,0.4887011647224426,104.53763993930467,0.4792611638813095,108.00936967898637,0.48095551412826004,36999000.0,282848000.0
2015-07-17,3.240281524658203,0.4857964515686035,108.00938415527344,0.48749080153739105,106.46639295305525,0.479503118707697,106.46639295305525,0.4870067345231475,55781000.0,220372000.0
2015-07-20,3.2171363067626952,0.47684067487716675,109.55236344371768,0.487732992865947,106.8521291334852,0.47563042052894,109.16661568511304,0.48579655128309657,27655000.0,188412000.0
2015-07-21,3.251854019165039,0.47901904582977295,109.16662958762824,0.485796474884947,107.6236383567077,0.4758723792482919,108.78088177989811,0.4758723792482919,19431000.0,149720000.0
2015-07-22,3.2171363067626952,0.4698212444782257,107.62362465069448,0.4756304834308267,106.46638137488057,0.46401203438036825,107.23787689208984,0.4756304834308267,24620000.0,356472000.0
2015-07-23,3.147702484130859,0.47563037276268005,106.08065969803755,0.4826498357355537,104.92341613769531,0.4698211351617538,105.69491184459014,0.4707893558559433,36389000.0,169916000.0
2015-07-24,3.1708467864990233,0.4700632691383362,106.46638845179203,0.4795032420022603,104.92339731480953,0.46812685630978373,106.46638845179203,0.47901914600880746,38194000.0,188844000.0
2015-07-27,3.1014129638671872,0.46740061044692993,104.53767577214028,0.47272572308812566,103.38043212890625,0.4620754978057342,104.15192789106227,0.4659482938835421,43371000.0,192420000.0
2015-07-28,3.1014129638671872,0.4775669276714325,105.3091715342963,0.48071356651511676,103.38043212890625,0.4637700022902212,104.15192789106227,0.46861102064019133,34219000.0,198308000.0
2015-07-29,3.1361295318603513,0.4833759665489197,104.92339885190844,0.48724879139592425,103.76615548221827,0.47466212507052696,104.15190327211499,0.47659853749402925,29871000.0,232680000.0
2015-07-30,3.205564270019531,0.48458626866340637,107.23789014024425,0.48942728548562253,104.92340330268502,0.48216573139756197,104.92340330268502,0.48216573139756197,36097000.0,190180000.0
2015-07-31,3.228709259033203,0.4828919470310211,108.39513760911949,0.48676474363581285,106.08065068508135,0.4799873423637424,108.39513760911949,0.4865227100788045,39992000.0,218340000.0
2015-08-03,3.1129845428466796,0.49112164974212646,106.8521336268315,0.49160571681260107,103.76615142822266,0.48047139511378223,106.8521336268315,0.4867646998510093,33631000.0,397132000.0
2015-08-04,3.1592740631103515,0.49305790662765503,105.30913543701172,0.49451022288448926,103.76614444159762,0.48749073278276345,104.15189219045115,0.4894271736950289,26546000.0,260100000.0
2015-08-05,3.1014129638671872,0.4981411397457123,104.53767577214028,0.5056446986946637,103.38043212890625,0.4971728901895145,104.53767577214028,0.5051605739165648,28491000.0,234628000.0
2015-08-06,3.1014129638671872,0.49499452114105225,104.92342365321828,0.5005616969384261,101.83744060459422,0.48676474536918674,104.92342365321828,0.4969309050229737,38414000.0,655676000.0
2015-08-07,3.0782675170898437,0.5562335252761841,102.99466504548725,0.565673470031562,101.45167380885073,0.5296078684199773,102.60891723632812,0.5436468553230309,30554000.0,1405248000.0
2015-08-10,2.985687561035156,0.5755974650382996,101.06590968878695,0.5797123236439145,96.82268447284551,0.5489718143040114,101.06590968878695,0.5523605723111122,63646000.0,662304000.0
2015-08-11,3.0204055023193357,0.5726927518844604,102.99467038560188,0.5782599263291263,100.68018341064453,0.5671255774397946,102.99467038560188,0.5671255774397946,64344000.0,435008000.0
2015-08-12,2.974115295410156,0.5741451978683472,100.29441981927893,0.5782600568283383,98.36568097660049,0.5634949712831068,99.90867205074325,0.5634949712831068,41642000.0,384048000.0
2015-08-13,2.96254280090332,0.5693040490150452,100.29441773891449,0.5760815063377014,98.36567893624306,0.5678517326095142,99.52292221784592,0.5748712234299371,35943000.0,276884000.0
2015-08-14,2.916253280639648,0.56978839635849,99.13718163021026,0.5731770974891826,96.43694711109949,0.5654314454394671,98.75143384176587,0.5688201465701597,39413000.0,214652000.0
2015-08-17,2.8699635314941405,0.5661574602127075,96.82269440927813,0.5688200021810372,94.8939554768224,0.5591379684313219,96.82269440927813,0.5688200021810372,37847000.0,273880000.0
2015-08-18,2.916253280639648,0.5610044002532959,97.59419047643269,0.5682964779471181,96.43694711109949,0.5566291188656334,96.43694711109949,0.5644073582532898,40722000.0,287084000.0
2015-08-19,2.893108520507812,0.5588167309761047,98.36568969726562,0.5665949699659059,95.66545507812499,0.5527399708992702,98.36568969726562,0.5602751580307274,41301000.0,249248000.0
2015-08-20,2.916253280639648,0.5386419892311096,97.20844268798828,0.5551706749909777,95.2797037457663,0.5359681869240931,96.0511993226551,0.5524969306362415,38012000.0,426932000.0
2015-08-21,2.8005292510986326,0.5218702554702759,96.05120985172996,0.5437464904831044,93.3509750366211,0.5213840937335205,94.89396635954044,0.5347529329952814,59694000.0,382664000.0
2015-08-24,2.6616595458984373,0.5033970475196838,93.35095798658287,0.5306208335463228,86.79324606190556,0.4861390858633791,92.57946246603261,0.49270195146845736,116158000.0,682284000.0
2015-08-25,2.8583912658691406,0.49294498562812805,95.66545667146382,0.5274608456866867,90.65073515239514,0.49294498562812805,91.03648296155427,0.5255162567250252,94960000.0,622684000.0
2015-08-26,2.8352465057373046,0.530134379863739,96.05120815354951,0.530620541399233,92.19372991445113,0.5050982488071912,93.35097338618064,0.508987367234354,64879000.0,614976000.0
2015-08-27,2.8699635314941405,0.550066351890564,96.43694662278699,0.5503094038042686,94.1224599038401,0.5325653391534038,96.43694662278699,0.5357252458407324,53388000.0,463764000.0
2015-08-28,2.893108520507812,0.5524970889091492,97.97994189453125,0.5559000477813407,96.05120288085936,0.5461772750309096,97.97994189453125,0.5500663957215414,41466000.0,320944000.0
2015-08-31,2.985687561035156,0.5464203953742981,99.52291870117188,0.5537125338023737,95.27969348523044,0.5442328117981795,97.20843221974927,0.5498234126248348,56941000.0,219352000.0
2015-09-01,2.8699635314941405,0.524057924747467,98.36568555524272,0.5396144074592453,95.66545104980469,0.5201688620218191,98.36568555524272,0.5306208484896654,42340000.0,353408000.0
2015-09-02,2.90468147277832,0.5398573875427246,97.97995937393006,0.5401004394426561,94.8939764015228,0.5294054024659173,94.8939764015228,0.5383989602385582,36973000.0,344044000.0
2015-09-03,2.939398040771484,0.5413157939910889,98.36568246676228,0.5505524612600802,96.43694359486497,0.5403435284765337,98.36568246676228,0.5478786586546949,24004000.0,262556000.0
2015-09-04,2.893108520507812,0.5286760330200195,97.97994189453125,0.5405864418911538,95.27970727539062,0.5284329811917122,97.59419409179687,0.5320789904254087,22006000.0,287972000.0
2015-09-07,2.8352465057373046,,97.20845162527901,,94.12246903400032,,96.05120815354951,,25891000.0,
2015-09-08,2.8468190002441407,0.5512815713882446,95.27971450681609,0.5534692120794793,94.12247101078188,0.5393712184024027,94.50821884279328,0.5415588011413554,15090000.0,238448000.0
2015-09-09,2.985687561035156,0.5403435230255127,99.52291870117188,0.5576014240797006,97.59417996665304,0.5391281476803644,97.59417996665304,0.5529831484440811,53588000.0,289392000.0
2015-09-10,2.893108520507812,0.5488510131835938,98.7514375,0.5556569887938677,96.43695068359375,0.53475301605537,97.97994189453125,0.5371837092121187,32912000.0,357076000.0
2015-09-11,2.9509707641601564,0.5505526065826416,98.36569213867188,0.5541986177126877,95.66545745251226,0.5405867230590913,96.82270088943781,0.5427743645085001,20525000.0,301584000.0
2015-09-14,2.9509707641601564,0.5515248775482178,99.52293557559743,0.5549278367555912,97.20844870174633,0.5486080222548676,98.7514399509804,0.5532263571519045,25508000.0,192460000.0
2015-09-15,2.916253280639648,0.5576015114784241,98.75143384176587,0.5605183664021401,96.82269489954389,0.5500663801952177,98.36568605332148,0.551767859583287,21658000.0,327976000.0
2015-09-16,2.997260284423828,0.561490535736084,100.29442393181407,0.5646504420439323,98.36568501004841,0.5524969785338562,98.75143279440154,0.5566291503320535,39923000.0,173508000.0
2015-09-17,3.0319779968261718,0.5665951371192932,101.4516810642854,0.5763179097487573,100.2944375540464,0.5653797615644621,100.68018539079273,0.5712134135516814,49472000.0,268712000.0
2015-09-18,3.043550033569336,0.5661090612411499,101.45166778564453,0.570970448293831,99.52292885435851,0.5554140213157125,99.90867664061571,0.5588169806621283,31937000.0,326412000.0
2015-09-21,2.997260284423828,0.5719424486160278,100.29442393181407,0.5731578237911688,99.13718057875467,0.5639211579073874,100.29442393181407,0.5668380119659032,29930000.0,281840000.0
2015-09-22,2.985687561035156,0.5563861727714539,100.29441419497941,0.5634351999346161,99.1371709542681,0.5534693179584783,100.29441419497941,0.559546079501413,17636000.0,228356000.0
2015-09-23,2.8815360260009766,0.5590599775314331,98.36568763457149,0.5624629365424735,96.05120086669922,0.5546847527961384,97.97993983992612,0.5568723361876361,32905000.0,161632000.0
2015-09-24,2.939398040771484,0.5697550773620605,98.75143024114173,0.5755887296906743,96.82269136924444,0.5469065139838492,97.97993469238281,0.5556570214529195,43432000.0,382440000.0
2015-09-25,2.939398040771484,0.5738871693611145,98.36568246676228,0.5850683685552572,96.43694359486497,0.5682965697640432,97.97993469238281,0.5768039661385269,24630000.0,369692000.0
2015-09-28,,0.5663518905639648,,0.5775330879800425,,0.562705880683925,,0.5738870781000027,,395584000.0
2015-09-29,2.939398040771484,0.5763177871704102,97.97993469238281,0.577290052636104,97.97993469238281,0.5644073758468804,97.97993469238281,0.572428667355351,0.0,380736000.0
2015-09-30,3.008832550048828,0.5991665124893188,101.06591386061447,0.5998957263518221,97.97993175800029,0.5782625363037065,98.75142728365384,0.5816654956938514,67112000.0,556380000.0
2015-10-01,3.0898400115966798,0.5874990820884705,103.38041486990139,0.6008678648458124,99.90868451979276,0.5704841728390097,101.06592796982898,0.5991663855113251,49600000.0,489296000.0
2015-10-02,3.0551225280761716,0.6028121113777161,102.22316539648807,0.6028121113777161,101.45166980859005,0.5782620850380021,102.22316539648807,0.5843388431658976,25216000.0,386144000.0
2015-10-05,3.0666945648193358,0.6178829073905945,102.99464764864939,0.6254180400620565,101.45165667263966,0.6035417979606422,102.60889990464696,0.6067017053927438,30276000.0,482024000.0
2015-10-06,3.0782675170898437,0.6259039640426636,104.53765628212376,0.6285777085641553,102.22316942716898,0.608889115542447,104.15190847296464,0.611319808185335,48613000.0,453216000.0
2015-10-07,3.1245574951171875,0.6324667930603027,104.15191650390624,0.6387866051693104,102.60892514829281,0.6171534244701228,102.99467298719617,0.6273623561810029,31784000.0,310152000.0
2015-10-08,3.147702484130859,0.6361129283905029,105.69491184459014,0.6378144075310687,104.1519204308005,0.6190980210802718,105.69491184459014,0.629793115609952,31144000.0,460068000.0
2015-10-09,,0.6336821913719177,,0.6387866284371468,,0.6217717802674336,,0.6327098679718222,,423248000.0
2015-10-12,3.205564270019531,0.6404880285263062,107.23789014024425,0.6441340959466227,105.30915110894489,0.6297929940138367,105.69489891520476,0.6344112688098703,46971000.0,227588000.0
2015-10-13,3.1824188232421875,0.6417036056518555,106.85212291370739,0.6455926681880605,104.92338423295455,0.6331961509612457,106.85212291370739,0.6353837921020814,36108000.0,298444000.0
2015-10-14,3.1592740631103515,0.6650382280349731,106.08063093471876,0.6754902133242375,104.92338768815819,0.6417035645508546,105.30913543701172,0.6424327202654704,18007000.0,612148000.0
2015-10-15,3.240281524658203,0.6667397022247314,108.78087975638253,0.6803515939834146,107.23788855416434,0.6594476235631823,107.23788855416434,0.666253540466379,57142000.0,526048000.0
2015-10-16,3.1824188232421875,0.6771916747093201,106.08062744140625,0.6835114876876944,104.92338423295455,0.6672257934925417,105.69487970525569,0.668927330638656,36196000.0,448396000.0
2015-10-19,3.193991775512695,0.6759763956069946,107.23788811503977,0.6825393193710271,105.69489691913992,0.6681982121775251,106.8521403160648,0.679379412431703,26150000.0,294712000.0
2015-10-20,3.2171363067626952,0.6750039458274841,107.23787689208984,0.6781638519050022,106.08063361627592,0.6679549201197685,107.23787689208984,0.6730594149885258,27462000.0,264824000.0
2015-10-21,3.205564270019531,0.6662536859512329,108.00938575276399,0.6832685978292237,106.08064672146463,0.6650383682184063,107.62363794650412,0.6791363668616271,17976000.0,386280000.0
2015-10-22,3.1824188232421875,0.6903175115585327,106.85212291370739,0.6925051528409647,105.69487970525569,0.6730596070921405,106.46637517755681,0.6740318727891222,15149000.0,306884000.0
2015-10-23,3.240281524658203,0.6949356198310852,108.39513195582799,0.6995539528286738,107.23788855416434,0.6859420636452349,108.00938415527344,0.696394046877932,35644000.0,381776000.0
2015-10-26,3.240281524658203,0.6917756795883179,108.39513195582799,0.6971232258442466,107.23788855416434,0.6854558680001138,108.39513195582799,0.6954217470246956,24382000.0,247436000.0
2015-10-27,3.2171363067626952,0.6912897229194641,108.00937240929912,0.6956649468213493,106.08063361627592,0.6878867066043444,106.8521291334852,0.6883728683500152,26012000.0,208268000.0
2015-10-28,3.193991775512695,0.6968802809715271,107.23788811503977,0.6968802809715271,105.69489691913992,0.685455973218744,105.69489691913992,0.6956649056554137,22522000.0,217036000.0
2015-10-29,3.1592740631103515,0.6728163957595825,107.62362193013284,0.6927481003278377,105.30913543701172,0.6716010783096696,107.23787418127932,0.6856991316233076,20428000.0,327168000.0
2015-10-30,3.1592740631103515,0.6895883083343506,106.08063093471876,0.6944497527981351,104.92338768815819,0.6750041487998923,105.69488318586524,0.6801086452035617,27844000.0,301160000.0
2015-11-02,3.1824188232421875,0.6976094841957092,106.85212291370739,0.698338697844653,104.53763649680397,0.6876436609139597,106.85212291370739,0.6917758329564482,21663000.0,190088000.0
2015-11-03,3.228709259033203,0.6927481889724731,108.00938978844647,0.6973665233681435,106.46639850575437,0.684970005621777,106.8521463264274,0.6934774027166473,33082000.0,376768000.0
2015-11-04,3.3444337463378906,0.6813238263130188,111.48112487792969,0.6959079829247056,108.78089001929472,0.6781639199185914,109.16663785624256,0.6908035454963013,75144000.0,442264000.0
2015-11-05,3.2981435394287106,0.6735454201698303,111.48110911051431,0.6866712042452348,109.93811798095702,0.6716008896153932,111.095361328125,0.6847266157385251,35773000.0,478800000.0
2015-11-06,3.240281524658203,0.7668841481208801,111.09536655970982,0.7763638655144804,107.23788855416434,0.7248331653674542,111.09536655970982,0.7401465327139333,45683000.0,1172272000.0
2015-11-09,3.286571044921875,0.7634811997413635,110.32386371451365,0.76566884023234,108.39512483838578,0.7527861070869959,108.78087261361135,0.7593490285599256,24833000.0,492568000.0
2015-11-10,3.228709259033203,0.7488970160484314,109.16663325046554,0.7576475197135256,107.23789414710042,0.7328544356544712,109.16663325046554,0.7535152907434546,23307000.0,552260000.0
2015-11-11,3.1824188232421875,0.7416053414344788,108.39511385830966,0.7547310750730476,105.30913196910511,0.7389315379508401,108.39511385830966,0.749383526058076,29412000.0,619896000.0
2015-11-12,3.205564270019531,0.7389313578605652,107.23789014024425,0.7467095985407773,106.4663945277245,0.7357714512062473,106.85214233398438,0.7399036234575188,16474000.0,291080000.0
2015-11-13,3.147702484130859,0.7243471741676331,107.23790325837977,0.7428204516588467,104.92341613769531,0.7207011058689707,106.08065969803755,0.7396605451174358,21639000.0,292940000.0
2015-11-16,3.1245574951171875,0.7389313578605652,104.5376643428096,0.7394175196351879,103.38042082609952,0.7279932105260352,103.38042082609952,0.7338269200123401,32110000.0,344280000.0
2015-11-17,3.205564270019531,0.7389313578605652,108.00938575276399,0.7452511711692011,106.08064672146463,0.7357714512062473,106.4663945277245,0.7408759470067641,28188000.0,257048000.0
2015-11-18,3.1708467864990233,0.7571088075637817,108.00937958877452,0.7580848232975109,105.30914509905516,0.733929510076239,107.6236318045289,0.7419812617592121,29074000.0,350216000.0
2015-11-19,3.251854019165039,0.7593047618865967,108.39513397216797,0.7668685057642712,106.4663949335173,0.753692933147563,106.85214274124743,0.7597927697574335,27426000.0,254072000.0
2015-11-20,3.263426742553711,0.7658922672271729,108.78089141845703,0.7702841619364766,108.00939573463818,0.7602804405468392,108.3951435765476,0.7649163100158826,20271000.0,239744000.0
2015-11-23,3.263426742553711,0.7544246315956116,109.16663926036645,0.7722360686705696,108.00939573463818,0.7517407347482017,108.78089141845703,0.7722360686705696,17170000.0,242552000.0
2015-11-24,3.228709259033203,0.7605248093605042,109.16663325046554,0.7671125961615878,107.62364196777345,0.7510090914601134,108.00938978844647,0.7544249722944001,21843000.0,195428000.0
2015-11-25,3.263426742553711,0.7595486044883728,108.78089141845703,0.768088362620836,106.85215220890991,0.7568647070969555,107.62364789272875,0.7590606548748478,27099000.0,138300000.0
2015-11-26,3.2981435394287106,,109.93811798095702,,108.00937906901041,,108.78087463378905,,31976000.0,
2015-11-27,3.2171363067626952,0.7658922672271729,110.32385896092696,0.7683321893415643,107.23787689208984,0.757108535980897,110.32385896092696,0.7610124229983898,23135000.0,86996000.0
2015-11-30,3.2171363067626952,0.7739441990852356,107.23787689208984,0.7773601373912313,104.923390340462,0.7658924483860058,105.30913809906664,0.7666244310106944,108490000.0,327244000.0
2015-12-01,3.2981435394287106,0.7990754246711731,109.93811798095702,0.7998074072572725,106.85213572184244,0.7800439937772714,108.39512685139974,0.7807759763633709,46117000.0,409496000.0
2015-12-02,3.2981435394287106,0.792975664138794,111.095361328125,0.8085911583829364,109.5523701985677,0.7912677240005556,111.095361328125,0.8002954325193934,31609000.0,294240000.0
2015-12-03,3.2981435394287106,0.7912677526473999,110.32386576334635,0.8076152301386768,109.16662241617838,0.787363864401942,109.16662241617838,0.7993195039747975,18825000.0,246656000.0
2015-12-04,3.251854019165039,0.8234748840332031,109.9381252030885,0.8249388496209307,108.39513397216797,0.7912678737926331,108.78088177989811,0.7912678737926331,30869000.0,458756000.0
2015-12-07,3.3212887573242185,0.8078591227531433,111.48112089044125,0.8232306400547933,109.55238177468968,0.8054192002952996,109.55238177468968,0.8232306400547933,40284000.0,333588000.0
2015-12-08,3.2981435394287106,0.8188387751579285,111.095361328125,0.8222546550913867,108.78087463378905,0.7927316097060082,110.70961354573566,0.7978554296061957,32173000.0,314488000.0
2015-12-09,3.251854019165039,0.7980994582176208,109.55237739535838,0.8234747009709051,108.39513397216797,0.7898037326278222,109.55237739535838,0.8185948555448653,26751000.0,372676000.0
2015-12-10,3.263426742553711,0.8046873211860657,109.16663926036645,0.8090791589058346,107.23790005081933,0.797855502522445,108.3951435765476,0.8005394001193955,41414000.0,236596000.0
2015-12-11,3.228709259033203,0.7927316427230835,109.55238107113856,0.8022473585103379,107.23789414710042,0.791023702685219,108.78088542979252,0.7966355305977785,29914000.0,227320000.0
2015-12-14,3.2171363067626952,0.7946836948394775,107.62362465069448,0.7990755912717481,106.08063361627592,0.7851679774085792,106.08063361627592,0.793463762389861,32656000.0,275892000.0
2015-12-15,3.193991775512695,0.8044434785842896,108.39513151196466,0.8100553081041945,106.46639251708984,0.7993196570031263,107.62363591401473,0.8037114957623575,23558000.0,307296000.0
2015-12-16,3.3212887573242185,0.8093231320381165,111.09537306729094,0.8120070878017994,108.78088612838904,0.7990754913226454,109.55238177468968,0.8061512266245618,56401000.0,236356000.0
2015-12-17,3.3560064697265624,0.797123372554779,111.86688232421875,0.8188386986595916,110.3238908438847,0.7966354229940662,111.48113445413523,0.8105429744041063,34462000.0,254160000.0
2015-12-18,3.286571044921875,0.7841918468475342,111.86685481541593,0.7995633646253216,109.5523681640625,0.7832158894686341,110.32386371451365,0.7915116144477977,36298000.0,395896000.0
2015-12-21,3.2749987792968747,0.8027353286743164,109.93812156650287,0.8034673113053205,108.39513038662213,0.7856558696863629,109.1666259765625,0.7927316630045046,26847000.0,284216000.0
2015-12-22,3.286571044921875,0.8034674525260925,109.5523681640625,0.8115192047100003,108.39512483838578,0.7985876062432609,108.78087261361135,0.805175392907848,17085000.0,130012000.0
2015-12-23,3.2749987792968747,0.8066391348838806,110.32386936147306,0.8098110399059292,108.39513038662213,0.8032232550670099,108.78087818159231,0.8046872201806231,18064000.0,122524000.0
2015-12-24,3.286571044921875,0.8093231320381165,110.70961148973922,0.8112751051546447,109.5523681640625,0.8029793212110073,110.32386371451365,0.804199311680381,13471000.0,52448000.0
2015-12-25,3.3097160339355467,,110.70961558735455,,109.5523722188456,,109.5523722188456,,6126000.0,
2015-12-28,3.3212887573242185,0.8085910677909851,111.09537306729094,0.8085910677909851,110.3238774209903,0.7895596954025798,110.70962524414062,0.8007833506298395,10797000.0,142024000.0
2015-12-29,3.286571044921875,0.82176673412323,111.09535926496478,0.8242066567567791,109.16662038883693,0.8068831653379392,110.70961148973922,0.8090791131598368,12801000.0,203660000.0
2015-12-30,3.2981435394287106,0.8146911263465881,111.095361328125,0.8281107329697489,109.5523701985677,0.8144471514794411,109.93811798095702,0.8210349382712693,14578000.0,180344000.0
2015-12-31,3.3097160339355467,0.8041995167732239,111.09536337685752,0.8171311165502891,108.78087663983966,0.8041995167732239,109.5523722188456,0.8134712605534997,18336000.0,148528000.0
2016-01-04,3.228709259033203,0.7898037433624268,110.70962453315764,0.7949275636777051,107.23789414710042,0.781751992482791,109.93812889181159,0.7878518284344198,39169000.0,358076000.0
2016-01-05,3.193991775512695,0.8024914264678955,108.00938371298969,0.8159110316874428,105.69489691913992,0.792975709576163,107.23788811503977,0.8046873745596073,46381000.0,490272000.0
2016-01-06,3.1361295318603513,0.7693083882331848,106.46639001149533,0.7929756325710466,104.15190327211499,0.7602806219013873,106.46639001149533,0.7893157194402712,53617000.0,449344000.0
2016-01-07,3.0782675170898437,0.73880934715271,104.15190847296464,0.7551568238817552,100.68017819053247,0.7290495979079565,103.76616066380551,0.7500329453480988,62539000.0,645304000.0
2016-01-08,3.1014129638671872,0.7229499220848083,104.15192789106227,0.749057093570079,101.83744060459422,0.721485956582907,101.83744060459422,0.7483251108191282,50123000.0,398472000.0
2016-01-11,3.0782675170898437,0.7241697311401367,103.76616066380551,0.7292936095235683,100.68017819053247,0.7112381350310999,102.60891723632812,0.7236817815042309,48345000.0,409372000.0
2016-01-12,3.0782675170898437,0.7363693118095398,103.38041285464638,0.7471050177339139,101.45167380885073,0.731245491826777,102.60891723632812,0.7371012944031263,34688000.0,469356000.0
2016-01-13,3.0898400115966798,0.7139220237731934,104.5376583199376,0.7468610061743111,102.60891923654391,0.7131900412156271,102.99466705322266,0.7419811030664231,37717000.0,481672000.0
2016-01-14,3.043550033569336,0.6995266079902649,101.83741557190173,0.7075783596112657,100.68017221313012,0.6787872336519652,100.68017221313012,0.6992825749725344,39253000.0,600236000.0
2016-01-15,3.1708467864990233,0.6614636778831482,106.46638845179203,0.6795191527140867,104.53764953056391,0.6499960468115467,106.0806406675464,0.6714674018472437,79464000.0,841452000.0
2016-01-18,3.1708467864990233,,106.46638845179203,,103.76615396207266,,104.15190174631829,,36757000.0,
2016-01-19,3.193991775512695,0.6668314933776855,106.46639251708984,0.6941586498110734,104.92340132118998,0.6641475377926794,106.08064471811488,0.6751272185967108,23737000.0,457140000.0
2016-01-20,3.1129845428466796,0.6704915165901184,106.08063807717929,0.6790312769349253,102.99465587857044,0.6453603016403493,106.08063807717929,0.6541440368551238,43839000.0,481180000.0
2016-01-21,3.1245574951171875,0.6782991290092468,105.30916002061632,0.6887908021041355,103.38042082609952,0.6639035680835529,103.38042082609952,0.6778111793881111,31933000.0,481456000.0
2016-01-22,3.205564270019531,0.694158673286438,106.85214233398438,0.6987945438424596,104.92340330268502,0.6897667775473609,105.30915110894489,0.69123074279372,33889000.0,257996000.0
2016-01-25,3.228709259033203,0.6934266686439514,108.00938978844647,0.7019664268616409,107.23789414710042,0.6919627034440796,108.00938978844647,0.6939146764346898,27184000.0,270728000.0
2016-01-26,3.1824188232421875,0.7002584934234619,107.23787064985795,0.7031864240939107,105.69487970525569,0.6878149044187525,106.08062744140625,0.6948906980907711,24049000.0,227944000.0
2016-01-27,3.228709259033203,0.6919625401496887,107.62364196777345,0.7014782535309237,106.8521463264274,0.6787869728047972,107.23789414710042,0.6992823062493319,24029000.0,231700000.0
2016-01-28,3.240281524658203,0.684398889541626,108.39513195582799,0.7000143809787533,106.46639295305525,0.6709792875033054,106.46639295305525,0.6975744586238166,37867000.0,276776000.0
2016-01-29,3.3097160339355467,0.7146540880203247,110.32386779785156,0.7161180534219636,106.46638990282179,0.6875709607794132,106.85213769232477,0.6902548585675166,55616000.0,310504000.0
2016-02-01,3.332861022949219,0.7148981690406799,111.09536743164062,0.7185580246181834,109.1666284137302,0.7078223745725227,111.09536743164062,0.7139222114315027,40943000.0,289884000.0
2016-02-02,3.2981435394287106,0.6846431493759155,111.48110911051431,0.7112383315693046,109.16662241617838,0.6797633026343228,111.095361328125,0.7075784755992909,25380000.0,341908000.0
2016-02-03,3.3791498565673828,0.6880587935447693,112.6383285522461,0.6941586289576158,111.48108545068192,0.6721993261815836,111.86683315120331,0.6900107664727105,70465000.0,326772000.0
2016-02-04,,0.6883029937744141,,0.7039184901307626,,0.6814711741250169,,0.6890349183563634,,348140000.0
2016-02-05,,0.6448721885681152,,0.6912307802989976,,0.6429202735819586,,0.6836670370122047,,600428000.0
2016-02-08,,0.6153492331504822,,0.6382844994885915,,0.6063214649976425,,0.6351125935262116,,608852000.0
2016-02-09,,0.6219370365142822,,0.647800234636762,,0.6051015486128335,,0.6080294797860798,,425372000.0
2016-02-10,,0.6204730868339539,,0.6438963623033213,,0.617057205825837,,0.6258409413983949,,335800000.0
2016-02-11,,0.6173012256622314,,0.6236450383806582,,0.6046136002253779,,0.6046136002253779,,340144000.0
2016-02-12,,0.6277927160263062,,0.6290127064970225,,0.6038814379858637,,0.6270607333783459,,340816000.0
2016-02-15,3.3560064697265624,,113.02412593446928,,109.55239510371767,,109.55239510371767,,72875000.0,
2016-02-16,3.4138675689697267,0.6585356593132019,114.1813333802304,0.6595116748175616,112.25259464069947,0.6348684176930899,112.63834238860566,0.6368203323571312,55006000.0,485352000.0
2016-02-17,3.425441207885742,0.6748833060264587,114.95286936373324,0.6812271170162791,113.40987782864957,0.6641475990410631,114.95286936373324,0.6668315548735865,38453000.0,771468000.0
2016-02-18,3.4948745727539063,0.7329533696174622,116.49581909179688,0.7558886865345883,115.33857585578565,0.7295374899188491,115.72432360112272,0.7302694724503146,61657000.0,1068660000.0
2016-02-19,3.4948745727539063,0.7427130937576294,116.49581909179688,0.7493009368478704,114.95282811044856,0.7234376885994237,114.95282811044856,0.7290495161539943,35668000.0,525628000.0
2016-02-22,3.4948745727539063,0.7690644264221191,117.6530623278081,0.7776041857360783,115.33857585578565,0.7519849659665521,115.33857585578565,0.7534489313543565,27003000.0,449668000.0
2016-02-23,3.460157089233398,0.7710162997245789,116.49581281476993,0.778336067542466,114.95282191656106,0.7593046363125533,116.11006509021772,0.7629645493076687,22302000.0,369380000.0
2016-02-24,3.425441207885742,0.7763842344284058,116.11011301504598,0.7776042250373534,113.40987782864957,0.7466171500038613,115.33861724750415,0.7678445328551886,22026000.0,336852000.0
2016-02-25,3.4833020782470703,0.778092086315155,116.49581701335717,0.7819959743788263,114.56707832108305,0.7641845323533584,114.95282605953787,0.7793120767854543,25202000.0,349616000.0
2016-02-26,3.448585739135742,0.7729682326316833,116.88159719889596,0.7837038807147163,114.18136228010958,0.7651604568409258,116.49584935335504,0.7817519658531994,37655000.0,361964000.0
2016-02-29,,0.7679481506347656,,0.7841103214094761,,0.7674584232684308,,0.7740702097882155,,323344000.0
2016-03-01,3.518020248413086,0.8019866347312927,117.26734161376953,0.8019866347312927,114.56710677397878,0.7686827249358325,114.56710677397878,0.7699071600005567,38629000.0,348700000.0
2016-03-02,3.541164093017578,0.8066393733024597,119.19604626823873,0.8095779708856204,118.03880310058594,0.7961094764751737,118.8102985456878,0.7975787752667541,36010000.0,233812000.0
2016-03-03,3.5643104553222655,0.7995379567146301,119.19609639551733,0.8090882832491647,118.03885274119192,0.7887631365262886,118.81034851074219,0.8056599579093683,28822000.0,302004000.0
2016-03-04,3.5295927429199216,0.7970890998840332,118.42458711217661,0.8063945621968192,116.88159574915151,0.7909670406481417,118.03883927142033,0.8056599127531408,32794000.0,175304000.0
2016-03-07,3.518020248413086,0.7919464111328125,118.42458511653699,0.7980684692659983,116.49584594525788,0.7816613791581406,117.65308944802536,0.7926810604441658,23906000.0,239968000.0
2016-03-08,3.518020248413086,0.7774986028671265,117.26734161376953,0.7885182869530843,115.33860244249043,0.7750497906685012,116.49584594525788,0.7838655262604098,35683000.0,274940000.0
2016-03-09,3.541164093017578,0.7770088315010071,118.03880310058594,0.7855796445191832,116.11006448783127,0.7669686611856346,117.26730765548406,0.78435526768128,24004000.0,222788000.0
2016-03-10,3.5758829498291016,0.7757843136787415,119.19609832763672,0.7860693465897594,116.88161098146901,0.7601119298397017,118.03885465455286,0.7816614503203466,28302000.0,286084000.0
2016-03-11,3.587453842163086,0.7890079617500305,119.58179473876953,0.789252883822563,118.03880383891445,0.7779883367831656,119.19604701380577,0.7872937991637244,29566000.0,277400000.0
2016-03-14,3.6105995178222656,0.7909669876098633,121.51056069594163,0.7941504488575746,119.96756944900903,0.781661467536775,120.73906507247534,0.7853347145088572,32751000.0,190312000.0
2016-03-15,3.5758829498291016,0.7870489358901978,120.73908989174852,0.7919465599634482,118.03885465455286,0.7730907131198622,119.58184621866467,0.7868040722018205,28689000.0,226216000.0
2016-03-16,3.6105995178222656,0.81055748462677,120.35331726074219,0.8132512185416702,118.8103260138096,0.7774984953258075,119.96756944900903,0.7811717423078167,30962000.0,363644000.0
2016-03-17,3.6684613037109375,0.8037009835243225,123.43928677050472,0.8115371478958182,121.51054791471559,0.7926812989230159,123.0535389993469,0.8076190949022158,48193000.0,353680000.0
2016-03-18,3.691606979370117,0.8279440402984619,123.0535659790039,0.8387188001623018,122.2820702675368,0.808108624547734,122.2820702675368,0.8132511700156958,55975000.0,545512000.0
2016-03-21,3.703179016113281,0.8303929567337036,123.43930053710938,0.83063782042068,121.89630928039551,0.8117819736849669,123.43930053710938,0.8205977086432406,26100000.0,337780000.0
2016-03-22,3.6684613037109375,0.8289238214492798,123.0535389993469,0.8348009597866809,121.12480014355776,0.8186387855706061,123.0535389993469,0.8276994443884567,25809000.0,242012000.0
2016-03-23,3.691606979370117,0.8431267142295837,123.0535659790039,0.8492487144522812,121.89632241180324,0.8289235709565966,122.2820702675368,0.8325968177976374,27478000.0,429008000.0
2016-03-24,3.6684613037109375,0.8443511128425598,122.66779122818907,0.845820411617124,121.12480014355776,0.8328417030822728,121.89629568587341,0.8355353785794543,24853000.0,244956000.0
2016-03-25,3.656890182495117,,122.6678352355957,,121.12484359741211,,122.2820873260498,,10175000.0,
2016-03-28,3.6800326538085937,0.8529221415519714,122.66775512695312,0.8565953307850351,121.12476449642541,0.8419024570842,121.89625981168928,0.842881970320731,15268000.0,265388000.0
2016-03-29,3.6800326538085937,0.866635262966156,123.05350278458506,0.868594288898846,121.89625981168928,0.8472896337476774,122.2820074693212,0.8492486596803674,18977000.0,261812000.0
2016-03-30,3.737896957397461,0.8756959438323975,124.9823131266024,0.8876951393745286,122.28207796645977,0.8693290213657858,122.28207796645977,0.8698188070879405,43616000.0,376700000.0
2016-03-31,3.749468307495117,0.872512698173523,125.75377245302553,0.8815732983899165,122.66779030693903,0.8656560466749421,124.9822769165039,0.8796142717858345,49433000.0,379884000.0
2016-04-01,3.6684613037109375,0.8852462768554688,124.21078231282038,0.885736062549585,121.51054791471559,0.860513237795983,124.21078231282038,0.8671250235530336,31564000.0,348292000.0
2016-04-04,,0.8766754269599915,,0.8972454924396841,,0.8732471021748018,,0.8925927325830539,,393940000.0
2016-04-05,,0.8754509687423706,,0.8835320526316017,,0.8654108005981388,,0.8688391834483219,,339568000.0
2016-04-06,3.55273681640625,0.8766754269599915,120.35329931799674,0.8771652126654232,118.424560546875,0.8480243352227566,119.96755156377239,0.8644313681669732,58134000.0,453376000.0
2016-04-07,3.5758829498291016,0.8676148653030396,119.58184621866467,0.8788794115370211,117.65310676352492,0.8639416767048126,119.58184621866467,0.8710431902305261,35238000.0,378104000.0
2016-04-08,3.6453160858154297,0.8732472062110901,121.89628392779638,0.8803487786723859,118.8103020562066,0.8646763348427283,118.8103020562066,0.8747165051181561,41032000.0,255936000.0
2016-04-11,3.6684613037109375,0.8786346912384033,122.66779122818907,0.8930827010866998,119.96755683008428,0.8756960931728889,120.3533046012421,0.8783897691434174,21758000.0,387524000.0
2016-04-12,3.6684613037109375,0.8776550889015198,123.0535389993469,0.8827975766097549,121.51054791471559,0.8605133464388353,121.51054791471559,0.8815731414120129,14859000.0,292764000.0
2016-04-13,3.737896957397461,0.899694561958313,124.9823131266024,0.8999394256890428,123.05357372650052,0.8815733030455329,123.43932160652089,0.8815733030455329,39611000.0,350716000.0
2016-04-14,3.737896957397461,0.9021432399749756,125.36806100662278,0.9060613510042217,123.43932160652089,0.8935723684494821,124.9823131266024,0.8972456157844895,31338000.0,416564000.0
2016-04-15,3.691606979370117,0.90924471616745,123.43931383473746,0.9173258010634161,120.35333098886903,0.8989596831041441,121.12482670033614,0.9018982806605971,48779000.0,436972000.0
2016-04-18,3.656890182495117,0.9053268432617188,122.2820873260498,0.9075307920077406,121.51059150695801,0.896511106661926,121.8963394165039,0.9075307920077406,20279000.0,307320000.0
2016-04-19,3.6453160858154297,0.889164388179779,124.2107703314887,0.9104690441711476,121.12478845989892,0.8835321154208307,123.43927486359127,0.9087548818163732,26577000.0,309152000.0
2016-04-20,3.5643104553222655,0.89259272813797,121.8963315889433,0.8979801373337799,118.81034851074219,0.8867155916234447,121.51058370416816,0.8876951046451527,40996000.0,200172000.0
2016-04-21,3.63374267578125,0.8916133046150208,121.124755859375,0.8970007143516106,118.81027007862261,0.8876951937506177,120.3532605991242,0.8928376814189874,29723000.0,178280000.0
2016-04-22,3.6221720123291012,0.8881849050521851,121.89631053205497,0.900673827650342,119.58182362321848,0.8852463075541348,119.96757144135789,0.8945518273751084,28990000.0,223540000.0
2016-04-25,3.6453160858154297,0.89259272813797,121.51053619384764,0.8974903516307873,120.35329299200149,0.8859809422610944,120.7390407259502,0.888429754007503,14306000.0,191972000.0
2016-04-26,3.656890182495117,0.8933275938034058,122.2820873260498,0.9082653899424091,120.73909568786621,0.8894094823835967,120.73909568786621,0.8979803547634471,18119000.0,214536000.0
2016-04-27,3.6221720123291012,0.9136525988578796,121.51056271391555,0.9141423846026989,119.96757144135789,0.8894093429828297,120.35331925949731,0.8911235055132738,28845000.0,352396000.0
2016-04-28,3.541164093017578,0.8864707350730896,121.89628032609528,0.9134077246579918,118.03880310058594,0.8842668452074905,121.51053260354435,0.9080203150641549,48915000.0,381224000.0
2016-04-29,3.4717298126220704,0.8700637221336365,116.49582260131837,0.8847565940545243,114.95283157348634,0.8605133378697744,116.49582260131837,0.8827975678187858,66445000.0,321904000.0
2016-05-02,,0.8815731406211853,,0.8869605503947061,,0.8742267045941752,,0.8783896791710525,,256076000.0
2016-05-03,3.4138675689697267,0.8710432052612305,114.56708112813658,0.8752061796570547,113.02409013651184,0.8634519058787608,114.1813333802304,0.8715329909954432,68550000.0,224024000.0
2016-05-04,3.4022950744628906,0.851207971572876,114.95282677890492,0.8612480843346761,113.02408807456088,0.8423922357502831,113.40983581542969,0.8605134348174359,52973000.0,525764000.0
2016-05-05,3.4138675689697267,0.8563505411148071,114.56708112813658,0.8663907132141533,112.63834238860566,0.8499836169504157,113.79558563232422,0.858309626141548,38269000.0,246884000.0
2016-05-06,3.425441207885742,0.8651662468910217,114.56712147996232,0.8673701955733214,113.40987782864957,0.8531670485775589,114.56712147996232,0.8548812114245832,36510000.0,183240000.0
2016-05-09,3.4138675689697267,0.8639416098594666,114.95282887604276,0.871043122835718,113.02409013651184,0.8568400384989394,114.56708112813658,0.867369934521695,38478000.0,333336000.0
2016-05-10,3.4022950744628906,0.8805937170982361,114.1813312971673,0.8820630161300017,113.02408807456088,0.8610032190328006,113.40983581542969,0.8693291690337528,29785000.0,269676000.0
2016-05-11,3.4022950744628906,0.8830425143241882,114.95282677890492,0.8928377631901593,113.02408807456088,0.8783897535975654,114.56707903803611,0.8832874364148395,40057000.0,328176000.0
2016-05-12,3.3791498565673828,0.8710432052612305,114.18131935433166,0.8933274344429893,112.6383285522461,0.8553708207620783,113.40982395328888,0.889409323722131,23749000.0,670540000.0
2016-05-13,3.332861022949219,1.0035243034362793,112.25261084238687,1.0040140308919192,110.32387182447646,0.9550377822702988,111.8668630388048,0.9596904850203472,60038000.0,2110256000.0
2016-05-16,3.3444337463378906,1.0331547260284424,112.25262055182539,1.0480925783597614,110.32388136708613,0.992749299166198,110.32388136708613,0.9959327605786344,31133000.0,973032000.0
2016-05-17,3.4022950744628906,1.0353586673736572,113.40983581542969,1.0427050444657995,111.86684485195445,1.0152783286667808,112.25259259282326,1.0285019008474836,30277000.0,628392000.0
2016-05-18,3.4022950744628906,1.0618054866790771,113.40983581542969,1.0738047368500698,111.86684485195445,1.0285015859869926,112.63834033369207,1.0285015859869926,31057000.0,541072000.0
2016-05-19,3.4022950744628906,1.0664589405059814,114.56707903803611,1.074050300659079,112.25259259282326,1.056173962312958,114.1813312971673,1.0576431448245909,35132000.0,398880000.0
2016-05-20,3.437012786865234,1.0855598449707031,115.33858847056173,1.0899677433416581,113.40984953292693,1.0713566947322564,113.79559732045388,1.0730708579706367,36306000.0,391084000.0
2016-05-23,3.5643104553222655,1.0872734785079956,119.19609639551733,1.0943749917831762,115.33861754776596,1.0806616925570187,116.11011331731623,1.090212075990331,50127000.0,413636000.0
2016-05-24,3.4948745727539063,1.1136667728424072,118.42455781848226,1.1171041182256305,116.49581909179688,1.0876419438515768,117.6530623278081,1.090588172996163,24470000.0,415788000.0
2016-05-25,3.5758829498291016,1.1090017557144165,119.58184621866467,1.1217685502057824,117.65310676352492,1.1001630705991112,118.42460254558081,1.1171038252008905,30719000.0,458076000.0
2016-05-26,3.587453842163086,1.1207863092422485,119.58179473876953,1.12888837697291,118.42455156387821,1.1077739009800274,119.19604701380577,1.110965628179129,17196000.0,309964000.0
2016-05-27,3.6221720123291012,1.1269248723983765,120.73906707763672,1.128643486658405,119.19607580507906,1.1183316840264177,120.35331925949731,1.1220145292166068,22992000.0,277416000.0
2016-05-30,3.63374267578125,,121.8962511196258,,119.58176533887341,,121.124755859375,,36339000.0,
2016-05-31,3.6221720123291012,1.147057056427002,121.51056271391555,1.149512286151613,119.58182362321848,1.1310984144324217,120.73906707763672,1.1318350301785236,69656000.0,412524000.0
2016-06-01,3.6800326538085937,1.1492666006088257,122.66775512695312,1.160314781366268,120.35326918116156,1.1382183027796056,120.35326918116156,1.1416555301803801,26926000.0,387132000.0
2016-06-02,3.6800326538085937,1.157368540763855,123.43925044221699,1.1671892228321907,121.89625981168928,1.1441105146070132,122.66775512695312,1.1554043106927758,21977000.0,329208000.0
2016-06-03,3.7147503662109376,1.1411645412445068,123.82501220703125,1.1475479977206902,122.66776910229264,1.1210321736330309,122.66776910229264,1.146075000446301,31853000.0,461076000.0
2016-06-06,3.7263230895996093,1.13527250289917,124.98226511700554,1.1529497626834588,123.4392741896351,1.1293800439471329,124.21076965332031,1.1441110742554033,28757000.0,322512000.0
2016-06-07,3.749468307495117,1.1374815702438354,126.13952022128635,1.1485298669375261,124.21078137998228,1.136990571257554,124.59652914824309,1.1421464118288056,47046000.0,193400000.0
2016-06-08,3.8304757690429687,1.1337989568710327,128.06827344635101,1.1419010263121954,126.13953438842404,1.124469272769869,126.52528220000943,1.137727183296903,45214000.0,234616000.0
2016-06-09,,1.1632611751556396,,1.164979789100428,,1.1274156647965732,,1.1298708944730107,,472168000.0
2016-06-10,,1.1342898607254028,,1.159823681566289,,1.1328167466713694,,1.1495120002598238,,400024000.0
2016-06-13,3.749468307495117,1.1487756967544556,125.36802468476472,1.1711177960593186,124.21078137998228,1.1355177837384973,124.21078137998228,1.1355177837384973,48750000.0,475588000.0
2016-06-14,3.749468307495117,1.1509851217269897,125.75377245302553,1.1563864619120547,124.21078137998228,1.1333078700365047,124.21078137998228,1.1460747805391756,27509000.0,298344000.0
2016-06-15,3.7726126098632813,1.1627700328826904,125.75375366210939,1.1728362157587346,124.21076281962951,1.1477935083301531,124.98225824086944,1.1605604201033917,29270000.0,301036000.0
2016-06-16,3.7147503662109376,1.1674349308013916,125.3680030133494,1.1693990441514535,123.05351680387217,1.1428832212461555,124.59650761019032,1.1541770193487426,24408000.0,246456000.0
2016-06-17,3.7726126098632813,1.147057056427002,126.91099679396929,1.1691536556613127,124.98225824086944,1.1423922136076787,125.36800595148942,1.168908156103211,30633000.0,471000000.0
2016-06-20,3.7726126098632813,1.1676808595657349,127.29674450458926,1.1826573903389066,125.75375366210939,1.1647346299217405,126.91099679396929,1.1654712458686534,24911000.0,293768000.0
2016-06-21,3.8304757690429687,1.1605606079101562,127.68252563476562,1.1757826344490432,126.13953438842404,1.15884187682706,126.52528220000943,1.1725909059892348,27970000.0,212508000.0
2016-06-22,3.8420484924316405,1.1595784425735474,128.0682830810547,1.170626741924961,126.13954387802676,1.157614329084179,126.91103955923793,1.1630156704478904,30359000.0,202620000.0
2016-06-23,3.795757827758789,1.1905137300491333,128.06825191218678,1.1917413450051713,126.52526092529297,1.1698902436605592,127.68250416546334,1.1706268594629041,22494000.0,297880000.0
2016-06-24,3.6800326538085937,1.122750997543335,126.52523170327241,1.1627703577782462,119.19602620826578,1.112193812671339,126.52523170327241,1.1416558709624414,86547000.0,1017684000.0
2016-06-27,3.7401647186279297,1.1107203960418701,125.0730323914163,1.122014193689828,123.46953197614174,1.0942706400838467,123.87040707996037,1.1134210078875728,42874000.0,449088000.0
2016-06-28,3.7762429046630857,1.1269248723983765,126.2756385317274,1.1330627135717264,124.27126331693808,1.1114572269863034,124.67213835989594,1.131835215580146,1327000.0,381920000.0
2016-06-29,3.8243486022949216,1.1453382968902588,128.28003697425314,1.154176982289415,126.67653651207499,1.133798999623401,127.07741162761953,1.1367452280897863,31514000.0,318932000.0
2016-06-30,3.908532257080078,1.1541768312454224,130.6852836726262,1.161296784880933,127.87915794959436,1.1379726938726762,129.08178325946514,1.1473022600329188,42398000.0,430940000.0
2016-07-01,3.9927159118652344,1.1455843448638916,133.0905303955078,1.1627706077645152,131.08615493774414,1.1416561164092658,131.8879051208496,1.147794075807477,36212000.0,218488000.0
2016-07-04,3.9927159118652344,,133.49140548706055,,131.8879051208496,,132.68965530395508,,25724000.0,
2016-07-05,3.944611358642578,1.1625248193740845,132.68967070230624,1.1644889331135542,131.48704528808594,1.130116532921505,132.2887955642328,1.1392006028684802,16346000.0,371084000.0
2016-07-06,3.884480438232422,1.1698899269104004,130.68530679708664,1.1767644985598242,128.6809309259657,1.1485299475745463,130.68530679708664,1.1544224041106885,34803000.0,273104000.0
2016-07-07,3.9566368103027343,1.200334072113037,132.28876873352607,1.2045079149406195,130.68526850645304,1.1723451381400691,131.0861435632213,1.1777464785006708,23769000.0,395400000.0
2016-07-08,3.9566368103027343,1.2484556436538696,131.8878936767578,1.2543481008361799,131.8878936767578,1.2084362922795504,131.8878936767578,1.2131011347035816,0.0,481932000.0
2016-07-11,4.08892593383789,1.2771811485290527,136.69840621948242,1.2865107159526452,135.09490585327148,1.2649052355538979,136.2975311279297,1.2663783497937877,50643000.0,448776000.0
2016-07-12,4.11297866821289,1.2963316440582275,137.5001640542906,1.3081164420644913,135.89666359884697,1.2752170435673051,137.0992889404297,1.2914213017996348,41961000.0,436760000.0
2016-07-13,4.052847290039062,1.2958405017852783,136.29753497658567,1.3061523022709103,133.8922843593518,1.2938763883357551,135.89665987371336,1.2987867304954588,50653000.0,324604000.0
2016-07-14,4.0648736572265625,1.3090983629226685,136.29753880246858,1.3208832773043933,133.89228811771912,1.2919122245689652,133.89228811771912,1.3027150237282838,34790000.0,316892000.0
2016-07-15,4.076900939941406,1.2938761711120605,135.89669799804688,1.2997686275431608,133.49144670604605,1.2727616916629807,134.69407235204645,1.2924030570042855,41546000.0,428616000.0
2016-07-18,4.076900939941406,1.30050528049469,136.29757321338033,1.311799078614243,134.69407235204645,1.2955949385762662,134.69407235204645,1.3098349652612309,24749000.0,252992000.0
2016-07-19,4.100952301025391,1.314008355140686,136.6984100341797,1.3191641948151036,135.4957847259611,1.2973131047217565,136.6984100341797,1.2997683333696195,42456000.0,382652000.0
2016-07-20,4.08892593383789,1.3311949968338013,136.69840621948242,1.3383150689800416,135.49578094482422,1.3130267427593025,136.2975311279297,1.3184280839512372,38053000.0,296460000.0
2016-07-21,4.1370314025878905,1.3066434860229492,137.9010467529297,1.332422815272531,136.29754620929097,1.3022241423331273,137.09929648111034,1.3282489711646202,33130000.0,361308000.0
2016-07-22,4.11297866821289,1.3422435522079468,137.9010391681515,1.3422435522079468,136.69841382656878,1.3017331928513136,137.9010391681515,1.3113083793421372,28504000.0,315768000.0
2016-07-25,4.125005493164062,1.367040753364563,138.70280861367985,1.3702324821629914,135.49580725845027,1.344453152186733,137.90105827487244,1.3503456106059275,27145000.0,312528000.0
2016-07-26,4.161083679199218,1.3903651237487793,138.70278930664062,1.3974850808975163,137.5001639658316,1.3771072079149522,137.9010390794346,1.3790713219140702,32685000.0,514508000.0
2016-07-27,4.2091891479492185,1.3763703107833862,141.10805524553572,1.4048503677031026,139.9054297746931,1.3680227401887934,140.30630493164062,1.4023951379019752,34117000.0,446676000.0
2016-07-28,4.245266876220703,1.3793164491653442,141.50889587402344,1.3896281326808073,138.70277046009096,1.375142605606156,140.3062706966238,1.37956194871498,31071000.0,221916000.0
2016-07-29,4.149057312011719,1.4019036293029785,141.90978632387908,1.4055863555945252,138.30191040039062,1.3596746754731848,141.90978632387908,1.3844718786796284,29795000.0,409588000.0
2016-08-01,4.257293701171875,1.3928196430206299,141.9097900390625,1.4129521248737378,139.90541447353903,1.3837355757466177,140.30628958664371,1.4077962839227944,34188000.0,301120000.0
2016-08-02,4.233240509033203,1.3758790493011475,142.31064211238512,1.400185257752993,140.70714191956952,1.3626211387041007,142.31064211238512,1.3994486421243912,15250000.0,282748000.0
2016-08-03,4.149057312011719,1.3795619010925293,139.50453570822012,1.3822626301888803,137.9010352977808,1.3665494888366743,138.30191040039062,1.374160559971616,21627000.0,299828000.0
2016-08-04,4.197162322998047,1.4050959348678589,139.90541076660156,1.4114793921717372,138.30191035666917,1.3834904501087817,138.70278545915227,1.3861910625337874,13612000.0,272712000.0
2016-08-05,4.257293701171875,1.4289110898971558,142.3106651521672,1.4296475885988842,139.5045393604343,1.41442556178362,140.30628958664371,1.421300017953623,25759000.0,371588000.0
2016-08-08,4.281346435546875,1.4421688318252563,142.7115478515625,1.451989515779434,141.508922448319,1.42694668974603,142.7115478515625,1.4485522881026507,16200000.0,305064000.0
2016-08-09,4.293372344970703,1.4458515644073486,143.91416170349976,1.459846091776306,141.90978619230896,1.4421688371788082,143.11241149902344,1.4492887920968915,16413000.0,372344000.0
2016-08-10,4.317425537109375,1.4365216493606567,143.9141845703125,1.460827855904333,142.71155907251045,1.431856807651656,143.51330940437848,1.4586182433355512,19279000.0,375740000.0
2016-08-11,4.245266876220703,1.4657384157180786,142.71152105142306,1.471876372412292,140.707145755757,1.441186706013011,142.31064599228986,1.4441329345919764,28180000.0,681064000.0
2016-08-12,4.269321441650391,1.547741174697876,143.11246522715393,1.5560887439840771,141.90983946894255,1.488571574040865,143.11246522715393,1.5197522383684288,22947000.0,1425744000.0
2016-08-15,4.3053982543945315,1.546268105506897,143.51327514648438,1.559035017871277,142.31064993575964,1.525399123147567,143.1124000762428,1.5494598335979919,12020000.0,573304000.0
2016-08-16,4.221215057373047,1.5369385480880737,143.51329444820044,1.5465136153534194,140.30629345494458,1.5322737056875386,142.71154419988648,1.544058502921014,34260000.0,287652000.0
2016-08-17,4.257293701171875,1.5013381242752075,142.3106651521672,1.540375469543947,141.1080398128531,1.4893078298970266,141.9097900390625,1.5369382425787526,21487000.0,595212000.0
2016-08-18,4.233240509033203,1.5246626138687134,141.50889201597732,1.5271177262675575,140.30626687136564,1.4932363322466575,141.10801696777344,1.4991287893187393,27253000.0,331684000.0
2016-08-19,4.197162322998047,1.5285907983779907,142.31066138150015,1.5401300955994166,139.50453566411846,1.5172970006825002,141.90978627901706,1.523925956169877,23470000.0,291560000.0
2016-08-22,4.149057312011719,1.5349746942520142,139.50453570822012,1.5371844247622868,137.50016019517096,1.5150878220904502,138.70278550300046,1.5332560800061437,21337000.0,244748000.0
2016-08-23,4.2091891479492185,1.5473960638046265,140.30630493164062,1.5574807989101815,139.103679460798,1.5429685762140608,139.50455461774555,1.5505936741832216,20888000.0,339764000.0
2016-08-24,4.17311050415039,1.5235368013381958,140.70718414570482,1.5535451687938802,139.1036834716797,1.5164037253783582,140.30630897719854,1.5528073129170143,12092000.0,298448000.0
2016-08-25,4.245266876220703,1.513452172279358,141.90977093315664,1.5247667841888963,139.90539563749059,1.4945125799631498,140.3062706966238,1.524028928260848,23892000.0,406032000.0
2016-08-26,4.257293701171875,1.5257508754730225,141.9097900390625,1.5343597820084605,140.30628958664371,1.505335334503207,140.30628958664371,1.5173879209403751,15076000.0,300024000.0
2016-08-29,4.233240509033203,1.524766445159912,141.90976706418124,1.538048787211818,139.50451677495784,1.522306808659104,140.30626687136564,1.5318996373160396,16975000.0,274652000.0
2016-08-30,4.185136871337891,1.51591157913208,141.5089382741643,1.5309157018176482,139.5045623779297,1.5117300446356847,141.10806309491738,1.522798702032011,19471000.0,285544000.0
2016-08-31,4.245266876220703,1.5087785720825195,141.90977093315664,1.523044840758986,139.90539563749059,1.5043512024109673,141.50889587402344,1.5188634230372389,38524000.0,388544000.0
2016-09-01,4.185136871337891,1.553298830986023,141.10806309491738,1.558956076499301,138.70281201943584,1.508778253423357,141.10806309491738,1.5100081302001582,22692000.0,428492000.0
2016-09-02,4.185136871337891,1.5380489826202393,141.5089382741643,1.55821856746948,139.5045623779297,1.5205852211119417,141.5089382741643,1.5564967865139079,16999000.0,323148000.0
2016-09-05,4.257293701171875,,142.3106651521672,,141.5089149259578,,141.5089149259578,,22381000.0,
2016-09-06,4.281346435546875,1.5525614023208618,143.5132981203915,1.5525614023208618,141.508922448319,1.5355895425433213,141.9097975827335,1.5434605924718712,26024000.0,306812000.0
2016-09-07,4.4497137451171875,1.5296862125396729,148.32379150390625,1.5552670952642396,144.31504038217906,1.5208313547513854,144.71591549435178,1.5476419973857525,49761000.0,397988000.0
2016-09-08,4.401609649658203,1.5407541990280151,147.92294724261174,1.5432139523471502,146.319446459494,1.5107459591745287,146.319446459494,1.5282097151329133,30204000.0,315808000.0
2016-09-09,4.341477813720703,1.4640122652053833,145.11680226841133,1.532391838687122,143.9141768352477,1.4512218245127504,145.11680226841133,1.5237829333315187,29793000.0,697760000.0
2016-09-12,4.221215057373047,1.4942659139633179,142.3106690757295,1.4972175710718494,139.50454320663061,1.4098983209298472,142.3106690757295,1.4445801160238512,43036000.0,598260000.0
2016-09-13,4.221215057373047,1.4726208448410034,141.50891882741553,1.507794548965888,139.10366808247363,1.4642578933042332,141.50891882741553,1.4905766247754695,36834000.0,471768000.0
2016-09-14,4.185136871337891,1.4856570959091187,141.10806309491738,1.490576485606003,139.10368719868276,1.4637658528086086,139.5045623779297,1.4760642684070686,52877000.0,319048000.0
2016-09-15,,1.541985034942627,,1.5437068164221288,,1.48467399020153,,1.4881176704481003,,515212000.0
2016-09-16,,1.5456739664077759,,1.5557586994501889,,1.5279641369561499,,1.5473957472372726,,902444000.0
2016-09-19,4.401609649658203,1.5660896301269531,146.72032165527344,1.605198805830542,143.11244489325853,1.554775019196432,143.9141952848174,1.5619080950338669,57055000.0,417128000.0
2016-09-20,4.413635101318359,1.5518232583999634,147.1211700439453,1.5840453080870487,145.51766955300315,1.5432143541166856,145.91854467573867,1.5840453080870487,23641000.0,331112000.0
2016-09-21,4.425661468505859,1.5953600406646729,147.5220489501953,1.5983116987275412,144.71592301907748,1.5562508645505007,145.1167981520943,1.5564968165078175,25008000.0,336212000.0
2016-09-22,4.4497137451171875,1.5992954969406128,148.72466661607896,1.6096263000985354,147.12116616738808,1.5901946881369453,148.32379150390625,1.6047069091191783,20980000.0,308732000.0
2016-09-23,4.497819213867188,1.5975736379623413,150.32818228165732,1.6059365904901826,147.92293136515082,1.5904405624411753,148.3238065179019,1.601263268982366,23213000.0,276132000.0
2016-09-26,4.413635101318359,1.5825694799423218,148.32379541215195,1.5889646994951752,146.72029492120976,1.5626459654680596,147.1211700439453,1.5793718701658952,24225000.0,230040000.0
2016-09-27,4.413635101318359,1.6366826295852661,147.1211700439453,1.639142383324569,147.1211700439453,1.575682214673227,147.1211700439453,1.5764200704225095,0.0,402752000.0
2016-09-28,4.413635101318359,1.642586350440979,147.1211700439453,1.6438162276144046,147.1211700439453,1.6216789076429154,147.1211700439453,1.6391427881854215,0.0,319788000.0
2016-09-29,4.497819213867188,1.6578360795974731,150.32818228165732,1.6630015391808923,148.72468167065298,1.624630223918453,148.72468167065298,1.6398802988807588,54272000.0,336684000.0
2016-09-30,4.425661468505859,1.68538498878479,149.5264246152795,1.7018649424448187,146.3194235511448,1.6570984031279987,148.72467434924582,1.6669371849336139,42592000.0,429932000.0
2016-10-03,4.473766479492188,1.683663249015808,149.52642444897725,1.7097361522710117,147.9229239186933,1.6807117080263425,149.12554931640625,1.6853851474170138,17742000.0,242596000.0
2016-10-04,4.497819213867188,1.6799731254577637,149.92730712890625,1.7144088525281465,148.3238065179019,1.6674286409743568,148.3238065179019,1.6861223917564927,16859000.0,281624000.0
2016-10-05,4.473766479492188,1.67825186252594,149.12554931640625,1.711457840406992,147.9229239186933,1.6730865194655635,149.12554931640625,1.6942399129182018,19148000.0,305440000.0
2016-10-06,4.509845581054687,1.6563600301742554,150.32818603515625,1.6684124930728494,148.32381022135417,1.6297952337623127,148.32381022135417,1.6580818105883404,15524000.0,360212000.0
2016-10-07,4.521871032714843,1.6443079710006714,150.72903442382812,1.6718565836425274,149.1255340576172,1.6396345320280536,150.72903442382812,1.667429096623069,15380000.0,286260000.0
2016-10-10,,1.6504572629928589,,1.661771874015519,,1.6349611168430611,,1.6529168998477677,,287876000.0
2016-10-11,4.509845581054687,1.6265984773635864,153.13431217447916,1.6475059224536115,149.125560546875,1.6140539868520603,153.13431217447916,1.6450462851246674,30294000.0,388540000.0
2016-10-12,4.557950134277344,1.6339770555496216,152.33254626432637,1.6425859591376681,149.12554529034054,1.606428446780358,149.52642041208875,1.6199567406026476,22604000.0,419920000.0
2016-10-13,4.533897857666015,1.6074124574661255,153.13430429959487,1.6184811162129895,149.92730316243058,1.5668274535859767,152.73342915744934,1.6147916023932114,37642000.0,390116000.0
2016-10-14,4.521871032714843,1.6231540441513062,151.5307846069336,1.6381581639443115,149.52640914916992,1.6135612174096734,149.92728424072266,1.627089508681851,33248000.0,330636000.0
2016-10-17,4.4857933044433596,1.6138076782226562,150.32819384863805,1.6381586805645605,148.32381793065622,1.6115939933870393,149.5264434814453,1.6229086040899705,37340000.0,195328000.0
2016-10-18,4.497819213867188,1.6384047269821167,149.92730712890625,1.6477516053381445,148.72468167065298,1.629549869841563,149.52643197615515,1.6361910420188623,38150000.0,269372000.0
2016-10-19,4.557950134277344,1.6349613666534424,151.93167114257812,1.642586464915033,150.3281706555852,1.6189733141473095,150.3281706555852,1.6273363856794028,33272000.0,199060000.0
2016-10-20,4.582002410888672,1.6659530401229858,152.73341369628906,1.671364451503659,151.5307883915939,1.6307794525861874,151.93166349315894,1.654146526970862,13226000.0,312084000.0
2016-10-21,4.533897857666015,1.6612797975540161,153.93605458388595,1.6642313380158398,151.1299285888672,1.645537701082526,153.13430429959487,1.660049920610536,21936000.0,279508000.0
2016-10-24,4.594028778076171,1.7392523288726807,153.13429260253906,1.7412200617673699,151.93166726796414,1.6723484721530042,153.13429260253906,1.6725945413914292,13459000.0,339836000.0
2016-10-25,4.642133331298828,1.767784833908081,154.73777770996094,1.7783615893168965,153.1342774228111,1.7279378010499553,153.936027566386,1.7363007542194062,18878000.0,397460000.0
2016-10-26,4.606055145263672,1.7749178409576416,154.3369217516548,1.7943494514216438,152.73342126592334,1.7513046957040659,152.73342126592334,1.7530264765497672,21043000.0,333792000.0
2016-10-27,4.533897857666015,1.7385143041610718,153.5351794417404,1.7918897464104255,151.1299285888672,1.7313812286465955,153.5351794417404,1.7884461846249868,26231000.0,388664000.0
2016-10-28,4.557950134277344,1.7355629205703735,152.33254626432637,1.773442220924746,151.12992089908167,1.7323653104392394,151.93167114257812,1.746877532012269,24348000.0,290856000.0
2016-10-31,4.533897857666015,1.7503211498260498,152.73342915744934,1.7618817136017955,149.52642802028504,1.7402362978923838,151.53080373101272,1.7412202230746447,25330000.0,252388000.0
2016-11-01,4.557950134277344,1.6984213590621948,151.93167114257812,1.7663090230349026,150.3281706555852,1.6797276034954218,151.12992089908167,1.7567161933026159,14290000.0,473224000.0
2016-11-02,4.473766479492188,1.6912879943847656,150.7290498466902,1.7345786997590673,149.12554931640625,1.6883363367225945,150.3281747141192,1.7114575768845897,16488000.0,295848000.0
2016-11-03,4.437688751220703,1.6716103553771973,149.5264592778069,1.7006347922278873,147.92295837402344,1.639142357176427,148.72470882591517,1.6991589634653512,25038000.0,309664000.0
2016-11-04,4.437688751220703,1.6620177030563354,149.12558405186104,1.6905502391033418,147.52208314807757,1.6376667018272184,147.92295837402344,1.6605418741375233,14860000.0,328780000.0
2016-11-07,4.545923309326172,1.7530264854431152,151.53077697753906,1.7640951436716465,149.12552654932415,1.7094898256309046,149.52640162069332,1.7107197026090801,21332000.0,487580000.0
2016-11-08,4.533897857666015,1.7503211498260498,152.3325540153038,1.765325275808397,150.72905344672165,1.7340871466877614,152.3325540153038,1.7596679112635936,15437000.0,429884000.0
2016-11-09,4.3775559997558595,1.7208043336868286,152.7334098815918,1.7439255738119464,145.9185333251953,1.6903041839930872,152.33253479003906,1.7028485531060304,55541000.0,456532000.0
2016-11-10,4.461741027832031,1.6669373512268066,150.7290769510192,1.7586841238687057,148.72470092773438,1.6420944422824368,149.92732654170527,1.758438171892159,38234000.0,869280000.0
2016-11-11,4.365530548095703,2.1637957096099854,146.7203104318666,2.1834732693502876,145.11680977140904,1.9308623674735186,145.51768493652344,1.9557053863400315,67603000.0,2175344000.0
2016-11-14,4.341477813720703,2.0572915077209473,145.91855255718707,2.169207749135619,144.31505197963557,2.05679960377117,145.11680226841133,2.16674799481165,47989000.0,1348796000.0
2016-11-15,4.329451904296874,2.1200129985809326,145.91856418185765,2.151005046357426,143.51331312391494,2.064423651850494,143.91418830023872,2.073278623175917,33505000.0,626092000.0
2016-11-16,4.329451904296874,2.253821849822998,146.7203145345052,2.2766969135274833,144.3150634765625,2.123949793977754,144.71593865288628,2.1483008044487373,34833000.0,987984000.0
2016-11-17,4.365530548095703,2.272514581680298,146.3194352667522,2.3315472649306335,144.71593460629467,2.229715663477525,145.91856010163784,2.2705467317419408,22434000.0,832988000.0
2016-11-18,4.353503723144531,2.2963740825653076,145.51766588411277,2.320232947794237,144.31504054622755,2.2580027613078437,145.51766588411277,2.272514982761305,22474000.0,576060000.0
2016-11-21,4.353503723144531,2.287026882171631,145.51766588411277,2.320724759508724,144.31504054622755,2.2727604974033504,144.71591565885595,2.314329540199677,15600000.0,436436000.0
2016-11-22,4.425661468505859,2.303506374359131,148.323799216229,2.305720058680076,145.51767328511113,2.272268255535786,145.91854841812798,2.2948974716804535,27599000.0,330368000.0
2016-11-23,4.461741027832031,2.3148386478424072,149.52645133704831,2.346369746057408,147.52207531376348,2.2852781111198213,147.92295051842044,2.308680055862954,22128000.0,443236000.0
2016-11-24,4.401609649658203,,148.32382243839118,,146.72032165527344,,147.5220720468323,,14980000.0,
2016-11-25,4.3775559997558595,2.319519519805908,147.12115859985352,2.3426752661785013,145.9185333251953,2.3010439753207286,146.31940841674805,2.325924315712773,10116000.0,195564000.0
2016-11-28,4.425661468505859,2.318286895751953,147.5220489501953,2.3338061215290846,145.51767328511113,2.305723511614662,145.51767328511113,2.3123747426198413,19096000.0,278736000.0
2016-11-29,4.3775559997558595,2.2971019744873047,148.32378387451172,2.3264163058018994,145.9185333251953,2.2793657480485203,147.12115859985352,2.315577278881192,24408000.0,444568000.0
2016-11-30,4.401609649658203,2.2712364196777344,146.72032165527344,2.3195186919803525,145.51769606793513,2.2687729833020587,145.51769606793513,2.3057235892323025,39671000.0,440500000.0
2016-12-01,4.401609649658203,2.1589064598083496,146.72032165527344,2.2704976032753175,145.51769606793513,2.088207519152793,145.91857126371457,2.268773244598993,13908000.0,1035524000.0
2016-12-02,4.281346435546875,2.1788597106933594,143.914173254806,2.187481503243319,142.7115478515625,2.096829110273067,143.5132981203915,2.124665284045606,53836000.0,478292000.0
2016-12-05,4.3053982543945315,2.2633540630340576,144.31502528696754,2.281336730418956,142.71152500600124,2.1924086743322904,142.71152500600124,2.21679613701563,29191000.0,602284000.0
2016-12-06,4.3775559997558595,2.3005502223968506,146.72028350830078,2.3089258110427537,144.7159080505371,2.2557166727285907,145.11678314208984,2.2714823346392246,27309000.0,498796000.0
2016-12-07,4.365530548095703,2.341935396194458,147.121185596981,2.3476011120239892,145.51768493652344,2.2687730259310155,146.7203104318666,2.287002126556818,14110000.0,480804000.0
2016-12-08,4.461741027832031,2.3027682304382324,148.72470092773438,2.3801184182937667,146.72032490444954,2.292175873587937,147.52207531376348,2.3448921598597177,27257000.0,381544000.0
2016-12-09,4.473766479492188,2.2618753910064697,149.12554931640625,2.322228168427068,147.9229239186933,2.2345318599593416,149.12554931640625,2.320503810070085,24867000.0,382312000.0
2016-12-12,4.4497137451171875,2.206942558288574,149.92729195259713,2.2158107903443844,147.52204127956082,2.1564432754929284,149.12554172825168,2.213347353396724,18796000.0,601332000.0
2016-12-13,4.473766479492188,2.2458643913269043,149.52642444897725,2.2734543734868886,147.9229239186933,2.218274644093242,149.52642444897725,2.2192599250869236,23591000.0,387796000.0
2016-12-14,4.509845581054687,2.3759303092956543,150.32818603515625,2.3921886148132523,148.7246853841146,2.2557171416051656,149.52643570963542,2.279611959551672,16571000.0,983980000.0
2016-12-15,4.497819213867188,2.431602716445923,150.32818228165732,2.4619023292328692,147.92293136515082,2.3796252841597285,148.3238065179019,2.387015359131149,22803000.0,746548000.0
2016-12-16,4.4497137451171875,2.473480701446533,149.92729195259713,2.480624340233883,148.32379150390625,2.4074619488688485,148.72466661607896,2.459192954019243,35985000.0,1089528000.0
2016-12-19,4.389582366943359,2.503533363342285,147.92291263946115,2.5237330268002838,146.3194122314453,2.4387463427708576,147.52203753745718,2.455990164194634,20535000.0,744656000.0
2016-12-20,4.389582366943359,2.5907375812530518,146.3194122314453,2.614385966893083,144.3150367214255,2.5648719612402058,145.11678692543344,2.57620363108262,24139000.0,848056000.0
2016-12-21,4.329451904296874,2.606995105743408,145.91856418185765,2.6099511824244424,144.3150634765625,2.5547714759221805,145.11681382921006,2.602314670575623,29690000.0,576136000.0
2016-12-22,4.3053982543945315,2.6385271549224854,144.7159003572091,2.6818825665511135,143.51327514648438,2.624239407904458,144.31502528696754,2.6313832814134717,26269000.0,718612000.0
2016-12-23,4.293372344970703,2.704298973083496,144.31503680573792,2.7057771291490833,143.11241149902344,2.617834360887169,143.5132866012616,2.620544000439057,22961000.0,647692000.0
2016-12-26,4.317425537109375,,144.31505973624652,,143.51330940437848,,143.51330940437848,,5675000.0,
2016-12-27,4.329451904296874,2.890038251876831,144.71593865288628,2.891023532714755,143.91418830023872,2.7397718825580513,144.3150634765625,2.7604644246384464,8252000.0,1194272000.0
2016-12-28,4.3775559997558595,2.6912426948547363,145.9185333251953,2.9543316391788577,144.7159080505371,2.6774478270067705,145.11678314208984,2.9462024870647032,21226000.0,2295764000.0
2016-12-29,4.329451904296874,2.7449440956115723,145.51768900553387,2.7464222513296206,144.3150634765625,2.532354434052144,144.3150634765625,2.584085420585828,30200000.0,2175368000.0
2016-12-30,4.365530548095703,2.6294119358062744,146.3194352667522,2.7570151768416413,144.31505944118027,2.618573143893628,145.11680977140904,2.7429738704318845,36610000.0,1212932000.0
2017-01-03,4.401609649658203,2.5128941535949707,147.12119685105287,2.6202974966105517,145.1168208721557,2.44810713511104,145.51769606793513,2.571768783422219,22630000.0,1501996000.0
2017-01-04,4.401609649658203,2.5715222358703613,147.5220720468323,2.5988657670120823,145.51769606793513,2.501069510728736,146.72032165527344,2.547134781197438,24369000.0,1199220000.0
2017-01-05,4.413635101318359,2.5062437057495117,147.1211700439453,2.606749645821761,145.51766955300315,2.4892463171900805,145.91854467573867,2.574972103239938,20979000.0,984296000.0
2017-01-06,4.425661468505859,2.5397450923919678,147.92292408321214,2.5680739083411734,147.1211738171785,2.4929407369812213,147.5220489501953,2.533586500929373,22443000.0,822856000.0
2017-01-09,4.425661468505859,2.642714500427246,148.323799216229,2.6604509639145113,146.72029868416163,2.549598889361046,147.5220489501953,2.549598889361046,18569000.0,916248000.0
2017-01-10,4.425661468505859,2.6227612495422363,148.72467434924582,2.689765040100103,147.1211738171785,2.6020687089894987,147.92292408321214,2.655770504438578,20198000.0,880920000.0
2017-01-11,4.3775559997558595,2.5904910564422607,148.32378387451172,2.6161102379099215,145.51765823364258,2.5656109530740134,148.32378387451172,2.611183598741834,29107000.0,525664000.0
2017-01-12,4.437688751220703,2.5481200218200684,148.72470882591517,2.579158706793418,146.31945747024,2.503286470159098,146.31945747024,2.567580838691136,41130000.0,625616000.0
2017-01-13,4.365530548095703,2.547874689102173,146.3194352667522,2.586549663535453,144.71593460629467,2.538760019134717,144.71593460629467,2.5520622501148513,52352000.0,457820000.0
2017-01-16,4.317425537109375,,144.71593490218055,,143.51330940437848,,144.31505973624652,,30756000.0,
2017-01-17,4.353503723144531,2.4907236099243164,145.11679077148438,2.5422081633019826,143.91416543359915,2.4774213819460016,144.71591565885595,2.537281525311533,13159000.0,580612000.0
2017-01-18,4.353503723144531,2.5360498428344727,145.11679077148438,2.5429472770740777,143.91416543359915,2.441456089807233,144.71591565885595,2.4692922643854542,23693000.0,654424000.0
2017-01-19,4.341477813720703,2.5904910564422607,145.11680226841133,2.6225150332768368,143.9141768352477,2.5367894913860383,143.9141768352477,2.539006490757992,24627000.0,644872000.0
2017-01-20,4.353503723144531,2.562161445617676,145.51766588411277,2.6308898145264985,144.71591565885595,2.5402374264769456,145.11679077148438,2.6131533551639956,23429000.0,492024000.0
2017-01-23,4.4497137451171875,2.5887668132781982,148.32379150390625,2.608720278370785,146.31941594304266,2.5545258355402254,146.31941594304266,2.5569892726975914,36992000.0,369904000.0
2017-01-24,4.461741027832031,2.6439454555511475,149.52645133704831,2.650104045925521,147.92295051842044,2.584085319684209,148.32382572307742,2.598865701656503,55022000.0,428052000.0
2017-01-25,,2.6552774906158447,,2.6924745359222,,2.619312163555873,,2.68631594469028,,522760000.0
2017-01-26,,2.701096296310425,,2.708486370773822,,2.6284265651293626,,2.657987097909183,,458800000.0
2017-01-27,,2.7533202171325684,,2.756276294213905,,2.681389556314639,,2.7079940151204136,,471996000.0
2017-01-30,,2.7102112770080566,,2.7345987390992357,,2.6582340727173754,,2.732381739804816,,496004000.0
2017-01-31,,2.689518451690674,,2.7109498322808716,,2.665377196995419,,2.683852735713937,,362756000.0
2017-02-01,,2.8070218563079834,,2.811209416594818,,2.7062695081961086,,2.7240057347865796,,590004000.0
2017-02-02,4.437688751220703,2.842494249343872,151.12996018159035,2.8511162772168146,147.52208314807757,2.7604638800750596,150.72908495564448,2.7910096943614167,94089000.0,483240000.0
2017-02-03,4.437688751220703,2.8176143169403076,149.12558405186104,2.855057802713502,147.12120792213173,2.805790243743182,149.12558405186104,2.8439725725793985,29518000.0,372744000.0
2017-02-06,4.437688751220703,2.889791488647461,148.72470882591517,2.8902841290109236,147.52208314807757,2.8082535178748618,147.92295837402344,2.8082535178748618,24779000.0,506768000.0
2017-02-07,4.437688751220703,2.9346253871917725,148.3238335999693,2.9787198762822733,146.72033269618586,2.9043257695650517,147.12120792213173,2.924032795920819,23616000.0,746224000.0
2017-02-08,4.413635101318359,2.9218156337738037,147.9229202894164,2.939059222142772,146.72029492120976,2.866882118799949,147.1211700439453,2.9166425572631134,29168000.0,449580000.0
2017-02-09,4.425661468505859,2.866882085800171,148.72467434924582,2.9329008310873763,147.1211738171785,2.8476679360823582,147.5220489501953,2.927973957366513,18967000.0,842568000.0
2017-02-10,4.461741027832031,2.7988927364349365,148.72470092773438,2.9732998671767525,147.52207531376348,2.7737661997871443,147.92295051842044,2.9543319220695325,34747000.0,1651092000.0
2017-02-13,4.509845581054687,2.669811725616455,150.72906119791668,2.8077608951556363,149.52643570963542,2.6653774924649127,149.52643570963542,2.7932269471740034,25124000.0,1180724000.0
2017-02-14,4.509845581054687,2.6796655654907227,152.33256184895833,2.7134139014536216,150.32818603515625,2.618327251289553,151.5308115234375,2.660204741610631,45696000.0,850632000.0
2017-02-15,4.545923309326172,2.685084581375122,151.9316520489082,2.7047916060697963,149.52640162069332,2.654538763576257,149.92727669206246,2.682621379482987,39347000.0,373020000.0
2017-02-16,4.545923309326172,2.6419754028320312,152.73340219164652,2.6959233962884954,150.72902683480075,2.6028075592650453,152.33252712027738,2.6946916779766648,27018000.0,647176000.0
2017-02-17,4.557950134277344,2.6414828300476074,152.73342138607458,2.645917063463221,151.5307960208299,2.58137647307534,152.33254626432637,2.6284270373143994,20389000.0,563740000.0
2017-02-20,4.569976043701172,,152.7334098815918,,151.93165969848633,,152.33253479003906,,13254000.0,
2017-02-21,4.569976043701172,2.736076593399048,152.33253479003906,2.7400179511461213,151.12990951538086,2.665870057312489,152.33253479003906,2.6661164949519165,31159000.0,551952000.0
2017-02-22,4.533897857666015,2.731884002685547,153.13430429959487,2.757535517755156,151.1299285888672,2.712891879861249,152.73342915744934,2.748162830693354,25677000.0,433772000.0
2017-02-23,4.533897857666015,2.478574752807617,151.93167887315826,2.624097641995002,149.92730316243058,2.4585963461379743,150.72905344672165,2.6021459519105705,35725000.0,1592888000.0
2017-02-24,4.545923309326172,2.502500295639038,152.73340219164652,2.515819314856522,150.3281517634316,2.3604304436888404,150.3281517634316,2.394221371504175,22766000.0,1029904000.0
2017-02-27,,2.5752618312835693,,2.5903073861085066,,2.50496691412672,,2.520752479824807,,715400000.0
2017-02-28,,2.502993583679199,,2.594747167892349,,2.485728231778532,,2.584880983694507,,625360000.0
2017-03-01,4.473766479492188,2.535304546356201,151.12992497926118,2.574275077339813,149.12554931640625,2.4938674694972667,151.12992497926118,2.559969299441148,46186000.0,504804000.0
2017-03-02,4.473766479492188,2.4418234825134277,151.12992497926118,2.5365368313657686,148.32379905126427,2.4391104242409085,150.7290498466902,2.5224778076194365,39980000.0,754332000.0
2017-03-03,4.425661468505859,2.427765130996704,148.323799216229,2.436151055904293,147.5220489501953,2.3732555605951715,147.92292408321214,2.4312182004097194,28197000.0,864692000.0
2017-03-06,4.413635101318359,2.409019947052002,147.9229202894164,2.4196259047279454,147.1211700439453,2.347357719701596,147.52204516668087,2.391507850021323,12531000.0,883568000.0
2017-03-07,4.461741027832031,2.4354116916656494,148.72470092773438,2.4548970758589945,147.52207531376348,2.396194645034067,147.52207531376348,2.409020402036002,18812000.0,603400000.0
2017-03-08,4.497819213867188,2.430971384048462,150.72905743440842,2.4985532195668276,148.72468167065298,2.4287515873766203,149.12555682340408,2.483754183050041,31791000.0,638712000.0
2017-03-09,4.437688751220703,2.430478572845459,149.12558405186104,2.4529235275677936,147.52208314807757,2.402360515859519,148.72470882591517,2.414939758037689,28489000.0,478060000.0
2017-03-10,4.413635101318359,2.444784164428711,147.9229202894164,2.4687091411744677,146.72029492120976,2.4265322900617705,147.52204516668087,2.4568701447473926,20053000.0,499740000.0
2017-03-13,4.4857933044433596,2.512119770050049,149.5264434814453,2.5219857190762953,148.32381793065622,2.454403862396256,148.32381793065622,2.455143873259489,10487000.0,774136000.0
2017-03-14,4.473766479492188,2.510392665863037,150.7290498466902,2.534317404531418,149.12554931640625,2.478081531350119,150.7290498466902,2.5249449550201395,22245000.0,522016000.0
2017-03-15,4.4857933044433596,2.5293848514556885,149.9273186650417,2.540237323656767,148.72469311425257,2.4743820092207187,148.72469311425257,2.5219854492832603,14131000.0,615036000.0
2017-03-16,4.569976043701172,2.5604617595672607,152.33253479003906,2.560955256765958,150.72903442382812,2.5259310690197094,150.72903442382812,2.5399900938380786,31507000.0,523100000.0
2017-03-17,4.606055145263672,2.6162054538726807,153.53517150878906,2.61743872682804,151.5307959016247,2.5604625983151528,151.9316710230576,2.577974697924833,33764000.0,1119688000.0
2017-03-20,4.606055145263672,2.699573040008545,153.53517150878906,2.7035196081458768,151.9316710230576,2.617685632335108,153.53517150878906,2.6337179479331687,16215000.0,748568000.0
2017-03-21,4.690240173339844,2.6122584342956543,156.34133911132812,2.7121514093891914,153.53521251189403,2.604365771014435,153.9360877403846,2.682306820613053,32246000.0,913484000.0
2017-03-22,4.654160614013672,2.665534496307373,155.13868713378906,2.6702208382185333,153.53518649157934,2.59721265089514,154.3369368126842,2.601158982182774,27396000.0,616764000.0
2017-03-23,4.654160614013672,2.6413631439208984,155.13868713378906,2.677620611627156,153.93606165213177,2.63174394536646,153.93606165213177,2.6576419685689756,18472000.0,533940000.0
2017-03-24,4.630107879638672,2.65073561668396,154.73780446238334,2.695625755194672,153.93605418019482,2.624837595556271,153.93605418019482,2.687733092152724,17541000.0,439500000.0
2017-03-27,4.642133331298828,2.6699743270874023,155.94040292532333,2.673920658726048,153.936027566386,2.5547892875409905,155.94040292532333,2.60411902108087,29251000.0,506644000.0
2017-03-28,4.678212432861328,2.6561620235443115,156.3412895300701,2.6857598633874726,154.33691402327432,2.6458028148826136,156.3412895300701,2.671207574489548,38259000.0,432444000.0
2017-03-29,4.606055145263672,2.6475300788879395,155.9404222373863,2.675894653814122,153.1342963873562,2.6453102814522635,155.9404222373863,2.6635621583436295,33374000.0,349992000.0
2017-03-30,4.606055145263672,2.6983392238616943,154.7377968730877,2.7131382633415684,152.73342126592334,2.6490094843000342,154.3369217516548,2.6546823514245057,28302000.0,525532000.0
2017-03-31,4.545923309326172,2.68674635887146,153.93602740575398,2.710424818672019,151.53077697753906,2.673674091477394,153.13427726301566,2.688719642262413,33635000.0,440808000.0
2017-04-03,,2.6731817722320557,,2.704506157566306,,2.6495033040804064,,2.6872408038913966,,445232000.0
2017-04-04,,2.4857282638549805,,2.575508565342553,,2.4748757904092007,,2.55035031280352,,1271280000.0
2017-04-05,4.642133331298828,2.4672296047210693,154.73777770996094,2.5249455120255675,151.93165220744868,2.454157098848448,151.93165220744868,2.4669828560272253,43748000.0,747048000.0
2017-04-06,4.606055145263672,2.485234498977661,154.7377968730877,2.4973202430194186,153.1342963873562,2.427271853905772,154.7377968730877,2.472408744216648,16173000.0,635120000.0
2017-04-07,4.594028778076171,2.4746294021606445,153.936042825589,2.5091603466600487,151.1299170449142,2.4595838452297287,153.936042825589,2.491648243288572,18911000.0,429068000.0
2017-04-10,4.569976043701172,2.411487340927124,153.53516006469727,2.482028780707555,151.93165969848633,2.4072942590659006,153.13428497314453,2.4753693876539766,17024000.0,756332000.0
2017-04-11,4.594028778076171,2.420119285583496,153.13429260253906,2.4393579183971803,151.53079215643916,2.376462415185837,152.33254237948913,2.3813952713001774,8441000.0,618148000.0
2017-04-12,4.594028778076171,2.4001412391662598,153.53516771406402,2.43442543273137,152.33254237948913,2.3949616331073122,152.73341749101408,2.420119887695629,17283000.0,414092000.0
2017-04-13,4.606055145263672,2.355250358581543,153.93604663022194,2.397673953619398,151.9316710230576,2.355250358581543,151.9316710230576,2.375969011652039,14771000.0,506892000.0
2017-04-14,4.545923309326172,,151.9316520489082,,150.72902683480075,,151.9316520489082,,30701000.0,
2017-04-17,4.509845581054687,2.4474973678588867,151.5308115234375,2.447743881295816,150.32818603515625,2.3628966848886606,151.5308115234375,2.3680762897371137,17096000.0,497292000.0
2017-04-18,4.521871032714843,2.4489777088165283,151.93165969848633,2.4551440744775506,150.3281593322754,2.4072941119283295,150.72903442382812,2.4331921420362286,25063000.0,370116000.0
2017-04-19,4.4857933044433596,2.4585962295532227,150.32819384863805,2.4906603781583416,149.5264434814453,2.451936604163988,150.32819384863805,2.466488892392668,30477000.0,380828000.0
2017-04-20,4.497819213867188,2.4975674152374268,150.72905743440842,2.5022537585495974,149.52643197615515,2.451937255116056,149.52643197615515,2.4731491743654126,21488000.0,404016000.0
2017-04-21,4.569976043701172,2.5079262256622314,152.33253479003906,2.5106392846960386,150.3281593322754,2.475368576365603,150.3281593322754,2.4872075718771813,17373000.0,341896000.0
2017-04-24,4.569976043701172,2.539250612258911,153.53516006469727,2.552322880625889,151.12990951538086,2.5185321936141603,153.13428497314453,2.5394971256869274,19317000.0,371820000.0
2017-04-25,4.618081512451171,2.5834009647369385,153.93605041503906,2.5979532558074103,151.93167475859326,2.532344689265737,152.73342502117157,2.5538031204750427,31932000.0,388440000.0
2017-04-26,4.594028778076171,2.5656418800354004,153.936042825589,2.599432563717229,152.73341749101408,2.5636685966920414,153.936042825589,2.596966253566422,29909000.0,327004000.0
2017-04-27,4.642133331298828,2.6055996417999268,154.73777770996094,2.61398556905814,152.7334023510236,2.5550366238881983,153.936027566386,2.573041986652418,27940000.0,319700000.0
2017-04-28,4.678212432861328,2.5725488662719727,155.94041442871094,2.60559978540652,154.73778912463348,2.566875762999677,155.13866422599264,2.5986936442640287,34852000.0,348248000.0
2017-05-01,,2.6302647590637207,,2.6354446005716405,,2.5762486633280264,,2.58340155376962,,307732000.0
2017-05-02,4.726318359375,2.5523228645324707,159.54832120706106,2.6046126433388834,156.74219495467557,2.529631162492984,159.14744602814886,2.6033793705383665,44119000.0,629972000.0
2017-05-03,4.762396087646485,2.571315288543701,159.14741134643555,2.580934488217458,157.94478607177734,2.530618222187877,158.7465362548828,2.5454170271048513,25723000.0,336904000.0
2017-05-04,4.762396087646485,2.5614495277404785,159.54828643798828,2.5885808288899907,157.94478607177734,2.5535566273471137,159.14741134643555,2.5774816067781945,22088000.0,209788000.0
2017-05-05,4.75037109375,2.5616958141326904,159.14745352056963,2.568848703025126,157.9448279272152,2.534317766713558,157.9448279272152,2.5498568174262815,17036000.0,228428000.0
2017-05-08,4.870632934570312,2.534810781478882,162.35443115234375,2.575014342203539,159.5483051818094,2.523464813836378,159.5483051818094,2.5735345561054985,36538000.0,365240000.0
2017-05-09,4.894686584472656,2.539003610610962,165.96234610742667,2.5880868285101117,163.15621948242188,2.532097471750869,164.75972041099604,2.540483631922532,48077000.0,847672000.0
2017-05-10,4.942791137695313,2.991605281829834,165.160579783493,3.004677788248418,163.55707900889598,2.8122916577546855,163.55707900889598,2.8189510500932644,28312000.0,2129096000.0
2017-05-11,4.990896606445312,3.1201090812683105,167.16497067371049,3.2170422659698463,163.55709360881025,2.9575675627838174,163.9579688382436,2.9610206329829207,43718000.0,1939792000.0
2017-05-12,4.9548179626464846,3.154392957687378,165.96234923427545,3.1965700419467367,164.35884827549017,3.102350161169123,164.35884827549017,3.123315328970449,25009000.0,962620000.0
2017-05-15,4.9548179626464846,3.31274151802063,165.1605987548828,3.315208063624736,163.55709779609754,3.1911435953664706,163.55709779609754,3.195583424498409,25666000.0,1087540000.0
2017-05-16,4.9187384033203125,3.3744044303894043,164.3588219528385,3.3899434826650587,163.1561964263543,3.289310706813676,164.3588219528385,3.3637984703213313,33224000.0,1120700000.0
2017-05-17,4.906712036132812,3.150200366973877,163.55706787109375,3.326307649608239,162.7553175383923,3.1460072860300863,162.7553175383923,3.307562277310888,21567000.0,1271368000.0
2017-05-18,4.894686584472656,3.2821571826934814,163.55709471456544,3.291036605816883,161.5527185538477,3.1336744761135598,162.3544690181348,3.1941034326375743,22461000.0,1156032000.0
2017-05-19,4.8826588439941405,3.3579583168029785,163.95792013083772,3.4127718412830506,162.35441968946034,3.338699421807637,163.15616991014903,3.3833898349311116,16492000.0,1018372000.0
2017-05-22,4.930764770507812,3.4295616149902344,164.35882568359375,3.443882222212224,162.7553249452172,3.3907968188783832,163.15620012981134,3.4016609551562027,13726000.0,836608000.0
2017-05-23,4.930764770507812,3.383389472961426,165.96232642197026,3.45153627054573,163.95795049899962,3.350797536528517,164.35882568359375,3.449314135874478,19991000.0,681248000.0
2017-05-24,4.942791137695313,3.4214138984680176,165.160579783493,3.4831410726726593,164.3588293961945,3.409315189598813,164.3588293961945,3.4804249206552544,13380000.0,815996000.0
2017-05-25,4.978870239257812,3.41375994682312,165.96234130859375,3.457462800686948,164.75971564693725,3.368822521127656,165.16059086748942,3.456722010493866,22328000.0,608228000.0
2017-05-26,4.978870239257812,3.502153158187866,165.96234130859375,3.5870897208058197,164.35884042638511,3.3853654434558047,164.35884042638511,3.4056119031147536,32514000.0,779140000.0
2017-05-30,,3.5769662857055664,,3.612027132984817,,3.5320288648332894,,3.548077825981008,,989652000.0
2017-05-31,4.8826588439941405,3.56412672996521,165.96229568255947,3.629557376353479,162.7552947998047,3.507337613820373,165.56142057221513,3.62190317372962,67475000.0,887316000.0
2017-06-01,4.978870239257812,3.5643739700317383,165.96234130859375,3.5809169490447976,163.95796520583295,3.518942765351336,164.35884042638511,3.5799291503548853,27589000.0,503340000.0
2017-06-02,5.026974792480469,3.5465967655181885,167.56582641601562,3.587583466050543,166.3632008675753,3.5406709150755487,167.16495123320217,3.5614111561542945,22573000.0,487456000.0
2017-06-05,5.099131164550781,3.6544957160949707,169.97103881835938,3.6673349802751205,167.56578826904297,3.518696114420185,167.9666633605957,3.5303008067979555,21457000.0,817376000.0
2017-06-06,5.063053436279296,3.637953042984009,169.57019822218072,3.695976506005369,168.76844787597656,3.624619996916771,168.76844787597656,3.6498045086712767,14912000.0,758728000.0
2017-06-07,5.087105712890625,3.6819024085998535,170.37194073904774,3.700667522278521,168.36756496564718,3.6468415601908215,169.9710655843676,3.6623967402542257,29514000.0,612612000.0
2017-06-08,5.1231834411621096,3.9490575790405273,170.7727813720703,3.9505389237624042,169.57015615114025,3.747826870747917,169.97103122478362,3.789060575554357,18437000.0,1161744000.0
2017-06-09,5.099131164550781,3.693754196166992,172.37628936767578,4.160411728326344,169.97103881835938,3.5246216314689014,171.97541427612305,4.067574191883995,31774000.0,3692928000.0
2017-06-12,4.990896606445312,3.7028896808624268,168.36759636201054,3.7456049685136237,165.9623449854104,3.508819617488062,165.9623449854104,3.6019041608677975,58256000.0,1697532000.0
2017-06-13,5.002922058105469,3.7381980419158936,167.16494376842792,3.8214062527663395,165.56144310877875,3.59622534195698,165.96231827369104,3.812270468278195,43566000.0,1672504000.0
2017-06-14,4.978870239257812,3.746098041534424,167.96671741135452,3.8038747168151175,165.16059086748942,3.6665935669373972,167.16496697025022,3.7411599909517808,36293000.0,1184640000.0
2017-06-15,5.002922058105469,3.7621476650238037,166.76406860351562,3.7925172329279717,165.96231827369104,3.617212061037466,166.36319343860333,3.62856997897331,17748000.0,963824000.0
2017-06-16,5.087105712890625,3.7436296939849854,169.9710655843676,3.8196777141627756,165.9623140375665,3.709556407766214,166.3631891922466,3.7717773653395494,32816000.0,924960000.0
2017-06-19,5.1231834411621096,3.884368419647217,170.7727813720703,3.8895534806291856,168.76840600385353,3.7841234363881013,169.1692810774969,3.7878269168206358,15632000.0,778176000.0
2017-06-20,5.207368469238281,3.8786888122558594,174.78157448713554,3.9935013994088,171.97544829124115,3.8744915507030706,172.3763234620832,3.9265891619958033,28630000.0,1095444000.0
2017-06-21,5.183315734863281,3.937453269958496,173.9798166226345,3.9411569855497577,171.97544085509264,3.8443687177601142,173.17806631561777,3.906342906685722,44789000.0,682652000.0
2017-06-22,5.2434461975097655,3.910292625427246,174.7815399169922,3.9589337583055375,173.57891464233398,3.8863424540213463,173.97978973388672,3.9456004789905337,24139000.0,469132000.0
2017-06-23,5.219393920898438,3.798197031021118,175.18242269067719,3.9337498690873636,173.97979736328125,3.7831353952621924,174.78154758154523,3.917947678571671,39621000.0,1088588000.0
2017-06-26,5.343664855957031,3.756716251373291,178.12216186523438,3.8665905575603965,175.63673635083575,3.662397126891743,175.63673635083575,3.831035688325904,58686000.0,1063960000.0
2017-06-27,5.256676025390624,3.619188070297241,177.29372252696513,3.747827492746398,174.80829651023197,3.613509228048535,177.29372252696513,3.739185725091734,43269000.0,999492000.0
2017-06-28,5.1821136474609375,3.746839761734009,173.97983468693795,3.7515310404609274,172.3228838803957,3.5986944399488445,173.5655969853024,3.686840937022182,48568000.0,994948000.0
2017-06-29,5.219394378662109,3.621657371520996,174.39405027117047,3.7214083344669793,172.7370996747698,3.55746104405144,174.39405027117047,3.718445644402709,26019000.0,1064424000.0
2017-06-30,5.1821136474609375,3.569312810897827,172.73712158203125,3.652521029542764,171.080170775489,3.5431404977581544,171.080170775489,3.6389409735513363,30867000.0,731060000.0
2017-07-03,5.194540557861328,3.4401795864105225,173.15135192871094,3.596225911993167,171.494401192551,3.42166147688465,171.908638876591,3.5814115185606843,19027000.0,709072000.0
2017-07-04,5.144831085205078,,172.73708232934922,,171.49436950683594,,172.3228447218448,,21132000.0,
2017-07-05,5.1821136474609375,3.5320286750793457,172.73712158203125,3.5609168977814445,171.080170775489,3.484622113355672,171.49440847712455,3.5036339984658134,23276000.0,820188000.0
2017-07-06,5.157259826660156,3.5426459312438965,172.73713636283415,3.5895587162283324,171.49442315159072,3.4507959586550343,172.322898625753,3.5028938037476736,15242000.0,746284000.0
2017-07-07,5.119977264404297,3.623631715774536,171.90862174173003,3.6419030467152917,170.25167117072542,3.576472161445615,171.49438409897888,3.5994347705142484,20655000.0,654972000.0
2017-07-10,5.119977264404297,3.7949867248535156,171.49438409897888,3.802393919988357,170.66590881347656,3.671038592130963,171.0801464562277,3.697210901379857,13292000.0,958492000.0
2017-07-11,5.269103393554687,3.8488128185272217,175.63677978515625,3.856467021994688,171.9086405916034,3.756715839323626,172.32287827977595,3.7986903363919726,33265000.0,757956000.0
2017-07-12,5.2318212890625,4.012513637542725,176.050993495769,4.02461211257319,174.39404296875,3.8656031126603283,174.80828060050476,3.9085651789557447,26426000.0,1145208000.0
2017-07-13,5.3312388610839845,3.966094732284546,178.9506750573645,4.106091838211084,175.2225359936694,3.9196759603802724,175.6367736674133,4.024611978817197,50090000.0,1369132000.0
2017-07-14,5.293956298828125,4.072758674621582,177.70792270714128,4.0742397837805076,175.63673479680162,3.9754764110415577,176.4652099609375,3.9823898235862387,22335000.0,941948000.0
2017-07-17,5.293956298828125,4.055474281311035,178.53639787127713,4.135719778828836,175.2224972147337,3.993747120432993,178.1221602892092,4.106831324371889,21372000.0,930792000.0
2017-07-18,5.318811950683593,4.097696781158447,177.29373168945312,4.112264397622278,175.63678092600028,3.9826369587413954,176.4652563077267,3.9944886587358597,18613000.0,776640000.0
2017-07-19,5.3312388610839845,4.076462268829346,178.1221997098767,4.133251150887278,176.0510113411572,4.0643637965351465,176.0510113411572,4.1068318360864895,20637000.0,687044000.0
2017-07-20,5.356092681884766,4.135721206665039,178.5364227294922,4.13596797976278,177.29370981026136,4.0470811576504735,178.12218508974857,4.09695663797359,20770000.0,699596000.0
2017-07-21,5.318811950683593,4.150533199310303,178.12220707117953,4.180162436847902,176.8794939985899,4.100904520772795,177.29373168945312,4.115225358161031,15032000.0,648332000.0
2017-07-24,5.3312388610839845,4.102388381958008,177.7079620361328,4.167325496760127,176.4652490149011,4.09177148769528,176.87948668864502,4.157696165807768,19972000.0,652524000.0
2017-07-25,5.318811950683593,4.082635879516602,177.7079693803163,4.0969567254889085,176.8794939985899,4.038933022290644,177.29373168945312,4.079425945413302,13344000.0,496556000.0
2017-07-26,5.293956298828125,4.129794120788574,178.1221602892092,4.195718780630696,176.05097237886957,4.0949798158356945,178.1221602892092,4.140164239084988,14684000.0,640404000.0
2017-07-27,5.356092681884766,3.9935009479522705,178.95066036923578,4.1663372127777825,176.87947217051777,3.8902930648149225,176.87947217051777,4.154732286271033,23013000.0,782856000.0
2017-07-28,5.293956298828125,4.058932781219482,177.29368512507335,4.083376977550188,176.05097237886957,3.9327627232085476,176.4652099609375,3.9577002303119424,19724000.0,513348000.0
2017-07-31,5.3312388610839845,4.012513637542725,177.7079620361328,4.108561118489138,175.2225359936694,3.965848090996643,175.2225359936694,4.072512466496845,19993000.0,559672000.0
2017-08-01,5.269103393554687,4.0614013671875,177.2937305378464,4.063129720683439,175.63677978515625,3.975230465478226,176.05101747332878,4.003130894500963,19704000.0,431384000.0
2017-08-02,5.368519592285156,4.058932781219482,178.95065307617188,4.09646301711172,177.29370258472582,3.981897653521036,177.29370258472582,4.092512763401635,27320000.0,478444000.0
2017-08-03,5.306384582519531,4.110537052154541,177.2937237563122,4.114240532707977,176.05101073932872,4.0414024325303055,176.46524841165655,4.058439196581819,25694000.0,442420000.0
2017-08-04,5.293956298828125,4.128561019897461,177.29368512507335,4.199176743025593,176.05097237886957,4.110536693998251,176.87944754300543,4.133252063460339,21831000.0,589096000.0
2017-08-07,5.368519592285156,4.255471706390381,179.36489069903337,4.255965252541277,176.87946496186433,4.148066080006529,176.87946496186433,4.157695881240808,21564000.0,717412000.0
2017-08-08,5.405801239013671,4.204855918884277,181.43608756229796,4.310038715794118,178.95066170528017,4.165597332135475,180.19337463378906,4.293495969977976,25122000.0,755336000.0
2017-08-09,5.3312388610839845,4.249545097351074,178.5364373836206,4.252014240487707,176.87948668864502,4.139917590977257,178.1221997098767,4.158682702062946,28050000.0,530784000.0
2017-08-10,5.318811950683593,4.067574977874756,178.53644476204275,4.26312666269112,176.0510186168635,4.0574516287026885,178.53644476204275,4.250780942624794,26273000.0,1328088000.0
2017-08-11,5.281531219482422,3.8507883548736572,176.8795161348231,3.925848581799842,174.39408967859606,3.7754813548567236,174.80832742130056,3.879923591576423,41417000.0,1497196000.0
2017-08-14,5.2442481994628904,4.157942771911621,177.29369900237893,4.161646251912019,173.9797980864466,3.930786736714276,176.8794613878874,3.94239142929182,29299000.0,1279020000.0
2017-08-15,5.318811950683593,4.122880935668945,177.7079693803163,4.18929914521711,176.4652563077267,4.08856064581457,176.4652563077267,4.163127075010636,13512000.0,764532000.0
2017-08-16,5.293956298828125,4.077696800231934,177.70792270714128,4.161399018125928,174.80825963266577,4.045352105197908,177.70792270714128,4.137942862485216,25176000.0,596632000.0
2017-08-17,5.318811950683593,3.986833333969116,177.29373168945312,4.086337477815323,176.4652563077267,3.984611435183258,176.8794939985899,4.069301193674073,8334000.0,525444000.0
2017-08-18,5.281531219482422,3.9875762462615967,176.46527839211856,4.058192446891315,174.80832742130056,3.9416512504636905,175.63680290670956,4.0411556827414445,13711000.0,601204000.0
2017-08-21,5.256676025390624,3.9295520782470703,176.46524718805406,4.02337741553985,175.2225341796875,3.8856024525532145,176.05100951859853,4.01201973176566,11882499.0,623672000.0
2017-08-22,5.3312388610839845,4.01703405380249,177.7079620361328,4.022965120951961,176.4652490149011,3.9468503876745213,176.87948668864502,3.9661262380714066,14211415.0,450456000.0
2017-08-23,5.356092681884766,4.097350120544434,178.95066036923578,4.108470812273985,177.29370981026136,3.9750225115193785,178.5364227294922,3.98367235740286,11589917.0,579520000.0
2017-08-24,5.393374328613281,4.082275867462158,179.77914428710938,4.133925603774735,178.53643130816624,4.055833759103078,178.95066896781395,4.129476949300546,15224842.0,469700000.0
2017-08-25,5.405801239013671,4.048172950744629,180.19337463378906,4.116626989045616,178.95066170528017,4.041747430527322,180.19337463378906,4.106494727998724,10125387.0,357200000.0
2017-08-28,5.368519592285156,4.07683801651001,179.36489069903337,4.080050775538414,178.12217783044883,4.011596760254221,178.12217783044883,4.067200210780289,15236159.0,389496000.0
2017-08-29,5.368519592285156,4.070166110992432,178.95065307617188,4.091913513868946,178.12217783044883,4.00986747948736,178.95065307617188,4.018022873404943,16160161.0,324096000.0
2017-08-30,5.405801239013671,4.094385147094727,180.60761227662536,4.105505839705318,178.95066170528017,4.059540184553383,178.95066170528017,4.089936492966013,19674310.0,384400000.0
2017-08-31,5.380946960449219,4.187303066253662,180.6076116055319,4.191256795728022,178.53642339904644,4.107234388132535,180.1933739642348,4.114647866574682,26434202.0,612684000.0
2017-09-01,5.380946960449219,4.212512016296387,180.1933739642348,4.248098428916167,178.12218575774935,4.191259059150326,178.12218575774935,4.199908907596452,17805405.0,445432000.0
2017-09-04,5.405801239013671,,180.60761227662536,,178.53642406244387,,179.36489934811647,,15023185.0,
2017-09-05,5.41822769165039,4.100069522857666,180.6075897216797,4.166052248557592,179.36487694836538,4.041995202856874,180.6075897216797,4.161109612834554,17357347.0,695364000.0
2017-09-06,5.393374328613281,4.097597122192383,180.60761960640482,4.146775533336381,178.95066896781395,4.062752633670818,179.36490662746166,4.132936534053426,16012662.0,397672000.0
2017-09-07,5.393374328613281,4.116626739501953,181.02185726605254,4.1489999149195915,178.95066896781395,4.076345159472309,180.60761960640482,4.1144024123256475,19135540.0,352868000.0
2017-09-08,5.41822769165039,4.045206069946289,180.6075897216797,4.119838146250135,179.36487694836538,4.020987823314202,179.77911453947016,4.105010715648625,25512045.0,498856000.0
2017-09-11,5.393374328613281,4.176430702209473,181.85033258534796,4.187057414117695,179.36490662746166,4.085488296259212,181.43609492570025,4.090925383057231,19026886.0,567444000.0
2017-09-12,5.443083343505859,4.191506862640381,181.8503491475702,4.2011446734189875,180.19339835807068,4.12626557220714,181.4361114501953,4.2011446734189875,21588321.0,411488000.0
2017-09-13,5.41822769165039,4.210287094116211,181.43606490388922,4.239200516774126,180.1933521305749,4.133925133311927,180.1933521305749,4.1662983059300505,17555541.0,580960000.0
2017-09-14,5.430655517578125,4.186315059661865,181.4360882302989,4.2644068809882825,180.19337529721466,4.146774932764096,181.0218505859375,4.171240168280175,18315567.0,513712000.0
2017-09-15,5.430655517578125,4.450987339019775,181.4360882302989,4.450987339019775,179.77913765285325,4.266631228620592,181.0218505859375,4.271820853199032,44551103.0,1364792000.0
2017-09-18,5.455509796142578,4.6348490715026855,182.26456418395858,4.725050498654848,180.60761360046803,4.568372383504029,181.43608889221332,4.575291883052505,17654705.0,1684460000.0
2017-09-19,5.505219268798828,4.629907131195068,183.50730895996094,4.691688649481181,182.2645958067332,4.562441535996936,183.50730895996094,4.584435929965645,23410233.0,874280000.0
2017-09-20,5.505219268798828,4.59259033203125,183.92154667770353,4.681061407163648,182.2645958067332,4.552308760280593,183.09307124221837,4.6336133460216224,20320237.0,724920000.0
2017-09-21,5.492792358398438,4.467051029205322,184.750029550958,4.514993548568723,182.26460314444287,4.389206182821562,183.09307861328125,4.488797961876681,18645565.0,1075600000.0
2017-09-22,5.430655517578125,4.423557281494141,183.92151409646738,4.505356340780238,181.0218505859375,4.41367248218396,183.50727645210597,4.455683939802437,21557370.0,491232000.0
2017-09-25,5.393374328613281,4.225854873657227,181.02185726605254,4.393900636207584,179.77914428710938,4.205096379276279,180.1933819467571,4.392664742196075,16876286.0,874580000.0
2017-09-26,5.318811950683593,4.249579906463623,180.60763321635878,4.415648852728329,177.29373168945312,4.20979278061226,180.1933955254956,4.3605398418760855,23070901.0,1125620000.0
2017-09-27,5.343664855957031,4.342746257781982,180.1933497938999,4.356091276240632,178.12216186523438,4.269102608659963,180.1933497938999,4.340027950299253,22590510.0,713720000.0
2017-09-28,5.318811950683593,4.341511249542236,178.95068245290594,4.353867365227735,176.8794939985899,4.294062709473377,178.12220707117953,4.349913163103464,31616062.0,435244000.0
2017-09-29,5.380946960449219,4.417873859405518,180.1933739642348,4.441597661553153,178.53642339904644,4.380310583477176,178.95066104034353,4.4255348030844734,21380708.0,619092000.0
2017-10-02,5.480363616943359,4.423557281494141,182.6787872314453,4.497200945345363,181.02183678036644,4.37413234223194,181.8503120059059,4.468040056779075,27983551.0,503480000.0
2017-10-03,5.530073089599609,4.432700157165527,184.75000733793453,4.4626024817414995,181.4361058610209,4.388464381746529,181.4361058610209,4.429734388060844,36679938.0,390332000.0
2017-10-04,,4.469768524169922,,4.492009904807036,,4.402302940056609,,4.438877770102319,,427848000.0
2017-10-05,5.579781188964843,4.46729850769043,186.8211816052817,4.497695290042072,183.92151803269417,4.437396177402533,183.92151803269417,4.4942355396627605,23349939.0,437364000.0
2017-10-06,5.579781188964843,4.480396270751953,186.8211816052817,4.4937412921685995,185.16423099237454,4.423557377259874,186.40694395205492,4.439620706761778,15642516.0,318800000.0
2017-10-09,,4.581470489501953,,4.614585577993195,,4.4984360136111885,,4.517217649310029,,563492000.0
2017-10-10,,4.668953895568848,,4.768298705587175,,4.627683877036438,,4.730735428177463,,974876000.0
2017-10-11,5.791041412353516,4.718625545501709,193.44895132826122,4.720108430255771,187.6496251642448,4.639545271834047,187.6496251642448,4.68551045700946,63667562.0,529508000.0
2017-10-12,5.902885437011719,4.720851421356201,196.76284790039062,4.77175925817558,194.27742245322779,4.69366739160659,194.69166002775495,4.722086844819471,42390186.0,528292000.0
2017-10-13,5.902885437011719,4.808825492858887,196.76284790039062,4.818957750938041,194.27742245322779,4.736170754287955,196.76284790039062,4.783124362228819,23145071.0,628728000.0
2017-10-16,5.915313720703125,4.891366481781006,197.1771240234375,4.894332251256273,195.52017340139182,4.775464380375582,196.7628863679261,4.8387287871510765,19964072.0,576640000.0
2017-10-17,5.853177795410156,4.886918544769287,197.17711469322253,4.9153379897737235,194.69168887776175,4.852321041521387,197.17711469322253,4.8706082259016155,17652304.0,478596000.0
2017-10-18,5.902885437011719,4.882716178894043,198.4197981984992,4.896555176868181,196.3486103258635,4.777440809632064,198.4197981984992,4.895814205995723,28886850.0,567316000.0
2017-10-19,5.940167999267578,4.888153076171875,200.0767882598494,4.893095238575148,198.00559997558594,4.755940686935477,198.41983763243863,4.805118620175408,23481776.0,570772000.0
2017-10-20,5.902885437011719,4.865913391113281,198.4197981984992,4.932390094316849,196.76284790039062,4.857016552976339,197.17708547491776,4.905206541882646,24722035.0,451620000.0
2017-10-23,5.940167999267578,4.8589935302734375,198.83407528929132,4.914102544875533,197.59136231873325,4.838729009114885,198.00559997558594,4.887659965500914,15772559.0,428696000.0
2017-10-24,5.915313720703125,4.909901142120361,198.8340746454832,4.911631017201082,197.1771240234375,4.842188552278145,198.8340746454832,4.8681366784889555,14975093.0,407244000.0
2017-10-25,5.915313720703125,4.785843849182129,198.00559933446036,4.923246371485417,196.7628863679261,4.724309786030116,197.59136167894894,4.870361212749257,16880187.0,828160000.0
2017-10-26,5.865604705810546,4.836009979248047,197.17710734221896,4.847624651543416,195.52015686035156,4.789550347355455,196.34863210128526,4.81352160559389,12959717.0,322744000.0
2017-10-27,5.940167999267578,4.9884867668151855,198.83407528929132,4.988733757120629,196.76288700502786,4.862204960113048,196.76288700502786,4.888153554206479,17773541.0,572192000.0
2017-10-30,6.039584197998047,5.037417888641357,202.97642366385756,5.093020876042479,200.0767604686596,4.97267060335629,200.49099806797358,4.988486939206589,27784990.0,504056000.0
2017-10-31,6.039584197998047,5.110814094543457,202.97642366385756,5.137503660566563,200.0767604686596,5.0636130198567075,201.73371086591558,5.069297096586528,22582013.0,411908000.0
2017-11-01,6.027157287597656,5.1204514503479,202.97643099126128,5.188905469963871,200.0767676913861,5.056198622491351,201.73371814845763,5.173583587395518,20389054.0,502576000.0
2017-11-02,5.989877014160156,5.089313983917236,200.90528021214908,5.135526624451407,199.24832944751282,5.0327220942392055,200.49104252099002,5.090796868467944,15810342.0,342308000.0
2017-11-03,5.940167999267578,5.15727424621582,199.6625506029967,5.15727424621582,197.59136231873325,5.074487232280964,199.248312946144,5.120452417310715,16528682.0,353640000.0
2017-11-06,5.95259536743164,5.180503845214844,202.1479846420766,5.1891532202935755,198.0056079076078,5.1080960848827175,201.73374696862973,5.120452200322166,21029415.0,389944000.0
2017-11-07,6.064438934326172,5.239812850952148,202.14796447753906,5.261313259929104,200.07677631690854,5.191129371301693,200.49101394903465,5.203238493646104,20200261.0,427700000.0
2017-11-08,6.027157287597656,5.168889045715332,201.73371814845763,5.2390729486569425,200.491005305654,5.121440979107242,201.31948053418975,5.2353657370312945,14129103.0,522988000.0
2017-11-09,5.989877014160156,5.07399320602417,201.31951790330817,5.098952901740057,198.83409175635373,4.951666045115844,199.24832944751282,5.0727577828664385,20313949.0,978564000.0
2017-11-10,5.977449188232422,5.34138298034668,200.4910192033605,5.403905940444061,198.41983098844977,5.2299290694803355,198.8340686314319,5.2657624629178805,14121296.0,1253256000.0
2017-11-13,5.95259536743164,5.254642486572266,200.07679627484222,5.366837383682265,198.4198455810547,5.239320600200787,198.83408325450156,5.341383707870222,12087858.0,582376000.0
2017-11-14,5.965022277832031,5.2929463386535645,199.66255124409994,5.308268223888868,198.00560061136883,5.2200441242956535,199.66255124409994,5.2637854529104,16880176.0,529292000.0
2017-11-15,5.902885437011719,5.189153671264648,198.4197981984992,5.239073532086021,195.52013517680922,5.135280550765362,198.00556062397203,5.237837637621315,28720308.0,501948000.0
2017-11-16,5.915313720703125,5.229434490203857,198.8340746454832,5.293440333378825,196.7628863679261,5.220538125318965,197.1771240234375,5.263291017540512,16487172.0,441768000.0
2017-11-17,6.002304382324218,5.2232561111450195,200.90528815923022,5.32185944652773,199.24833732905103,5.208181689832083,199.24833732905103,5.286520508123841,18676825.0,515664000.0
2017-11-20,5.927741546630859,5.290474891662598,200.07681111269775,5.30258401573156,197.17714718352823,5.202003340426795,199.66257340853068,5.238825164605198,16265271.0,396100000.0
2017-11-21,6.039584197998047,5.339158535003662,201.31947326660156,5.350773678797673,198.41981007140362,5.2983829792781325,198.8340476707176,5.330262170099508,20513024.0,399176000.0
2017-11-22,6.014730834960937,5.315169811248779,202.56221613608116,5.3663606195264935,200.49102783203125,5.282526520322313,202.56221613608116,5.3663606195264935,26626431.0,356640000.0
2017-11-23,6.027157287597656,,201.73371814845763,,200.0767676913861,,200.491005305654,,9346763.0,
2017-11-24,6.064438934326172,5.365372180938721,202.56220210966518,5.366361772001224,200.07677631690854,5.307009892404061,200.49101394903465,5.331492601698273,11154453.0,180752000.0
2017-11-27,5.890459899902344,5.295633792877197,198.83408944818038,5.3752637911543415,196.34866333007812,5.292418801446884,198.83408944818038,5.374027509971998,32247324.0,422896000.0
2017-11-28,5.815896606445312,5.210810661315918,194.6916955149072,5.310224462136753,193.0347449147803,5.149728181421357,194.27745786487546,5.30082712125428,44803178.0,512752000.0
2017-11-29,5.828324432373047,4.857422351837158,195.52019417768855,5.196219998030252,194.27748107910156,4.729074573252638,194.69171877863056,5.193499802080523,25762797.0,1396788000.0
2017-11-30,5.617062835693359,4.963513374328613,190.96356690668426,5.012231159974542,187.2354278564453,4.863110916541014,187.6496655286941,4.926171640909131,109231770.0,823768000.0
2017-12-01,5.741333312988281,4.888581275939941,193.44896516345796,4.949169425298981,188.47811381022134,4.759739185570702,189.3065890357608,4.92889083099264,37446265.0,811548000.0
2017-12-04,5.815896606445312,4.616058826446533,194.27745786487546,4.953372958820355,191.37779431465344,4.562642622887727,192.6205072647486,4.947190139151239,21635032.0,1240844000.0
2017-12-05,5.704053039550781,4.642768383026123,191.37781439887152,4.765428148841099,189.30662593135128,4.465703277528717,191.37781439887152,4.510711275521637,29664765.0,981488000.0
2017-12-06,5.641917114257812,4.680357456207275,190.1350921765298,4.702119496378604,187.64966613500656,4.5710515164811785,188.89237915576817,4.592319232832155,32371690.0,467032000.0
2017-12-07,5.629489288330078,4.747869491577148,187.64964294433594,4.787684728575433,184.33574196518651,4.701624743075344,187.64964294433594,4.7471275341569275,41343903.0,542600000.0
2017-12-08,5.641917114257812,4.735506534576416,191.37780519729145,4.81686764357534,185.9927154406577,4.72709830963126,191.37780519729145,4.7978253206054715,37959260.0,466876000.0
2017-12-11,5.654344482421875,4.813899517059326,189.72086248712225,4.81686734764974,188.0639117230426,4.733775166365911,189.30662479610234,4.749602023904172,20649609.0,372748000.0
2017-12-12,5.654344482421875,4.7194294929504395,190.13510017814218,4.793619090310145,186.4069609589629,4.695936379878827,190.13510017814218,4.770373139108339,21796584.0,455016000.0
2017-12-13,5.641917114257812,4.604189872741699,188.89237915576817,4.761718336574035,187.64966613500656,4.59677076986265,188.47814148218097,4.760482055269058,17920331.0,554280000.0
2017-12-14,5.72890640258789,4.611361503601074,190.9635467529297,4.682336128080188,188.47812098174188,4.565116751235626,188.8923586102732,4.597760050354404,17193313.0,438164000.0
2017-12-15,5.716480865478515,4.737236976623535,190.5493621826172,4.757515578573539,187.6496979754904,4.590342108520542,189.30664895099142,4.655381554596141,42625779.0,670036000.0
2017-12-18,5.641917114257812,4.8940229415893555,188.89237915576817,4.8969902996490395,187.64966613500656,4.748117224119639,188.06390380859375,4.777792691448672,14564664.0,477704000.0
2017-12-19,5.5922080993652346,4.849756717681885,189.30660010443793,4.889819119797028,185.5784613715278,4.821317529941514,187.64964955647787,4.884625889123128,25714129.0,373100000.0
2017-12-20,5.579781188964843,4.866819858551025,186.8211816052817,4.898226401518682,185.16423099237454,4.81117776974321,186.40694395205492,4.889076694074151,26289333.0,288820000.0
2017-12-21,5.5922080993652346,4.844315528869629,188.06388719346788,4.895258707823938,185.9926990085178,4.835907307727258,187.64964955647787,4.870281677971364,18558164.0,300904000.0
2017-12-22,5.654344482421875,4.828984260559082,188.4781494140625,4.838381603401169,185.57848557692307,4.729570439007628,186.4069609589629,4.807469378309616,19036483.0,466276000.0
2017-12-25,5.67919921875,,190.13511607631293,,187.6496897223742,,188.89240289934355,,4579675.0,
2017-12-26,5.617062835693359,4.8826470375061035,189.72085388993796,4.890313302329314,186.40695251194776,4.743665622988231,189.72085388993796,4.773588724822948,13755843.0,355080000.0
2017-12-27,5.5922080993652346,4.875970363616943,187.23541191948786,4.945213915647344,186.4069366455078,4.8547031156149085,186.4069366455078,4.869293689214246,12515245.0,329488000.0
2017-12-28,5.617062835693359,4.88165807723999,188.8923785454404,4.930623025924699,186.40695251194776,4.8754757271315174,187.6496655286941,4.899710803699255,24304371.0,240248000.0
2017-12-29,5.704053039550781,4.78521203994751,190.54933901186342,4.907871808026955,187.64967515733508,4.78521203994751,188.47815054434318,4.907871808026955,25007443.0,279964000.0
2018-01-02,5.778615417480468,4.929880619049072,192.62051391601562,4.933590406122446,191.37780092300906,4.809941528492139,191.7920385873446,4.841595233631355,18055269.0,355616000.0
2018-01-03,5.890459899902344,5.254334449768066,197.17713870277888,5.284752340190059,195.10595027102698,5.038690907942666,195.52018795737737,5.047346290172594,29308091.0,914704000.0
2018-01-04,5.95259536743164,5.282033443450928,198.83408325450156,5.392328520910901,195.93441954037343,5.259776604061165,198.83408325450156,5.335697302947657,29096613.0,583268000.0
2018-01-05,5.965022277832031,5.326794147491455,198.83407592773438,5.36413588026665,197.17712529500326,5.219961236285368,198.83407592773438,5.296871045876823,22438255.0,580124000.0
2018-01-08,6.014730834960937,5.490011215209961,200.90526549284124,5.56420036473316,199.24831484960131,5.40543513193773,200.49102783203125,5.450443605906507,20233692.0,881216000.0
2018-01-09,6.014730834960937,5.488526821136475,200.49102783203125,5.53501873442629,198.41983952798134,5.406918575110081,200.49102783203125,5.495451128576104,19043123.0,497000000.0
2018-01-10,5.878032531738281,5.531558036804199,200.49103209029795,5.535020191435373,195.5201800550013,5.34163338439194,200.0767944206899,5.3960387388365545,23631220.0,582664000.0
2018-01-11,5.840750885009766,5.54144811630249,195.52017146983044,5.595606288617382,192.62050790989653,5.519932767170626,194.6916961669922,5.564199274938574,30446338.0,406032000.0
2018-01-12,5.890459899902344,5.514244556427002,197.17713870277888,5.563951450189908,193.44899952562548,5.473687840418424,194.27747489832623,5.5295770827470285,21513291.0,359916000.0
2018-01-15,5.965022277832031,,198.83407592773438,,197.17712529500326,,198.83407592773438,,27476533.0,
2018-01-16,5.977449188232422,5.443269729614258,199.24830627441406,5.626269975522603,197.17711805950333,5.358694148084508,198.8340686314319,5.54070527486428,21691632.0,702348000.0
2018-01-17,6.014730834960937,5.557275772094727,201.31950315365123,5.567167438072472,198.00560186717135,5.363889008983111,199.24831484960131,5.457861958345574,38046119.0,538408000.0
2018-01-18,6.176282501220703,5.550351619720459,207.118796150929,5.6047569633281915,202.97642022791044,5.506827061824414,202.97642022791044,5.537986447298407,49896952.0,408632000.0
2018-01-19,6.350262908935546,5.690568923950195,211.67543029785156,5.714803999828668,208.36152923643706,5.613659585156645,210.0184797671443,5.640614857270835,50549292.0,609380000.0
2018-01-22,6.4993885803222655,5.779101848602295,217.0605236512981,5.780832925562118,212.91814724573896,5.640862382075304,213.33238488629488,5.6984827173164545,43400509.0,550944000.0
2018-01-23,6.611232604980469,5.908191680908203,220.37442016601562,5.930942843614587,217.47475674277857,5.813971094698248,217.47475674277857,5.832518145923062,33527444.0,475228000.0
2018-01-24,6.412398834228515,5.8312811851501465,217.88900431551673,5.947263801090757,212.5039148552473,5.775639094591996,217.88900431551673,5.9114055125440546,41874813.0,579972000.0
2018-01-25,6.412398834228515,5.844882965087891,218.71747961709664,5.928964246270187,212.5039148552473,5.830045230668389,213.7466278076172,5.885686852662288,44643756.0,409884000.0
2018-01-26,6.33783462524414,6.017497539520264,213.33234196083217,6.017744701480734,210.01844150318817,5.875795908453827,212.50386684642118,5.888655405645278,39555523.0,516356000.0
2018-01-29,6.424825744628906,6.104546070098877,216.64628397426935,6.135705928784066,211.2611946976623,5.950232578505451,214.57509579095895,6.002906847725584,30071234.0,455116000.0
2018-01-30,6.2881260681152344,6.00241231918335,213.33234025555637,6.093912716932299,209.18996471661353,5.895827022856612,212.08962759387353,5.962597545131538,36860591.0,570832000.0
2018-01-31,6.33783462524414,6.078578472137451,213.33234196083217,6.1643908186953285,208.77572883157168,6.045193220405887,209.60420394598268,6.077836514763459,44136808.0,478576000.0
2018-02-01,6.449679107666015,5.947511672973633,216.2320163263751,6.105782579641386,212.91811569302067,5.887171140388201,213.33235327218998,5.898546721774024,30559457.0,519224000.0
2018-02-02,6.449679107666015,5.77489709854126,215.4035411680365,5.884944997657246,211.26116537634348,5.716782445842979,214.57506600969788,5.860957084814438,25707560.0,718464000.0
2018-02-05,6.2881260681152344,5.284754276275635,210.84691493219069,5.767726668375803,207.5330145010364,5.069604979366808,207.9472520549307,5.613660336557473,45594379.0,1165204000.0
2018-02-06,5.940167999267578,5.578543186187744,201.73373888726016,5.581510544314154,193.86322340705905,5.044874369269159,200.90526357355478,5.0547665063899805,102409048.0,1114800000.0
2018-02-07,5.965022277832031,5.658172607421875,203.39069016774496,5.81075547051771,198.4198382695516,5.60624030362248,202.9764525095622,5.677462085749544,80063178.0,802932000.0
2018-02-08,5.927741546630859,5.379221439361572,200.49104881686483,5.816938145689407,197.17714718352823,5.378973805746495,198.41986029602947,5.783800522844356,30989550.0,1144000000.0
2018-02-09,5.778615417480468,5.73928689956665,193.03475158035113,5.907696626668299,189.30661260133147,5.379221488101561,190.54932559433803,5.891869772581449,65735265.0,1674604000.0
2018-02-12,5.878032531738281,5.639130115509033,196.7628930638255,5.82336713525956,194.69170471578522,5.564940983829207,195.10594238539326,5.8203993058498895,35635236.0,1093172000.0
2018-02-13,,5.752889156341553,,5.799133915389553,,5.570383154886591,,5.602779296753696,,625524000.0
2018-02-14,,5.97026252746582,,5.999196508566604,,5.7014498907190845,,5.712578308705306,,744988000.0
2018-02-15,,6.095890998840332,,6.142135757814392,,5.972736887904894,,6.053603189775835,,698900000.0
2018-02-16,,6.030108451843262,,6.182443671461399,,6.020958272950541,,6.068686934314359,,637656000.0
2018-02-20,,6.159693241119385,,6.228689154619579,,6.04890337706272,,6.052613164448751,,686240000.0
2018-02-21,6.027157287597656,5.9724884033203125,202.56219337699338,6.23116223368508,200.491005305654,5.968779087590746,202.56219337699338,6.224237926092247,71504174.0,892292000.0
2018-02-22,5.95259536743164,5.992036819458008,202.1479846420766,6.078149817184924,198.0056079076078,5.926462337116424,202.1479846420766,6.00638914307122,39239993.0,534364000.0
2018-02-23,6.089293670654297,6.085573673248291,202.97645568847656,6.085573673248291,199.66255437111369,6.001192826117269,199.66255437111369,6.051920355000463,26985776.0,415300000.0
2018-02-26,6.126574401855469,6.101658821105957,205.04762196879358,6.136301877234757,202.9764338680987,6.039300848097875,204.6333843486546,6.131847837443375,35901810.0,469312000.0
2018-02-27,6.1141474914550775,6.088791847229004,207.53305509613782,6.159315487149923,203.80491638183594,6.065778755723709,207.53305509613782,6.074934151630511,40818119.0,455436000.0
2018-02-28,,5.988325119018555,,6.1392701785474495,,5.976694682181912,,6.099677985361886,,523116000.0
2018-03-01,6.039584197998047,5.74606990814209,202.97642366385756,6.040042143416131,200.49099806797358,5.644862173586715,202.14794846522958,5.9860976289221295,39719984.0,1040120000.0
2018-03-02,5.965022277832031,5.853216648101807,199.66255124409994,5.859650627690977,197.59136295318604,5.489710488623588,198.83407592773438,5.638428774026213,35139170.0,913428000.0
2018-03-05,6.002304382324218,5.831193923950195,201.31952586677502,5.870786120721591,199.24833732905103,5.679505960187922,200.90528815923022,5.802984377555927,27337846.0,620776000.0
2018-03-06,6.213564147949219,5.99228572845459,207.11880493164062,6.011587199408649,203.3906664428711,5.873509115730377,203.3906664428711,5.9165656260434965,34890780.0,636808000.0
2018-03-07,6.139002227783203,5.984365463256836,205.87612059434898,6.036577825151536,203.80493225838975,5.8881068708618045,205.46188292715715,5.889343920358085,30391219.0,581208000.0
2018-03-08,6.2011376953125,5.968034267425537,208.36154046373997,6.011833186788362,206.2903521887525,5.923740245029149,206.70458984375,6.011833186788362,20645694.0,411912000.0
2018-03-09,6.225991516113281,6.07072639465332,207.94728816293195,6.08359340884862,205.87610003381909,5.999460353701834,207.1188129112868,6.015544357434042,19831063.0,505524000.0
2018-03-12,6.312982635498047,6.1803483963012695,211.26122992808425,6.260522532110763,208.36156598789486,6.103885881823543,208.7758036936362,6.112052015124945,24492615.0,605060000.0
2018-03-13,6.4372526550292966,6.1296210289001465,214.57508850097656,6.297640807339416,211.2611875202665,6.088296674080294,211.67542514285526,6.223157759250472,33756883.0,619772000.0
2018-03-14,6.387543640136719,6.155107021331787,213.33235892804214,6.19989566986223,211.675408567436,6.092749060696032,212.50388374773908,6.172675861460951,23772838.0,505496000.0
2018-03-15,6.33783462524414,6.169955253601074,213.74657951803766,6.251119120669015,211.2611541748047,6.1278884827981335,213.74657951803766,6.168718203861096,19396493.0,401952000.0
2018-03-16,6.33783462524414,6.198164939880371,212.08962928921568,6.217218621343633,206.70454104554418,6.148674453606536,209.60420394598268,6.18628718541655,62929326.0,399456000.0
2018-03-19,6.33783462524414,5.96358060836792,211.67539173201018,6.170202362282698,207.9472537171607,5.864600113319636,209.18996638877718,6.141250868365922,21440766.0,713772000.0
2018-03-20,6.2881260681152344,6.175893783569336,210.4326773782964,6.214743562097942,208.36148960882497,5.966549675508567,209.6042022705078,5.966549675508567,21840151.0,554696000.0
2018-03-21,6.2756982421875,6.150651931762695,211.26112894492573,6.235775175375066,207.94722888304455,6.120215139136627,211.26112894492573,6.169457818163044,28976737.0,438688000.0
2018-03-22,6.250846252441406,5.984614372253418,210.84696769335162,6.133827784761668,206.7045911178437,5.947249426222025,210.84696769335162,6.0873069709057654,27000668.0,551196000.0
2018-03-23,6.089293670654297,5.7648773193359375,204.633406347158,6.00069835958363,202.14798035913583,5.753741983913331,202.97645568847656,5.998223788159025,52498390.0,735620000.0
2018-03-26,6.0520115661621094,6.049693584442139,202.56219410357778,6.050930634134299,200.07676840905535,5.837380270259902,200.07676840905535,5.889344852902724,36987945.0,611424000.0
2018-03-27,6.238418426513672,5.580524921417236,207.94728088378906,6.186286039031803,204.63337999321075,5.440220093756941,205.46185521585534,6.130609370285283,31008260.0,1409000000.0
2018-03-28,6.089293670654297,5.477337837219238,205.46188167649873,5.676288540121322,202.14798035913583,5.369696589903257,205.04764401182837,5.5461293092943,29637411.0,945904000.0
2018-03-29,6.064438934326172,5.730729103088379,204.6333902702957,5.827482347839007,200.90525158116074,5.461254259235956,201.31948921328686,5.545635118389338,36165345.0,916628000.0
2018-03-30,6.1141474914550775,,206.70457982629296,,203.80491638183594,,205.04762928660324,,16996346.0,
2018-04-02,6.126574401855469,5.469913482666016,206.2903348292105,5.806447562242994,202.9764338680987,5.382068342533418,205.87609720907153,5.660203872347947,17696003.0,922092000.0
2018-04-03,6.064438934326172,5.576318264007568,202.56220210966518,5.70004398625664,200.49101394903465,5.477337780603546,201.31948921328686,5.63694407557913,35813944.0,667432000.0
2018-04-04,,5.598342418670654,,5.60873533551949,,5.295461576868367,,5.320454134810982,,789168000.0
2018-04-05,,5.478079795837402,,5.669854556810045,,5.406566443140622,,5.656739755818847,,701240000.0
2018-04-06,,5.3016486167907715,,5.483525634665773,,5.272449329936532,,5.37538925267369,,662988000.0
2018-04-09,6.089293670654297,5.330351829528809,205.46188167649873,5.492680016369576,201.7337426944655,5.310307944706027,205.46188167649873,5.364747566326987,34694824.0,499524000.0
2018-04-10,6.101720581054687,5.6396660804748535,206.29034958351897,5.6666381034762585,201.73373543609185,5.503567499960352,202.56221073562403,5.560729007611203,25156994.0,761676000.0
2018-04-11,6.16385513305664,5.598342418670654,205.87607534470095,5.666144165715135,204.21912504011584,5.565678830866816,204.21912504011584,5.624819813870601,21607935.0,460244000.0
2018-04-12,6.089293670654297,5.805210590362549,205.87611934116907,5.823027218750174,202.14798035913583,5.647089134365777,205.87611934116907,5.691383153834421,20409657.0,593920000.0
2018-04-13,6.076865386962891,5.728500843048096,203.80489232349979,5.877219119587775,202.1479419794063,5.680247886909793,203.80489232349979,5.868805672307743,19742548.0,503036000.0
2018-04-16,6.0520115661621094,5.728253364562988,202.14795648782405,5.761659365241293,200.49100602480908,5.633974238558185,201.31948125631658,5.735181974602089,18350139.0,350792000.0
2018-04-17,5.915313720703125,5.877961158752441,201.73373823406317,5.899242091094318,196.7628863679261,5.724788852943076,201.31950057855173,5.78046551873095,42756389.0,447224000.0
2018-04-18,5.915313720703125,5.849010944366455,200.07678761201745,5.920277003456146,195.93441105690323,5.759928724486555,198.41983698997177,5.827482690098048,42500048.0,391364000.0
2018-04-19,6.076865386962891,5.667628765106201,202.5621795654297,5.768094104104392,199.66251646326606,5.612199872956171,200.4909916353128,5.734688096292003,31901989.0,471996000.0
2018-04-20,5.691625671386719,5.659463405609131,191.79204409403573,5.7433491669668975,188.8923803604326,5.628284652112065,188.8923803604326,5.6589683024844195,128452087.0,386200000.0
2018-04-23,5.629489288330078,5.539943218231201,188.47811818912328,5.728501009094695,186.4069300771549,5.513960929092248,187.64964294433594,5.677278849360216,71009975.0,427508000.0
2018-04-24,5.641917114257812,5.473626613616943,188.47814148218097,5.66168931168294,186.4069531142449,5.408299441958422,186.4069531142449,5.565678494410657,40967892.0,414596000.0
2018-04-25,5.5922080993652346,5.361283779144287,187.23541191948786,5.483030049032993,185.5784613715278,5.203904719421164,186.82117428249782,5.443932481655437,46771110.0,588492000.0
2018-04-26,5.517645721435547,5.573101997375488,186.82118771527266,5.581268130203464,183.09304871430268,5.4570472888329125,186.4069500484982,5.523116882170337,48023557.0,375824000.0
2018-04-27,5.554928283691406,5.600569248199463,186.82122713980792,5.698807799938222,183.09308735209558,5.558255161830789,186.40698938561766,5.679011700258777,34174459.0,400848000.0
2018-04-30,5.641917114257812,5.565184116363525,188.89237915576817,5.666639192475156,184.33576474630885,5.545883118575544,185.9927154406577,5.61690138866792,28500789.0,327844000.0
2018-05-01,,5.620612621307373,,5.623334508068194,,5.49837125679101,,5.557017603806673,,253788000.0
2018-05-02,5.542499542236328,5.60007381439209,188.47812344675106,5.661688888526555,184.33574710726202,5.573843738289055,188.06388581280217,5.617148024614373,38167942.0,268248000.0
2018-05-03,5.480363616943359,5.7653727531433105,184.33573768252418,5.791602836315135,182.2645496186756,5.586712730407733,183.09302484421502,5.6319964970279885,31690731.0,443144000.0
2018-05-04,5.542499542236328,5.9155755043029785,185.57846000910874,5.918792494580681,182.67879657146642,5.719346648983501,183.09303420541534,5.7366681782076325,27208722.0,400660000.0
2018-05-07,5.554928283691406,6.153624057769775,186.82122713980792,6.21078557841939,183.50732510628583,6.0103495187687015,186.40698938561766,6.020247805555729,23268759.0,687616000.0
2018-05-08,5.666771392822265,6.19618558883667,189.30661743565608,6.198907475957803,185.164240686517,6.104875644651515,185.5784783614309,6.153871028760707,40324763.0,506616000.0
2018-05-09,5.704053039550781,6.329312324523926,192.20628978587962,6.331539579913385,189.30662593135128,6.189007506367563,189.30662593135128,6.2162273141278686,33778934.0,596760000.0
2018-05-10,5.704053039550781,6.436954975128174,191.79205209237557,6.4461103695678,189.72086362485533,6.364451406325611,191.37781439887152,6.382268036117418,27530377.0,994080000.0
2018-05-11,5.791041412353516,6.2983808517456055,193.86318891140525,6.428540541918604,190.96352582939704,6.199648164393227,192.20623857882913,6.255077041503334,30693910.0,1214456000.0
2018-05-14,5.791041412353516,6.31892204284668,194.27742649454927,6.396374775092096,192.62047616197316,6.295167002008644,194.27742649454927,6.336491361858736,19921437.0,523140000.0
2018-05-15,5.72890640258789,6.076418399810791,193.8632101526488,6.258048070621676,190.1350714958671,5.97595306631511,193.4489725241175,6.255325711694474,23771769.0,963528000.0
2018-05-16,5.72890640258789,6.087553977966309,190.9635467529297,6.149664165149807,189.3065962388045,6.00094586329444,190.1350714958671,6.037816176317539,14409556.0,553828000.0
2018-05-17,5.629489288330078,6.1296210289001465,191.7920191682727,6.223405074819086,187.64964294433594,6.073201928821849,191.37778154587903,6.089286408331028,26852737.0,519784000.0
2018-05-18,5.554928283691406,6.085821151733398,188.478178156569,6.244932353107033,185.16427612304688,6.0808720092766135,186.82122713980792,6.181585123169755,27664541.0,483716000.0
2018-05-21,5.691625671386719,6.043755054473877,190.54933106534867,6.187029582232598,186.40695430305848,5.9509607470201145,186.40695430305848,6.183317960966849,16127815.0,640624000.0
2018-05-22,5.691625671386719,6.005646228790283,193.44899479895182,6.082356038779937,189.72085571289062,5.945020421685206,190.54933106534867,6.057116170763665,22355097.0,518264000.0
2018-05-23,5.67919921875,6.129202365875244,191.79206697893875,6.130440652975624,189.306640625,5.948698643721274,191.79206697893875,5.949441521527871,23062899.0,442956000.0
2018-05-24,5.691625671386719,6.1329169273376465,190.54933106534867,6.175257660887488,189.30661803666163,6.07225407655043,190.13509338911965,6.1254890930271655,12996610.0,437372000.0
2018-05-25,5.67919921875,6.17228364944458,190.13511607631293,6.188625539484317,188.89240289934355,6.109887599620864,189.306640625,6.145542417767557,15971294.0,292112000.0
2018-05-28,5.641917114257812,,190.54932985011703,,187.64966613500656,,190.1350921765298,,16373270.0,
2018-05-29,5.5922080993652346,6.155200481414795,187.64964955647787,6.223292101165808,185.16422373453776,6.108403431885541,187.64964955647787,6.1542101351350205,23764776.0,352684000.0
2018-05-30,5.492792358398438,6.2641448974609375,185.57850501979638,6.272811015387723,182.67884087886208,6.164112866381461,185.57850501979638,6.188873405715709,49163788.0,390996000.0
2018-05-31,5.567354278564453,6.244338035583496,185.57847595214844,6.318867139628307,182.67881226539612,6.221558655156926,183.50728760446822,6.232205467619848,96069458.0,493868000.0
2018-06-01,5.567354278564453,6.378786563873291,187.64966429982866,6.384977053848328,185.57847595214844,6.280487741445462,185.9927136216845,6.289153860688819,27617994.0,421968000.0
2018-06-04,5.691625671386719,6.557805061340332,189.72085571289062,6.579841562451916,188.06390500797457,6.380767813409616,188.4781426842036,6.412956189275162,25959480.0,642024000.0
2018-06-05,5.691625671386719,6.563250541687012,190.54933106534867,6.60088652039483,187.64966733174555,6.516205568302238,190.54933106534867,6.561021909157747,26534884.0,391712000.0
2018-06-06,5.716480865478515,6.56523323059082,190.5493621826172,6.568452210022941,188.06393571936565,6.456782526536637,189.72088669486666,6.473124419918337,24767441.0,371356000.0
2018-06-07,5.716480865478515,6.509522914886475,191.79207541424296,6.573404736077518,188.89241120711617,6.419146851470351,191.37783767036768,6.561519636258689,24958266.0,369448000.0
2018-06-08,5.641917114257812,6.494169235229492,189.72085450294261,6.536756944621161,187.23542846141933,6.417906929982299,189.72085450294261,6.436724919806982,23548851.0,360456000.0
2018-06-11,5.617062835693359,6.453067779541016,188.06390320094286,6.523139606684224,186.40695251194776,6.440192335737862,187.6496655286941,6.481542236982366,21696933.0,265372000.0
2018-06-12,5.691625671386719,6.501599311828613,189.72085571289062,6.513731880357177,185.57847895060044,6.42929883766844,186.40695430305848,6.479562808126344,29501260.0,319160000.0
2018-06-13,5.766188507080078,6.497141361236572,192.20628356933594,6.578107941366486,188.8923821284853,6.48797983320995,189.72085748869796,6.503083910190591,28944970.0,338208000.0
2018-06-14,5.629489288330078,6.60881233215332,190.5493063010917,6.665513790696767,187.64964294433594,6.527350326809267,190.5493063010917,6.54220693825052,33408041.0,430016000.0
2018-06-15,5.741333312988281,6.567956447601318,191.37777709960938,6.622924674408362,185.57845052083334,6.520663993959912,186.40692574637276,6.551614555098361,48059679.0,432260000.0
2018-06-18,,6.563747406005859,,6.581327112651717,,6.4966466140529056,,6.523882785930545,,356268000.0
2018-06-19,5.5922080993652346,6.441926002502441,187.23541191948786,6.5278447899180945,185.5784613715278,6.314409842524176,186.82117428249782,6.460496055710143,56889624.0,594932000.0
2018-06-20,5.617062835693359,6.494913101196289,188.47814087319165,6.547900159512678,185.16423949520146,6.4446491404516015,185.992714839699,6.4830280034700545,40708701.0,369780000.0
2018-06-21,5.629489288330078,6.3661580085754395,188.89235581151698,6.545175916905244,187.23540532194227,6.358482236760728,188.47811818912328,6.5268533352836755,31242557.0,359516000.0
2018-06-22,5.654344482421875,6.213633060455322,188.4781494140625,6.400327202949952,185.57848557692307,6.1982819899094075,185.992723267943,6.386956352025603,43581409.0,434160000.0
2018-06-25,5.61570327758789,5.920718669891357,189.33678481775686,6.110878829468901,187.1901092529297,5.832076312447337,188.90744970479145,6.107164913280725,45025211.0,665816000.0
2018-06-26,5.525544433593749,5.991780757904053,185.4728201486014,6.082404278584407,182.46747352582312,5.940278979920657,185.04348491677592,6.034121479791991,38446346.0,478884000.0
2018-06-27,5.486902313232422,5.836533546447754,185.47275425011003,6.10171776108556,182.4674086951314,5.83108593372381,185.47275425011003,6.035359840302846,39888414.0,453892000.0
2018-06-28,5.461143951416015,5.963802337646484,184.18480779539863,5.975687437246113,180.32079084864202,5.81895345371171,181.1794612812546,5.826629227525299,37940780.0,338012000.0
2018-06-29,5.577063903808593,5.865750789642334,186.33146530045647,6.041549759524311,182.03811356542292,5.864512502661132,182.03811356542292,6.028922254831947,34313680.0,392300000.0
2018-07-02,5.512663879394531,5.99797248840332,188.048814577477,6.001686405303804,183.75546264648438,5.775623438322771,187.61947938437774,5.796174660072698,32449442.0,357572000.0
2018-07-03,5.525544433593749,5.8642659187316895,187.19016107590326,6.038579631704869,183.32614398947405,5.855847266154847,185.04348491677592,6.032637081195815,28323220.0,222732000.0
2018-07-04,5.564182891845703,,186.7607683605618,,185.04342796184397,,186.33143326088233,,15212295.0,
2018-07-05,5.525544433593749,6.010103225708008,184.61414968495046,6.015054955976525,182.89680875764859,5.880605915758732,183.75547922129954,5.919479713907748,18225416.0,306216000.0
2018-07-06,5.589944000244141,6.124001502990723,186.76080185147475,6.1324201534713625,184.61412596812445,5.964296501395518,186.76080185147475,5.985590596061825,29033762.0,296352000.0
2018-07-09,5.705863952636719,6.1715407371521,191.48347049480637,6.207938904945911,187.61945427405914,6.092802797731467,188.4781245453363,6.19828244094674,38734793.0,303880000.0
2018-07-10,5.718744506835938,6.270584583282471,192.34215758727478,6.292621086826753,190.62481689453125,6.143563345133477,191.48348724090303,6.183922907860183,20118957.0,360016000.0
2018-07-11,5.667222747802734,6.12895393371582,188.9074249267578,6.212396619425607,187.19008470015092,6.11830664985286,188.9074249267578,6.17773214235569,19854690.0,367508000.0
2018-07-12,5.680104675292968,6.220568656921387,190.62482810507015,6.268603998122008,187.19014651759142,6.164362603925579,187.19014651759142,6.1742670122123045,23666051.0,345508000.0
2018-07-13,5.7831431579589845,6.173276424407959,192.7714385986328,6.239139419626609,191.0540983884,6.1311836321517506,191.0540983884,6.239139419626609,29716311.0,246988000.0
2018-07-16,5.757384338378906,6.145544052124023,193.20081672412437,6.198531592692469,191.91281127929688,6.133164015149556,192.77148157584853,6.145544052124023,15819254.0,197036000.0
2018-07-17,5.705863952636719,6.281478404998779,191.91280563044495,6.296582483453571,189.76612995225204,6.0707670179655695,191.0541353591678,6.09627044003785,21548436.0,362136000.0
2018-07-18,5.744504241943359,6.232204437255859,192.34214502172085,6.287915536641218,190.62480444116977,6.18119807208893,191.4834747314453,6.27404974697518,39898658.0,277640000.0
2018-07-19,5.7831431579589845,6.240375518798828,194.91811386142382,6.274050121159605,192.7714385986328,6.198283210383994,193.63010870374922,6.213386815484689,39661216.0,235752000.0
2018-07-20,6.118025207519531,6.212149143218994,203.93417358398438,6.276773834933788,200.07015766344574,6.20125439089569,201.787498072574,6.237900032515473,97969023.0,222352000.0
2018-07-23,6.208185424804688,6.175503253936768,210.37419489310489,6.187388351945899,204.79283870206334,6.0237214942587585,205.22217379368192,6.18565512816407,52256877.0,301584000.0
2018-07-24,6.208185424804688,6.158172607421875,207.36884925177483,6.3102018748487,204.79283870206334,6.140592424329041,206.08084397691908,6.223540191095357,27239267.0,354620000.0
2018-07-25,6.195307159423828,6.236413955688477,206.93957386294423,6.249041931212224,205.2222330010111,6.109640208065435,205.2222330010111,6.167579942130111,20962512.0,319112000.0
2018-07-26,6.208185424804688,6.309951305389404,208.22751943501197,6.346844408167291,205.6515088853005,6.199519937748258,206.93951416015625,6.216357235975798,30606388.0,325124000.0
2018-07-27,6.298346099853515,6.240128993988037,209.9448699951172,6.353531908832767,206.93952420786601,6.186151106928941,207.79819443279493,6.346599012537849,27129646.0,295420000.0
2018-07-30,6.324105377197266,6.044767379760742,210.8035125732422,6.260183456046065,209.51550740477023,6.009854967669933,209.94484246092753,6.254240907769587,22788730.0,340340000.0
2018-07-31,6.336985473632812,6.0628437995910645,211.23284912109375,6.1376203698944,207.79816864758004,5.995495534301158,209.08617382514768,6.03436933877508,27059442.0,283988000.0
2018-08-01,6.388506774902344,6.1027069091796875,212.95022583007812,6.149504419925019,211.66222043191232,6.038825102673769,212.09155556463426,6.094288731655638,29136161.0,283556000.0
2018-08-02,6.298346099853515,6.20546293258667,214.2382211197617,6.20942431673625,209.08619977018827,5.97246714370781,213.80888600729725,6.031396747210975,22402110.0,269668000.0
2018-08-03,6.362746124267578,6.242108345031738,212.95020766779479,6.265878539944628,210.37419709116824,6.213138951283197,211.2328672833771,6.229975779123129,24719097.0,214288000.0
2018-08-06,6.324105377197266,6.289897441864014,212.0915177417141,6.293363889949058,209.51550740477023,6.182932488229437,210.37417751708486,6.229482068876638,22364568.0,207508000.0
2018-08-07,6.221065979003906,6.362196922302246,210.80354697659888,6.380767446871656,207.36886596679688,6.311933432908973,210.37421185037365,6.338674667146644,23992418.0,258132000.0
2018-08-08,6.375626678466797,6.398595809936523,212.52088928222656,6.443660108651152,209.94487850304807,6.328523968379784,210.37421363291114,6.363436391038098,24382432.0,262100000.0
2018-08-09,6.362746124267578,6.350064754486084,212.95020766779479,6.419146241247258,211.2328672833771,6.342388981260611,212.09153747558594,6.416422671186882,15128655.0,204280000.0
2018-08-10,6.311227111816406,6.308714866638184,212.09157777124523,6.341151183507521,209.9449018828723,6.256965618548808,211.66224259357062,6.268107839565934,15890492.0,256396000.0
2018-08-13,6.195307159423828,6.34164571762085,208.65691472487737,6.462476917248022,205.2222330010111,6.315647360988424,207.36890907842752,6.317380584763919,17881194.0,375208000.0
2018-08-14,6.272585906982422,6.473124980926514,210.374202219123,6.487238714592337,208.22752668627479,6.363931389673089,210.374202219123,6.447126619263353,17358913.0,466220000.0
2018-08-15,6.221065979003906,6.414938449859619,209.9448767241484,6.527845961557492,205.65152546189586,6.336200012213205,209.9448767241484,6.493923883756656,18473321.0,591136000.0
2018-08-16,6.156667327880859,6.374330520629883,207.3689204579118,6.487238497098466,204.36357378460872,6.314162615787697,204.36357378460872,6.484762395270491,19155966.0,801260000.0
2018-08-17,6.169545593261718,6.061853408813477,206.9395251184515,6.263651206981135,205.22218466103698,6.0348642313841,205.65151977539062,6.262908329258442,18324474.0,1143188000.0
2018-08-20,6.169545593261718,6.136629581451416,206.08085488974424,6.269345410037566,204.3635144323297,5.910814131358197,205.65151977539062,6.021245991046136,16933437.0,854388000.0
2018-08-21,6.208185424804688,6.272317886352539,206.93951416015625,6.2767746808183,204.79283870206334,6.133164078009163,205.22217379368192,6.152972420732212,12014127.0,673988000.0
2018-08-22,6.233946075439453,6.507540702819824,208.22753764381093,6.51249290565874,206.51019712716095,6.236166504546452,207.36886738548594,6.239632952080081,12614240.0,749856000.0
2018-08-23,6.298346099853515,6.607079029083252,209.9448699951172,6.6724466073854725,208.65686465772384,6.455049774148689,208.65686465772384,6.468915566846961,14839240.0,720684000.0
2018-08-24,6.272585906982422,6.740289688110352,211.23287243226227,6.7548983572993855,208.65686179284444,6.611040298580837,210.80353732569262,6.61549709265632,14355943.0,531512000.0
2018-08-27,6.311227111816406,6.8314080238342285,211.66224259357062,6.905689183089943,209.9449018828723,6.738556338630539,211.23290741589605,6.770001837326434,15152299.0,505776000.0
2018-08-28,6.427146148681641,6.793772220611572,214.66754003612695,6.848245513004424,212.95019971583793,6.673683886674356,213.3795347959102,6.825465660922225,36792531.0,475384000.0
2018-08-29,6.671868438720703,6.899310111999512,222.39561462402344,6.924331805417437,217.6729278269882,6.765282708055251,217.6729278269882,6.7860927731719665,56993182.0,420108000.0
2018-08-30,6.787788391113281,6.8824615478515625,230.12362919903345,6.979328024860698,225.40094277890404,6.8455482646450925,227.11828329531474,6.868092495136787,48957808.0,346608000.0
2018-08-31,6.5945878601074215,6.953563690185547,222.39560621976852,6.966446176289895,218.10225474834442,6.85248557689717,221.1076007783413,6.86239539968191,69069506.0,306592000.0
2018-09-03,6.6203466796875,,223.25423303745137,,220.24888759271644,,222.39556291038426,,26720905.0,
2018-09-04,6.633228149414062,7.028382301330566,222.82494560167626,7.06603840550658,219.3902643592612,6.911944227186228,221.9662752910725,6.9404342635652965,34304615.0,391720000.0
2018-09-05,6.800668029785156,6.897576332092285,227.11826942906237,7.046220415530828,222.3955832972671,6.816565441288336,223.25425350304806,7.010793685113285,44864459.0,393156000.0
2018-09-06,6.723388824462891,6.7563629150390625,230.12365325109255,6.883701218337742,224.1129608154297,6.723413649446237,230.12365325109255,6.8812237624435335,35698488.0,322796000.0
2018-09-07,6.800668029785156,6.735058784484863,226.68893432617188,6.860662937162767,223.68358860593855,6.619363984534085,225.83026412039092,6.664204856995741,38663728.0,295420000.0
2018-09-10,6.813548583984375,6.806158542633057,228.83562667067878,6.83588754018604,225.40094559494625,6.713751755182305,228.83562667067878,6.757601731243966,41659795.0,220140000.0
2018-09-11,6.697627258300781,6.758346080780029,226.25958750798154,6.847532142447424,221.53690162071817,6.739022111192345,225.83025242732123,6.75983217649719,34350276.0,243112000.0
2018-09-12,6.710508270263672,6.644386291503906,224.97161443494332,6.738032069666352,221.53693329853198,6.488805517376618,224.1129441508405,6.718460493754885,37885965.0,419092000.0
2018-09-13,6.5688267517089844,6.7221760749816895,223.25424254174325,6.812848704955022,217.67288647819967,6.692942752978186,223.25424254174325,6.710284474077475,37576180.0,305536000.0
2018-09-14,6.723388824462891,6.848274230957031,224.5422959894056,6.914420835932347,220.6782794236223,6.7756866189279705,220.6782794236223,6.8125999070236,37903219.0,386936000.0
2018-09-17,6.646106872558594,6.786339282989502,225.4009113755337,6.871809854549135,220.67822561337968,6.767015789218164,225.4009113755337,6.8227573635991465,24765758.0,205528000.0
2018-09-18,6.555947113037109,6.714247226715088,220.67824597911422,6.8931154816621865,218.10223532566152,6.70755861546338,220.24891087020544,6.790303659158819,33960152.0,299520000.0
2018-09-19,6.646106872558594,6.738030433654785,223.25423602910004,6.7558678329086925,220.67822561337968,6.645623642463099,221.53689575195312,6.695667023887358,59227711.0,224860000.0
2018-09-20,6.697627258300781,6.596818923950195,224.5422471853403,6.658258226272957,221.10756654005786,6.542811517114635,224.5422471853403,6.615894815406091,29649071.0,430584000.0
2018-09-21,6.736268463134765,6.526707649230957,224.5422821044922,6.654294022056209,221.5369360725009,6.493510781584082,224.5422821044922,6.608709875601538,35012974.0,435128000.0
2018-09-24,,6.582449913024902,,6.585918256949627,,6.408536564047375,,6.495740842380356,,293912000.0
2018-09-25,6.787788391113281,6.649588108062744,226.68894816621207,6.674609802214596,223.68360226249334,6.562879028339989,224.54227252069867,6.648597220055711,24397062.0,280388000.0
2018-09-26,6.787788391113281,6.612673759460449,226.25961303710938,6.6949235937869895,224.112937391596,6.596818608820497,225.8302779080067,6.6545419606422165,24859115.0,268548000.0
2018-09-27,6.8264291381835935,6.624565601348877,228.4063082713001,6.669158863880903,224.97162694391216,6.593102902747254,226.68896760760614,6.647853120500383,38495371.0,214428000.0
2018-09-28,6.762029571533203,6.961989402770996,228.40633219401042,6.984286040894795,223.25430966331845,6.728618459272,228.40633219401042,6.75661329514799,39626486.0,709396000.0
2018-10-01,6.774908294677734,7.168602466583252,226.68894674206868,7.2354918852784404,224.11293598363608,7.001130134699064,224.97160623644695,7.039777595903108,22254380.0,622060000.0
2018-10-02,6.633228149414062,7.097252368927002,225.83029168878943,7.252832607694045,220.67826982516686,7.07495574158241,224.97162137818566,7.141102339701189,38391491.0,383964000.0
2018-10-03,6.697627258300781,7.1034464836120605,223.25424194335938,7.1750432075830295,220.67823145939755,6.99939570308202,221.10756654005786,7.167610840214321,25228536.0,320552000.0
2018-10-04,6.543067932128906,6.919128894805908,221.1076105673482,7.091555678833477,218.10226440429688,6.842081570460789,220.67827540119802,7.067277270914308,36408727.0,391220000.0
2018-10-05,6.440027618408203,6.685510158538818,217.2435983276367,6.956537623846169,213.3795817565918,6.628034404460144,214.66758728027344,6.894355033853673,40204660.0,426636000.0
2018-10-08,6.272585906982422,6.584183216094971,211.6622075388319,6.717714912101581,206.93952136656588,6.44321915300488,210.80353732569262,6.602268217391052,50876958.0,408612000.0
2018-10-09,6.28546646118164,6.57848596572876,210.37421898763688,6.658257871199313,207.7982081428903,6.5106051869088795,209.0862135652636,6.563621230494234,28905345.0,273500000.0
2018-10-10,,6.086721897125244,,6.518284963131931,,6.084492045148932,,6.472452739654413,,684940000.0
2018-10-11,5.860424652099609,5.825109004974365,200.4995100754958,6.1330497407626385,194.91815326397236,5.803555657859157,200.4995100754958,5.999517557657359,94589657.0,725436000.0
2018-10-12,6.105145568847656,6.107778549194336,203.50485229492188,6.182100793229994,196.63549019213968,5.937085983998377,198.35283071783525,6.08226165650664,47175769.0,608236000.0
2018-10-15,5.937704315185547,5.831302642822266,200.92882281322025,6.094402523024078,197.92347717285156,5.830311754901808,200.92882281322025,6.094402523024078,42168280.0,449760000.0
2018-10-16,6.105145568847656,6.090190887451172,203.50485229492188,6.10133920346381,196.63549019213968,5.8947241877209215,197.06482532356358,5.9440242875194444,37818077.0,408712000.0
2018-10-17,6.143785858154296,6.021566390991211,208.65687820146667,6.190525291150759,204.3635267981443,5.972513898530645,207.36887278046999,6.152373037552722,42494858.0,329668000.0
2018-10-18,6.092265472412109,5.9341139793396,205.22219138921693,6.12933305930128,202.21684549021168,5.873665568458085,204.3635211323583,6.0909336747987135,25676430.0,524020000.0
2018-10-19,6.0793858337402344,5.677456378936768,203.07552961575783,6.008932268912538,197.49417256500763,5.641038765118843,198.35284288050767,5.989361168236389,28358460.0,613608000.0
2018-10-22,6.105145568847656,5.728243350982666,204.36352255776964,5.8298166978467085,198.78216584925912,5.625431512217272,199.64083611210688,5.729729919285471,29275777.0,368844000.0
2018-10-23,5.924825134277343,5.476539611816406,200.92885237984035,5.554082148888373,197.49417114257812,5.3687723922830966,199.21151176120924,5.460931590329623,32827745.0,626436000.0
2018-10-24,5.911945495605469,4.940181255340576,198.35285540811375,5.4847135346346905,194.91817392918537,4.9263078816676495,197.49418503838166,5.438138502296623,44321950.0,884288000.0
2018-10-25,5.654344024658203,5.149026393890381,190.62480994291892,5.196344712976823,188.47813415527344,4.798226590185306,189.33680447033163,4.842572245820218,75524118.0,951720000.0
2018-10-26,5.6929843139648435,4.9124345779418945,192.34215480062215,5.074703909485122,186.33146246310272,4.7843530009253055,191.4834844666908,4.912929785565064,38439644.0,664784000.0
2018-10-29,5.731622772216797,4.598548412322998,192.34209752457863,5.057114957598816,189.76608728987446,4.360470242204886,191.4834274463439,5.0536466138779454,18463792.0,758016000.0
2018-10-30,5.744504241943359,5.029120445251465,193.2008153119964,5.039030269373038,189.33679900575646,4.598548699234537,189.76613415089423,4.621588615043415,28877931.0,807192000.0
2018-10-31,6.027865905761718,5.223101615905762,200.92886352539062,5.266703996242792,195.77684138371396,5.054142687428816,195.77684138371396,5.193868293099685,57283201.0,745772000.0
2018-11-01,6.066505737304687,5.40345573425293,203.50486337455214,5.412869877909613,200.07018213616308,5.132923496700569,202.64619306495487,5.259518519599021,41974797.0,566528000.0
2018-11-02,6.092265472412109,5.324427604675293,203.0755157470703,5.499827549647332,200.49950497649436,5.207741911910836,203.0755157470703,5.394042570604359,30722361.0,452960000.0
2018-11-05,6.053624267578125,5.2463884353637695,202.21681064037566,5.334584072239189,199.2114652593085,5.085605181466622,200.07013536818485,5.311296080641316,25452065.0,379332000.0
2018-11-06,6.040745086669921,5.228799343109131,202.2168397883108,5.322692707583277,199.64082909037054,5.19163797446866,200.92883443934068,5.238461091044024,30468176.0,299012000.0
2018-11-07,6.027865905761718,5.2964324951171875,202.64620423928287,5.386114239028689,199.64085798997147,5.231772445404312,200.07019316844452,5.295441607108302,34424652.0,483812000.0
2018-11-08,6.092265472412109,5.103194236755371,203.93418600392897,5.237964419695965,202.64618061864098,5.049682046148127,203.93418600392897,5.2372211357606275,24739146.0,511352000.0
2018-11-09,5.950584411621094,5.095267295837402,201.35815938313803,5.185692318826572,198.35281372070312,4.980563864146624,201.35815938313803,5.014256417195492,23219081.0,413240000.0
2018-11-12,5.963464965820313,4.695662498474121,201.35817631171537,5.02589985280871,197.49416013515793,4.673861075826485,197.49416013515793,5.003850826331966,23228445.0,617116000.0
2018-11-13,5.860424652099609,4.9377055168151855,195.77682354266827,5.059098051195055,192.77147756723258,4.7873272609164035,192.77147756723258,4.79352113848267,36104127.0,644712000.0
2018-11-14,5.886184387207031,4.885183334350586,198.35282180084963,5.1252432772013945,196.20614624023438,4.777169000148565,197.4941515766035,5.110874222309211,20028279.0,526580000.0
2018-11-15,5.950584411621094,5.01400899887085,199.21148390997024,5.086101416073055,196.20613824753536,4.843315902493897,197.06480843680245,4.879238309162045,22072228.0,840708000.0
2018-11-16,5.8217848205566405,4.0735883712768555,196.63550500110188,4.227930166476426,193.20082369103895,4.003725331882993,196.63550500110188,4.046089220512126,46738909.0,1963520000.0
2018-11-19,5.718744506835938,3.5847976207733154,193.20082793364654,4.0089282090166956,189.7661465481595,3.5830634484524446,193.20082793364654,4.008185397330481,48944754.0,1697820000.0
2018-11-20,5.61570327758789,3.6933071613311768,189.33678481775686,3.8216363680909393,187.1901092529297,3.3026213445494976,188.04877947886055,3.3212017934896076,41569756.0,1692032000.0
2018-11-21,5.6414634704589846,3.5850441455841064,188.90745258766768,3.847400712437607,183.75543115345855,3.5577928407067847,184.184766272976,3.830554438353634,35206343.0,1025496000.0
2018-11-22,5.6414634704589846,,190.62479306573738,,188.0487823486328,,190.19545794621996,,21929610.0,
2018-11-23,5.628583831787109,3.592228651046753,189.33680166423457,3.7059411776203417,186.33145560607213,3.537478201540564,189.33680166423457,3.5503606880435714,14883334.0,411968000.0
2018-11-26,5.744504241943359,3.7916600704193115,192.34214502172085,3.8020651031216017,187.61945842520538,3.6308767987399566,188.04879357034315,3.713374248759369,30599804.0,814832000.0
2018-11-27,5.770263977050781,3.8085060119628906,192.77146768569946,3.8897647267000295,188.0487813949585,3.729724753249842,188.90745162963867,3.765646920546318,26584349.0,738060000.0
2018-11-28,5.834663543701172,3.9655730724334717,194.91811985580074,3.970775588309077,190.62476919818397,3.79364149964199,191.05410426394565,3.926182325074507,24429026.0,804524000.0
2018-11-29,5.899064483642578,3.9023358821868896,198.7821583643751,4.005002717606081,196.63548278808594,3.872081436106782,198.7821583643751,3.9678046436714958,44383207.0,549172000.0
2018-11-30,5.808905181884765,4.052863597869873,198.3528598692359,4.063526888692201,193.6301727294922,3.8616648430973473,197.06485428566944,3.912006369617299,55827957.0,729564000.0
2018-12-03,6.053624267578125,4.216784954071045,201.7874755859375,4.331851480290063,198.35279515043217,4.149828127012584,198.35279515043217,4.280269966674589,45333986.0,890804000.0
2018-12-04,6.027865905761718,3.8961360454559326,201.35819870386368,4.177106050933553,198.3528524545523,3.881008586834838,200.07019316844452,4.172146181910327,39746162.0,812112000.0
2018-12-05,5.8217848205566405,,195.34749950982828,,193.20082369103895,,194.48882918231254,,42835576.0,
2018-12-06,5.667222747802734,3.9253990650177,190.6247651533647,3.9303586981156315,188.4780898701061,3.7399041517629197,188.9074249267578,3.7555273152958626,40149112.0,692308000.0
2018-12-07,5.6929843139648435,3.660548210144043,191.91281963365648,3.939782601734733,189.33680863186245,3.611198780480325,191.05414929972514,3.9296150100805938,25063568.0,681676000.0
2018-12-10,5.6414634704589846,3.7659425735473633,188.90745258766768,3.7907414473234877,187.6194472291154,3.6119420829667312,188.47811746815026,3.6156619849830265,19433461.0,629472000.0
2018-12-11,5.731622772216797,3.674931526184082,191.4834274463439,3.8658820225809585,188.04874713340502,3.5958233518984164,188.90741721163974,3.8576984264996694,27375220.0,671912000.0
2018-12-12,5.834663543701172,3.692538261413574,194.91811985580074,3.7887574080833217,191.05410426394565,3.5913592454466268,191.912774395469,3.680634764299962,26433846.0,654136000.0
2018-12-13,5.8217848205566405,3.6922898292541504,195.34749950982828,3.803636425003909,193.20082369103895,3.6563317261988257,194.91816434607043,3.7394076371881715,32087141.0,471384000.0
2018-12-14,5.731622772216797,3.6317813396453857,191.9127624854613,3.7344481761448782,189.3367522507571,3.608222433105806,191.4834274463439,3.6506282283774607,38646159.0,471820000.0
2018-12-17,5.757384338378906,3.5606086254119873,193.20081672412437,3.6739389901216,188.90746524136605,3.5025794316997643,189.7661355379177,3.6017746892034683,18938952.0,662868000.0
2018-12-18,5.731622772216797,3.643932342529297,191.4834274463439,3.7280001338836017,189.3367522507571,3.577223619345613,189.76608728987446,3.6045021888279547,30203541.0,564372000.0
2018-12-19,5.808905181884765,3.4348795413970947,193.6301727294922,3.663772401710045,190.6248263678371,3.3832980251012597,190.6248263678371,3.6102068899798954,23390082.0,745364000.0
2018-12-20,5.6929843139648435,3.3503150939941406,191.05414929972514,3.516466931933126,189.76614379882812,3.2905499931892863,189.76614379882812,3.426447385127323,35027116.0,749588000.0
2018-12-21,5.757384338378906,3.2131781578063965,192.3421464275727,3.409832555705158,188.04879494481438,3.185651494402547,188.04879494481438,3.3768500826403054,43507532.0,863740000.0
2018-12-24,5.667222747802734,3.1514291763305664,190.19543009671298,3.223345632716314,188.4780898701061,3.087448227801344,190.19543009671298,3.1367978915641648,22976100.0,463840000.0
2018-12-25,5.602823181152344,,187.19010781474495,,184.6140971567439,,185.04343226641072,,19402777.0,
2018-12-26,5.577063903808593,3.300717830657959,188.47814116797326,3.301709709994716,185.47279495344975,3.086456284944597,187.61947082096654,3.1975548116479096,16463259.0,695100000.0
2018-12-27,5.744504241943359,3.2528557777404785,192.34214502172085,3.2828623724940376,189.33679900575646,3.1043110958813203,190.62480444116977,3.2483920845125063,21491484.0,637044000.0
2018-12-28,5.808905181884765,3.3143575191497803,193.6301727294922,3.407105110172692,191.05416156235924,3.231529669048782,191.91283195140358,3.2734395338454485,29456773.0,628728000.0
2018-12-31,,3.3106372356414795,,3.390241107803337,,3.279886612115153,,3.3577548137388042,,465140000.0
2019-01-02,5.654344024658203,3.378089189529419,194.4888263606808,3.434134381452094,188.04879899774434,3.225080834899853,194.4888263606808,3.2397121164681346,32900482.0,508752000.0
2019-01-03,5.5513037109375,3.1739957332611084,187.19013286687934,3.3518029840578585,183.75545152987237,3.1665561656356065,183.75545152987237,3.31782863535196,34087620.0,705552000.0
2019-01-04,5.35810317993164,3.377345561981201,181.60878566595224,3.415535512229551,177.31543375895575,3.2164014569359414,181.60878566595224,3.2471518402722133,65943521.0,585620000.0
2019-01-07,5.486902313232422,3.556145429611206,183.7554139329794,3.5930956569655375,181.17940345728343,3.3832977916247233,182.03807361584873,3.434631452761078,35442176.0,709160000.0
2019-01-08,5.435381469726562,3.4676132202148438,182.46738741183168,3.639964895175855,180.32071226581013,3.3949527428384525,182.03805238262737,3.6377328120810106,22694481.0,786016000.0
2019-01-09,5.5513037109375,3.535810708999634,185.90212736550174,3.583176382569527,181.17944052711715,3.468357939070385,182.0381108613689,3.5189473391425965,46295446.0,617260000.0
2019-01-10,5.564182891845703,3.601527214050293,185.90209816120287,3.6102067503027975,184.18475776248508,3.4559583836163896,185.47276306152344,3.51646752227612,20754593.0,523156000.0
2019-01-11,5.680104675292968,3.690802812576294,189.33682250976562,3.713617693876199,187.19014651759142,3.5514335898204443,188.0488169144611,3.5792081045335733,28102288.0,874764000.0
2019-01-14,5.628583831787109,3.7307283878326416,188.9074665130685,3.756023202125144,186.33145560607213,3.614918083154748,187.6194610595703,3.638476990412451,17612296.0,730168000.0
2019-01-15,5.6929843139648435,3.7165932655334473,189.76614379882812,3.8028929137847602,185.0434569622057,3.6982420794514623,185.90212729613705,3.763462755290877,38882923.0,617012000.0
2019-01-16,5.602823181152344,3.6910502910614014,188.90744825341235,3.7768539979833324,186.76077270507812,3.6855947185082942,187.6194429244118,3.743871765095509,28978282.0,470104000.0
2019-01-17,5.680104675292968,3.7624707221984863,189.76615770820047,3.8023968187113253,187.19014651759142,3.630789172025406,187.19014651759142,3.6580679802079006,21163986.0,493436000.0
2019-01-18,5.628583831787109,3.8916728496551514,188.9074665130685,3.917711693936529,186.7607907572382,3.7607353099534593,188.04879621073638,3.8123168223206996,49627569.0,651336000.0
2019-01-21,5.6929843139648435,,191.4834844666908,,188.90747346489678,,188.90747346489678,,29384866.0,
2019-01-22,5.744504241943359,3.689314603805542,191.4834747314453,3.8730736140524855,188.04879357034315,3.6590601553922952,188.9074638606187,3.861418204040838,28926483.0,661552000.0
2019-01-23,5.680104675292968,3.702209949493408,190.62482810507015,3.833395569520284,188.90748731133078,3.670963622006598,190.1954929066353,3.7446159837249957,16671213.0,591020000.0
2019-01-24,5.731622772216797,3.9142396450042725,191.05409240722656,3.931846567401823,189.3367522507571,3.7820621457337826,191.05409240722656,3.7867739273118826,26417924.0,708972000.0
2019-01-25,5.8217848205566405,3.971524715423584,194.91816434607043,3.989627814610172,193.20082369103895,3.7520556783600876,194.48882918231254,3.854722524281359,46692764.0,1154572000.0
2019-01-28,5.899064483642578,3.4224796295166016,197.06481790334377,3.512499182488702,195.77681255757028,3.248640360636354,197.06481790334377,3.386273432461683,26026257.0,2511528000.0
2019-01-29,5.731622772216797,3.263519525527954,193.20076760281336,3.4247117431259784,190.6247573681092,3.2488882410267337,191.05409240722656,3.376353959596769,41122520.0,1153932000.0
2019-01-30,5.6929843139648435,3.407104969024658,190.1954789657938,3.421488167066219,188.90747346489678,3.2600480796445357,189.33680863186245,3.33965219984782,44755945.0,974228000.0
2019-01-31,,3.5648248195648193,,3.6005350779578293,,3.3820576855777564,,3.4038806869567098,,842852000.0
2019-02-01,,3.5891270637512207,,3.640212628210705,,3.5358098892687293,,3.583423403415818,,625048000.0
2019-02-04,,3.6994824409484863,,3.7366805202266438,,3.582928096577509,,3.604998950642559,,528592000.0
2019-02-05,,3.7185771465301514,,3.7552792834025377,,3.6776591677367065,,3.7113854301059694,,542424000.0
2019-02-06,,3.7942135334014893,,3.8586904206441663,,3.7463519258904423,,3.7518074987727887,,702464000.0
2019-02-07,,3.655836343765259,,3.750071743591406,,3.6129346042270316,,3.747839896730978,,637120000.0
2019-02-08,,3.6744353771209717,,3.685098671028664,,3.5742482346075293,,3.5886314307036993,,461604000.0
2019-02-11,5.873305206298828,3.6317813396453857,196.63551056175902,3.6846025768083526,194.4888346822638,3.5834235592220813,195.77684020996094,3.630293284232576,78307106.0,495180000.0
2019-02-12,5.924825134277343,3.7488317489624023,197.49417114257812,3.764455149871475,196.63550083326257,3.655836317287709,197.49417114257812,3.6702197507278322,29406670.0,591060000.0
2019-02-13,5.899064483642578,3.7912380695343018,199.21149347963294,3.86439450019542,196.2061476728281,3.764703284006496,199.21149347963294,3.7783426906889646,28634925.0,605372000.0
2019-02-14,5.847545013427734,3.83215594291687,197.49417813338897,3.8604266349188485,194.05949677454743,3.747096015305437,197.06484296353378,3.7902460811241467,23647751.0,827264000.0
2019-02-15,5.847545013427734,3.9018404483795166,196.63550779367858,4.063776229620789,194.48883194440262,3.879025566828743,196.63550779367858,4.040961584569632,22369799.0,1516748000.0
2019-02-18,5.924825134277343,,197.92350629723592,,196.2061656786048,,196.63550083326257,,16978916.0,
2019-02-19,5.899064483642578,3.88448166847229,197.92348813385945,3.9650779109098564,196.63548278808594,3.8720824648661867,197.4941530186016,3.891177446539277,16577023.0,551892000.0
2019-02-20,6.040745086669921,3.931846857070923,201.35816955566406,3.999051535031109,198.3528237414004,3.902584522613737,198.7821588577238,3.91374375717389,30479710.0,540988000.0
2019-02-21,6.092265472412109,3.862905979156494,203.0755157470703,3.9690446354819224,201.35817523335302,3.8482746947869026,202.21684549021168,3.9444940848104943,33764489.0,448548000.0
2019-02-22,6.092265472412109,3.9477176666259766,203.0755157470703,3.9665647922098772,200.9288401049237,3.9010960288128276,202.21684549021168,3.914735433353744,22032163.0,401740000.0
2019-02-25,6.130905303955078,3.9353187084198,205.2221803424739,4.098742538908199,202.64616971056,3.9266389363137773,203.93417502651695,4.031290012767143,24105138.0,656020000.0
2019-02-26,6.169545593261718,3.895887851715088,206.08085488974424,3.9866514184815087,203.07550908926882,3.862409446215253,205.22218466103698,3.9306062244370903,24522789.0,488464000.0
2019-02-27,6.156667327880859,3.8539786338806152,205.6515795017386,3.9080398419584736,203.50490330652212,3.796941314780565,204.79290902365202,3.881505295839844,35240889.0,500256000.0
2019-02-28,,3.829402208328247,,3.870114248665196,,3.8070605034741867,,3.847772307067805,,324944000.0
2019-03-01,,3.883767604827881,,3.925968759571321,,3.8209619683485996,,3.879299074583445,,357188000.0
2019-03-04,6.066505737304687,3.8919596672058105,205.6515391485453,3.945083685893803,201.35818760055898,3.8353600197455266,205.6515391485453,3.922245293956318,39655513.0,409992000.0
2019-03-05,6.002103881835938,3.8855059146881104,201.35813451938873,3.9237352327210506,199.64079435291208,3.8219554736707075,200.92879947776956,3.876320745744328,22641407.0,362924000.0
2019-03-06,6.027865905761718,3.774541139602661,202.2168690608098,3.8850093844992544,200.49952834691757,3.7718105415592222,201.78753388233676,3.876569246572547,20433226.0,403524000.0
2019-03-07,6.027865905761718,3.7052810192108154,201.78753388233676,3.7606394298834016,200.07019316844452,3.6591077775147,201.78753388233676,3.750957810075866,17126192.0,450104000.0
2019-03-08,5.924825134277343,3.7395389080047607,198.78217660655147,3.7502134299804535,196.63550083326257,3.5945646050099507,198.35284145189368,3.615913648961336,22190659.0,422416000.0
2019-03-11,5.937704315185547,4.0001935958862305,197.92347717285156,4.023031750232796,195.34746662396412,3.7159548341043567,195.77680171544537,3.76312120523744,23200793.0,859728000.0
2019-03-12,6.066505737304687,4.034451484680176,203.50486337455214,4.080872589964656,199.64084698136443,3.951786159561505,200.07018213616308,4.027996914579523,23588085.0,579576000.0
2019-03-13,6.105145568847656,4.185880184173584,203.50485229492188,4.215172913611284,200.92884150637855,4.0644890792848045,200.92884150637855,4.071936551908307,20500195.0,768900000.0
2019-03-14,6.040745086669921,4.109918117523193,205.22218560257446,4.206981483103949,200.92883443934068,4.102222537193803,205.22218560257446,4.195065715272198,17175356.0,519384000.0
2019-03-15,6.156667327880859,4.215421676635742,205.6515795017386,4.25811929046017,202.21689758939223,4.149636849330282,203.50490330652212,4.153112242007698,33649729.0,661484000.0
2019-03-18,6.208185424804688,4.1940717697143555,206.93951416015625,4.30081649253427,205.22217379368192,4.167012955021073,205.6515088853005,4.246947443635454,26856532.0,486992000.0
2019-03-19,6.195307159423828,4.361883640289307,206.51023864746094,4.406319411547476,204.3635625700445,4.271771562858037,205.2222330010111,4.288651833946659,14479009.0,854972000.0
2019-03-20,6.233946075439453,4.329365253448486,207.79820251464844,4.444301790738995,205.65152686883596,4.29461085367234,207.79820251464844,4.390929419087835,22975971.0,719148000.0
2019-03-21,6.324105377197266,4.566188812255859,210.8035125732422,4.592502835773583,206.93949706782632,4.347486724612745,208.22750223629828,4.35245170618012,26179502.0,824312000.0
2019-03-22,6.40138687133789,4.406320095062256,213.3795623779297,4.587537652940688,209.9448812933755,4.392418526072862,212.95022724236043,4.538882161477809,22931467.0,747644000.0
2019-03-25,6.221065979003906,4.313974380493164,209.0862064716979,4.4299038271731455,206.51019571434637,4.2476933356009585,206.51019571434637,4.365609059262923,19211254.0,525212000.0
2019-03-26,6.28546646118164,4.390680313110352,209.5155487060547,4.511822813464593,206.9395378613081,4.334328775748284,208.6568784244725,4.455719856581419,19920170.0,703508000.0
2019-03-27,6.221065979003906,4.381495475769043,208.22753621924738,4.462670976092189,206.51019571434637,4.311987633773278,207.79820109302213,4.416249870253587,22590089.0,474372000.0
2019-03-28,6.233946075439453,4.400115489959717,208.22753764381093,4.46589985634207,206.08086199799845,4.346991214470518,206.51019712716095,4.4075624908411415,13933054.0,480264000.0
2019-03-29,6.324105377197266,4.457458019256592,210.8035125732422,4.481786238158467,206.51016201166902,4.416498107371956,208.6568372924556,4.466891294303439,28220810.0,456896000.0
2019-04-01,6.324105377197266,4.5249810218811035,215.52619819097265,4.5552666534085855,210.37417751708486,4.477566534512929,215.52619819097265,4.549308769921096,35330656.0,483824000.0
2019-04-02,6.336985473632812,4.542854309082031,214.23819453541824,4.587290092527988,211.23284912109375,4.506114579085595,214.23819453541824,4.549060773251855,24105053.0,440920000.0
2019-04-03,6.349866943359375,4.682367324829102,213.80890722061991,4.741449475430925,211.6622314453125,4.587538344790218,213.80890722061991,4.59250332688854,24945323.0,783504000.0
2019-04-04,,4.673429012298584,,4.7158785045644915,,4.610623385028874,,4.666974443253835,,457376000.0
2019-04-05,,4.740205764770508,,4.757583193945425,,4.680131214174446,,4.716622821120058,,481744000.0
2019-04-08,6.517307739257812,4.761058807373047,217.24359130859375,4.786131340820697,215.09691550514916,4.685592626589706,215.52625066583806,4.709672258735452,45184821.0,424192000.0
2019-04-09,6.543067932128906,4.69825553894043,218.10226440429688,4.7387192465699055,216.3849237396961,4.656054134789812,217.24359407199648,4.727548272721601,22355674.0,439972000.0
2019-04-10,6.543067932128906,4.7687554359436035,218.53159957044707,4.794572771996036,216.3849237396961,4.693041597478721,217.24359407199648,4.697509891509584,25849934.0,444772000.0
2019-04-11,6.491546630859375,4.754853248596191,218.10222807384673,4.8027644150323265,215.95555260067894,4.705452966667689,217.24355788457962,4.771237306905374,24896840.0,374600000.0
2019-04-12,6.491546630859375,4.716872692108154,217.24355788457962,4.797551986247509,215.52621750604538,4.708184211014587,215.95555260067894,4.79357990625329,13548148.0,471708000.0
2019-04-15,6.581707763671875,4.585056304931641,219.8195939334638,4.714143011270215,218.1022533558586,4.545337391210048,218.96092364466122,4.709178028683316,17192002.0,440092000.0
2019-04-16,6.6203466796875,4.6721882820129395,220.67822265625,4.691054831273946,219.39021746564933,4.5915094703823955,220.67822265625,4.624277587838532,19652648.0,394964000.0
2019-04-17,6.736268463134765,4.649352073669434,225.83028754677417,4.728045115222095,222.82494151478286,4.627010123003642,223.2542766622102,4.707192754197184,37864191.0,351004000.0
2019-04-18,6.813548583984375,4.62477445602417,228.4062915362122,4.690062593164106,226.2596158638794,4.596971315701176,226.68895099834594,4.656053462374261,38006795.0,380988000.0
2019-04-19,6.813548583984375,,231.41163747747817,,226.2596158638794,,230.98230234301158,,44658699.0,
2019-04-22,6.852188415527343,4.678642272949219,229.69428585884268,4.694281535232831,227.54761029006843,4.569663650917107,228.83561563133298,4.601190282460916,24967393.0,279936000.0
2019-04-23,6.903708343505859,4.733255863189697,230.1236114501953,4.76453486273526,228.40627106623862,4.682117887865082,228.8356061622278,4.69179926876619,25336847.0,346856000.0
2019-04-24,6.929468536376953,4.745669364929199,231.8409547486713,4.786381173908664,229.69427924173917,4.682863718439997,231.8409547486713,4.743683088122518,26449755.0,318204000.0
2019-04-25,6.890828704833984,4.639916896820068,230.98229552652236,4.727795073889904,229.26495503933631,4.560230985936626,230.55296040472584,4.705453132364579,32386724.0,499296000.0
2019-04-26,6.697627258300781,4.420967102050781,225.83025242732123,4.4904754306009975,221.10756654005786,4.302058480296638,224.9715822660006,4.486006662643988,47518804.0,868988000.0
2019-04-29,6.684747619628906,4.451748847961426,224.97159619046542,4.479551986397227,221.96625043982945,4.356671300152771,223.25425576153057,4.428910217470096,31126618.0,391920000.0
2019-04-30,6.671868438720703,4.49320650100708,223.68362011412398,4.5187752617416725,221.53694429728978,4.400363315142338,223.25428495075712,4.419477977294067,33799419.0,362920000.0
2019-05-01,,4.480048179626465,,4.5877858026645955,,4.479799599141651,,4.545584412129415,,354280000.0
2019-05-02,6.671868438720703,4.54757022857666,225.40096076759133,4.589274931752551,221.9662794606566,4.446535282082705,224.54229044085764,4.489729574225346,27091394.0,394684000.0
2019-05-03,6.8264291381835935,4.5431036949157715,227.54763793945312,4.565941858314561,223.68362144614167,4.481539044300765,224.97162694391216,4.556012366158903,29840246.0,336824000.0
2019-05-06,6.671868438720703,4.464657783508301,223.25428495075712,4.476821657303901,221.53694429728978,4.319435145595699,223.25428495075712,4.356671561590537,32823187.0,422176000.0
2019-05-07,6.762029571533203,4.297342300415039,225.83032092866443,4.416250928302195,222.39563924153646,4.249183013501844,222.82497445242745,4.416250928302195,25686126.0,555220000.0
2019-05-08,6.697627258300781,4.317449569702148,224.5422471853403,4.397632182252245,222.82490686269907,4.257871206275026,223.25424194335938,4.2697869736578,25542364.0,419168000.0
2019-05-09,6.607467956542968,4.224853992462158,222.82494278400267,4.258118799601893,219.8195967348928,4.105945860494001,222.82494278400267,4.248437417328942,33587574.0,660248000.0
2019-05-10,6.5945878601074215,4.190844535827637,222.39560621976852,4.259608054903854,218.96092504262924,4.071191145192265,220.67826563119888,4.194071820827936,18617212.0,569500000.0
2019-05-13,6.452907257080078,3.9334170818328857,218.1022545972508,4.081866778643077,214.23823827564598,3.9175294706522044,217.24358430356085,4.058780038159421,28284535.0,656912000.0
2019-05-14,6.40138687133789,4.0225348472595215,215.52623805577608,4.0577854477016135,210.37421642894478,3.9344083461542905,212.52089210679114,3.9731341011578243,45055708.0,524880000.0
2019-05-15,6.414267883300781,3.961467981338501,216.38494064147213,3.9979595998240485,213.80892944335938,3.9075991649260193,215.52627024210122,3.9669291767142933,36825479.0,502320000.0
2019-05-16,6.362746124267578,3.9766104221343994,214.23821295610807,4.01930850256301,211.2328672833771,3.913556913256875,213.37954276389922,3.956006413186638,29713519.0,781088000.0
2019-05-17,6.221065979003906,3.8857533931732178,213.80889286017566,4.063992232944322,207.36886596679688,3.8462828360800922,213.80889286017566,3.9346574614704943,38647856.0,1022068000.0
2019-05-20,6.130905303955078,3.767094135284424,208.65686118502578,3.842063663258096,204.36351013183594,3.7422696973387284,208.2275260797068,3.7869535909436256,39157661.0,572064000.0
2019-05-21,6.027865905761718,3.849261522293091,202.64620423928287,3.865149129902015,199.64085798997147,3.7891867205704814,200.49952834691757,3.8279127197278613,80042775.0,361848000.0
2019-05-22,6.130905303955078,3.778263807296753,206.51018565843086,3.836600908609047,202.21683460524102,3.767340944726103,203.075504815879,3.810535470813119,34622034.0,325868000.0
2019-05-23,5.924825134277343,3.6571223735809326,200.4995172251826,3.715955946496126,197.49417114257812,3.5972956621517875,200.4995172251826,3.715955946496126,58752627.0,591844000.0
2019-05-24,6.002103881835938,3.60325288772583,200.92879947776956,3.711238629699108,197.49411914481624,3.5965502101410465,197.49411914481624,3.6759880191092824,36000789.0,357584000.0
2019-05-27,5.950584411621094,,201.7874944777716,,198.35281372070312,,200.92882428850447,,35562033.0,
2019-05-28,5.937704315185547,3.558072090148926,199.21148244729528,3.653645839649054,197.92347717285156,3.5560860504846277,199.21148244729528,3.6208777240196746,95240033.0,428356000.0
2019-05-29,5.911945495605469,3.4838480949401855,197.92352022324772,3.545412259517486,194.91817392918537,3.4490939325069534,195.77684429891747,3.5104099900398196,26533236.0,559800000.0
2019-05-30,5.950584411621094,3.4572548866271973,198.78214881533668,3.522865918367302,196.63547334216892,3.418981705774295,197.494143531436,3.4870780613260153,28500328.0,394300000.0
2019-05-31,6.066505737304687,3.3665428161621094,203.93419852935077,3.4756460779768945,198.35284151696854,3.364803136714501,199.2115118265658,3.4082953599182693,46070338.0,389720000.0
2019-06-03,6.130905303955078,3.324791193008423,204.79284523715492,3.416497442188703,199.21148886800813,3.295465026568568,202.21683460524102,3.3777272319448,31054092.0,478644000.0
2019-06-04,6.002103881835938,3.5539326667785645,204.3634798107229,3.559151705913854,200.07012939453125,3.366791954591288,203.93414476910374,3.388910773357076,24443428.0,641836000.0
2019-06-05,6.053624267578125,3.511185646057129,204.3634859125665,3.6332123120175956,200.92880547706116,3.474900766848931,204.3634859125665,3.6277446463103487,29139584.0,511616000.0
2019-06-06,5.976345977783203,3.573317766189575,199.21153259277344,3.5979219093724737,197.0648565950065,3.5129257568303167,198.78219739322006,3.515411081276327,34651731.0,408140000.0
2019-06-07,,3.6160640716552734,,3.6503606457072135,,3.56014546101089,,3.579282173349457,,348856000.0
2019-06-10,6.182426147460937,3.6888821125030518,206.08087158203125,3.757475491147736,201.3581849416097,3.672230725989656,203.9341958363851,3.672230725989656,35373888.0,402780000.0
2019-06-11,6.298346099853515,3.7465407848358154,211.23287533251056,3.7865536549689542,205.2221837580082,3.707025169200277,206.08085398293713,3.7487774820206825,31965670.0,383872000.0
2019-06-12,6.336985473632812,3.633460521697998,212.5208542986614,3.7092612451341638,208.65683876595847,3.6183004244134733,209.9448439435261,3.7030479350906416,29675556.0,358892000.0
2019-06-13,6.182426147460937,3.684657573699951,209.5155527750651,3.7030484049296826,206.08087158203125,3.6379343768959376,208.2275473276774,3.6555798004367044,32981724.0,308080000.0
2019-06-14,6.0793858337402344,3.5946903228759766,205.65154056225794,3.615815103012149,202.6461944580078,3.5499556755979684,204.7928702467579,3.591459591261842,31951556.0,394428000.0
2019-06-17,6.002103881835938,3.6043832302093506,201.7874695610079,3.6414137546994048,197.9234541864354,3.5700864201131592,198.78212426967374,3.592950881172767,51017012.0,276040000.0
2019-06-18,6.066505737304687,3.7994768619537354,202.21685791015625,3.854898219291804,200.07018213616308,3.654834352955563,200.92885244576036,3.6657694480815786,28578087.0,581920000.0
2019-06-19,6.28546646118164,3.805440902709961,209.5155487060547,3.8461991715790607,206.51020272051701,3.779345475935152,208.2275432836814,3.8347670609256053,50164372.0,331644000.0
2019-06-20,6.311227111816406,3.8297975063323975,210.80357223822145,3.910071642054656,206.9395556391502,3.81538305030411,207.79822599449935,3.89615420354271,37836291.0,350168000.0
2019-06-21,6.40138687133789,3.771641492843628,213.3795623779297,3.864093607171875,211.23288670008333,3.765179792299545,212.95022724236043,3.8148853269546787,61164304.0,434428000.0
2019-06-24,6.4146945190429685,3.794009208679199,214.7103836249514,3.8235839991840237,212.9359176445799,3.745794959846016,213.82315063476562,3.7930151737590014,43300507.0,282948000.0
2019-06-25,6.348153076171875,3.764683485031128,214.26680194206958,3.8740353974838966,210.27425283755898,3.7619497701745686,213.82318537490173,3.7989803009322523,28559283.0,311868000.0
2019-06-26,6.241685485839843,3.9580368995666504,209.83064923967632,4.019174788640907,207.61256626674106,3.879254060761976,208.49979945591517,3.8921774630347445,27607041.0,584072000.0
2019-06-27,6.401387329101563,4.05670166015625,214.26681080776538,4.075838134266415,209.38702836700884,4.007741770919976,209.38702836700884,4.043778259272786,42007834.0,445440000.0
2019-06-28,6.361462554931641,4.081554889678955,214.2668350092038,4.109887018753045,211.16151855979504,4.03483192904189,214.2668350092038,4.10069136595798,25962203.0,397668000.0
2019-07-01,6.61432388305664,4.129769802093506,221.80831264442122,4.323123613840111,217.3721463915328,4.092242014205526,217.81576301682165,4.288826795564153,66307875.0,709756000.0
2019-07-02,6.627632446289062,4.031848907470703,221.80831480217748,4.134242080067245,219.5902316541557,4.018677116339211,221.36469817257313,4.113117062189283,24181202.0,400228000.0
2019-07-03,6.454621582031249,4.044773101806641,217.37213575225516,4.060927474643613,214.71043613079897,3.9848783434196595,216.4849025451031,4.055211180678383,29449774.0,246636000.0
2019-07-04,6.494546356201171,,217.37211164880972,,215.15402887688307,,216.9284950944244,,17481240.0,
2019-07-05,6.467928771972656,3.9821438789367676,217.37209178783274,3.9908422763590785,214.2667761908637,3.9187692988289533,216.92847527398,3.9863688825457624,22867074.0,396552000.0
2019-07-08,6.454621582031249,3.9070885181427,216.92851914867913,3.9413853270571026,212.93596971649487,3.8770169498057316,212.93596971649487,3.922497243134014,27787909.0,329788000.0
2019-07-09,6.4413130187988274,3.909573793411255,215.5976671581426,3.9376572917299124,213.37958416268847,3.852164134740462,214.2668173608701,3.864838908260256,16418987.0,342860000.0
2019-07-10,6.574396820068359,3.977919578552246,219.1465606689453,4.035329011688448,215.5976285123632,3.9391493686044554,215.5976285123632,3.953066806940505,23812131.0,452076000.0
2019-07-11,6.654248657226562,4.132503509521484,221.80828857421875,4.173261792919119,219.59020568847657,4.013707545176426,221.80828857421875,4.0509864686989845,31160289.0,682560000.0
2019-07-12,6.667557220458984,4.165558815002441,223.58275709323541,4.23663779986111,221.36467418556444,4.160339773452468,223.58275709323541,4.160339773452468,23479432.0,506392000.0
2019-07-15,6.774024353027343,4.157107353210449,225.80081176757812,4.202836285428914,221.36464650691843,4.1287756941196205,222.69549608511633,4.186682385708373,29727300.0,289840000.0
2019-07-16,6.813951416015625,4.152385234832764,227.57533049583435,4.17947446639719,224.91363072395325,4.0967150081514365,225.3572473526001,4.142195546455265,21361249.0,341444000.0
2019-07-17,6.707481994628906,4.217747211456299,225.35719929044208,4.224705929409694,222.69550008622426,4.124798079904971,225.35719929044208,4.154124241002024,25573648.0,348204000.0
2019-07-18,6.760717163085937,4.229427814483643,225.8008553812823,4.2923051417983915,223.13915571077604,4.171521135547819,223.58277232252706,4.228185389402471,20842575.0,442192000.0
2019-07-19,6.893801879882813,4.186184883117676,231.56786237444194,4.274163382521757,229.79339599609375,4.180220198918485,230.2370125906808,4.26770191782183,59709798.0,344896000.0
2019-07-22,7.026885223388672,4.257760524749756,234.22950744628906,4.270683927889272,232.4550414807869,4.200102228125209,233.342274463538,4.207558201715109,31522639.0,315940000.0
2019-07-23,7.026885223388672,4.365621089935303,236.4475899031668,4.367609159923595,232.89865797216243,4.281370343321285,235.5603569204157,4.29702793506742,29273223.0,428176000.0
2019-07-24,7.053503723144531,4.440179347991943,236.44764053056824,4.445895642281933,233.3423244260392,4.332815974053122,236.44764053056824,4.408865109597658,23734039.0,366236000.0
2019-07-25,7.053503723144531,4.308956146240234,235.11679077148438,4.411349318847252,232.01147466695534,4.2855946684844595,234.22955759876177,4.398674308119178,30433545.0,392700000.0
2019-07-26,6.947036590576172,4.35095739364624,232.89873627410537,4.39768034997258,231.56788635253906,4.3360459227824775,231.56788635253906,4.3360459227824775,20438071.0,274160000.0
2019-07-29,6.947036590576172,4.344744682312012,232.45511963358328,4.360899053609624,230.23703643097275,4.25651780081155,230.68065307149485,4.343750647375215,17509320.0,248160000.0
2019-07-30,6.9204176330566405,4.360402584075928,233.34228685819187,4.372580343791411,230.6805877685547,4.283856191837085,232.89867034325232,4.298270886083411,22670612.0,197772000.0
2019-07-31,6.907109069824219,4.193143367767334,230.68058550472662,4.329833368146726,228.01888644121055,4.1508938002358375,230.68058550472662,4.328838859146501,31635601.0,359416000.0
2019-08-01,6.827258605957031,4.098703384399414,228.46251995242827,4.294045239236582,226.68805377804046,4.046512519395587,228.46251995242827,4.20358142084987,30017526.0,421212000.0
2019-08-02,6.694173889160156,4.006002902984619,224.91359587834322,4.075342179439291,222.2518965188362,3.9585345304089157,223.58274619858972,4.006002902984619,54021644.0,428348000.0
2019-08-05,6.561089172363281,3.7475345134735107,223.58275475801852,3.8235836288143514,217.81573925830773,3.700562931347242,222.69552160421685,3.822340966777688,51535721.0,589156000.0
2019-08-06,6.61432388305664,3.7863049507141113,221.80831264442122,3.8678217417745464,212.93598013864437,3.738587955028809,212.93598013864437,3.8223414432286207,58625879.0,361272000.0
2019-08-07,6.601013946533203,3.824577569961548,222.25188086109776,3.836506935610489,218.70294863177884,3.7080185757318795,221.80826433243288,3.7254153697919667,29435460.0,372560000.0
2019-08-08,6.747407684326172,3.9331841468811035,225.35720602483204,3.934426808993207,220.03380745731633,3.8248265230494565,220.03380745731633,3.8822361853526797,29725266.0,309300000.0
2019-08-09,,3.8317854404449463,,3.8956568068430424,,3.78133449373618,,3.8921774475537187,,341816000.0
2019-08-12,6.680865783691406,3.7639379501342773,225.80084222436426,3.8317856978473723,222.69552612304688,3.742067520979674,225.80084222436426,3.779595067988009,21794603.0,279200000.0
2019-08-13,6.561089172363281,3.8782596588134766,221.36467187351437,3.9242372099387484,218.70297241210938,3.7234277009853893,220.92105529661353,3.762446296724016,23121107.0,351956000.0
2019-08-14,6.640939178466796,3.7296409606933594,225.35718788651522,3.801216691834336,221.36463928222656,3.6859003414465756,224.02633835175234,3.7900329690302095,35216703.0,419880000.0
2019-08-15,6.601013946533203,3.6973321437835693,220.47741474643828,3.76841085147349,218.25933210311396,3.663035570542932,219.14656516044369,3.7485287319399343,27624412.0,477200000.0
2019-08-16,6.654248657226562,3.9654927253723145,223.5827548828125,4.014700771258872,220.033822265625,3.8988874095889505,221.3646719970703,3.960273686611413,25370715.0,1007960000.0
2019-08-19,6.707481994628906,4.244340419769287,224.46996622236946,4.260246404026832,222.25188355218796,4.062667581425049,223.13911662026055,4.0788219559597785,24060514.0,815112000.0
2019-08-20,6.774024353027343,4.172018527984619,225.80081176757812,4.239369251457154,224.02634566331423,4.150893508689046,225.35719524151216,4.238871996991967,19960494.0,463188000.0
2019-08-21,6.774024353027343,4.255523204803467,226.2444282936441,4.31069617189794,224.4699621893802,4.216504608676178,225.80081176757812,4.238126408697487,20269296.0,427244000.0
2019-08-22,6.760717163085937,4.261736869812012,228.46255505178857,4.30771418564645,225.35723876953125,4.222469408355069,228.01893844003752,4.265216229128919,21900840.0,303488000.0
2019-08-23,6.760717163085937,4.0370683670043945,225.8008553812823,4.239617799423632,224.47000554602917,4.017186246118449,224.9136221577802,4.185190475722338,14166877.0,568056000.0
2019-08-26,6.61432388305664,4.111874103546143,222.25192926971005,4.139957835662469,220.4774627685547,4.073601160157297,220.92107939384354,4.115850716403327,31678620.0,318208000.0
2019-08-27,6.654248657226562,4.021162033081055,222.69552172851562,4.152880879106426,220.47743884277344,3.9918358752522503,222.2519051513672,4.150147165076123,50234951.0,290968000.0
2019-08-28,6.707481994628906,4.010715007781982,224.46996622236946,4.063454814688066,222.25188355218796,3.9554874159420845,222.25188355218796,3.994793753601318,15132882.0,255612000.0
2019-08-29,6.760717163085937,4.154504299163818,225.35723876953125,4.186844541536207,222.69553909902498,4.098778982549888,224.47000554602917,4.102261785182241,19587767.0,357976000.0
2019-08-30,6.893801879882813,4.167191982269287,229.79339599609375,4.250531095931127,227.13169642857142,4.149031583849936,227.57531302315846,4.200776358715431,35184201.0,290616000.0
2019-09-02,6.853875274658203,,228.90612567790504,,227.13165958737864,,228.90612567790504,,14614854.0,
2019-09-03,6.760717163085937,4.084103107452393,228.90617166353962,4.1273895225199535,224.47000554602917,4.061216244668003,227.5753218282865,4.094302883593978,25762495.0,296140000.0
2019-09-04,6.853875274658203,4.198289394378662,228.90612567790504,4.205752748767597,225.35719349685223,4.144803207499048,225.35719349685223,4.144803207499048,22540733.0,227728000.0
2019-09-05,7.000269012451172,4.471441745758057,233.34230041503906,4.477660969755805,231.12421771147405,4.298793392441156,233.34230041503906,4.30053479414038,48791728.0,695676000.0
2019-09-06,7.013577575683594,4.4443254470825195,235.1167688243077,4.505025873462062,233.34230264450161,4.406263243914584,235.1167688243077,4.44805688676678,25408515.0,376976000.0
2019-09-09,,4.490347862243652,,4.576921145805216,,4.4739288648521,,4.475421630386702,,417524000.0
2019-09-10,6.960344696044921,4.5570197105407715,234.22957294529758,4.58363800922938,231.12425663731068,4.447808197098827,233.78595632987088,4.457510224858925,29308866.0,352812000.0
2019-09-11,7.000269012451172,4.585630416870117,234.67315003717806,4.633892414003733,231.12421771147405,4.542592627189319,234.22953349646505,4.571699196995933,36196015.0,361512000.0
2019-09-12,6.986961822509765,4.584135055541992,235.11681053524924,4.686878218448276,232.01149416968937,4.576174430762729,235.11681053524924,4.632148389282477,26017293.0,327840000.0
2019-09-13,,4.526171684265137,,4.554531858796533,,4.482387530190539,,4.517464675570811,,324592000.0
2019-09-16,7.066810913085937,4.483133316040039,235.56036376953128,4.51771271010622,232.0114317353387,4.440593297155696,232.45504823961278,4.451041706197594,32573966.0,231832000.0
2019-09-17,7.053503723144531,4.504528999328613,236.44764053056824,4.508758186109521,234.67317418512306,4.443330820817723,236.44764053056824,4.489851400911266,27600844.0,223048000.0
2019-09-18,7.106737518310546,4.477411270141602,239.109333481235,4.5132347928098495,236.44763403617486,4.390838468771139,236.89125061035156,4.497562179578609,47684759.0,258152000.0
2019-09-19,7.106737518310546,4.401784896850586,239.57303835311023,4.501791644039669,235.99732136276532,4.391087376802675,239.57303835311023,4.483382134932601,25233567.0,245476000.0
2019-09-20,7.079918975830078,4.296057224273682,238.2321221033732,4.4244241740315635,235.99729919433594,4.2858579229498295,237.78515752156574,4.400790929042631,43868865.0,350244000.0
2019-09-23,7.079918975830078,4.349540710449219,235.99729919433594,4.395066244634392,235.103370030721,4.292571752344677,235.99729919433594,4.29630366465242,13093208.0,249712000.0
2019-09-24,7.106737518310546,4.2920756340026855,237.33821523414466,4.410491402312988,234.20946286759286,4.256501223748165,235.5503567389722,4.380887578859484,24244943.0,317268000.0
2019-09-25,7.133554229736328,4.433876991271973,237.78514099121094,4.453530157435556,234.20942458532807,4.2467996702964514,234.6563891360634,4.291578844037722,21003163.0,308432000.0
2019-09-26,7.187190399169921,4.411734580993652,240.91390703685246,4.4328805058186855,238.23211957447563,4.360736199881351,240.46694245978966,4.4241734998602125,29940103.0,234564000.0
2019-09-27,7.294462280273438,4.272921562194824,243.59570727628818,4.420692564361207,242.25481347476733,4.212220656383386,242.7017780752743,4.369942797845441,41235817.0,362056000.0
2019-09-30,,4.330387115478516,,4.3405868892345865,,4.267447545796994,,4.298793249839596,,186184000.0
2019-10-01,7.509005126953125,4.328645706176758,250.74713548932758,4.502786819007096,244.04266662597655,4.323919247942462,244.04266662597655,4.3535230757948575,71743890.0,366008000.0
2019-10-02,7.495596771240234,4.304764270782471,251.19411958479498,4.318695485316212,249.4062610824121,4.232371302833428,250.30019033360352,4.306754308716889,29295953.0,293372000.0
2019-10-03,7.4151416015625,4.510499000549316,248.0653157846406,4.516718224594785,244.9365640540235,4.278891623782578,244.9365640540235,4.309241835701423,31890864.0,450588000.0
2019-10-04,7.4151416015625,4.526918888092041,250.3001384493671,4.556274086870078,245.8304931199141,4.447560302031375,249.85317391642178,4.512738561006378,35169613.0,265524000.0
2019-10-07,7.455370330810546,4.585630416870117,249.85323830474195,4.685388105396293,248.06537971222144,4.583142631250214,249.40627365661183,4.591849643671579,17510230.0,480984000.0
2019-10-08,7.683320617675781,4.408998489379883,256.1106872558594,4.493829882030506,252.5349708543814,4.390838093529533,253.4288999547509,4.493829882030506,35278551.0,444436000.0
2019-10-09,7.562642669677734,4.495571136474609,255.66380656357353,4.545077228987507,252.0880889892578,4.457011672618454,253.42898307962622,4.485869111500859,34777456.0,292412000.0
2019-10-10,,4.553287029266357,,4.604285418562708,,4.488108792132456,,4.493332996545902,,309124000.0
2019-10-11,,4.62692403793335,,4.710262671142756,,4.6184656667817015,,4.637372446592572,,446404000.0
2019-10-14,7.777184143066406,4.640357494354248,260.5803652533169,4.661254311634416,257.8985776177768,4.587119957905559,260.5803652533169,4.618216547761896,46683517.0,200040000.0
2019-10-15,7.871046752929687,4.8851494789123535,264.6030481393739,4.957791539013616,261.02733127262564,4.716730343233239,262.36822509765625,4.730662028722668,38018567.0,664124000.0
2019-10-16,7.9514987182617185,4.831415176391602,266.3908508197855,4.956050654664867,262.3681701866008,4.819971748238617,266.3908508197855,4.851068340162737,40297144.0,428944000.0
2019-10-17,7.871046752929687,4.833407402038574,264.1560835310304,4.9209752575303725,261.02733127262564,4.778925713340351,263.70911892268686,4.87594743719675,40271938.0,263436000.0
2019-10-18,7.857637023925781,4.738872051239014,264.15605694767555,4.866492593180883,260.1333758774064,4.664489052295337,261.9212341308594,4.833903233939169,45102984.0,307440000.0
2019-10-21,7.777184143066406,4.876193523406982,260.1334006473936,4.889627461429945,257.8985776177768,4.781410998123044,260.1334006473936,4.800317775972117,34634365.0,261868000.0
2019-10-22,7.884457397460937,4.866244316101074,262.81524658203125,5.038394930974208,260.58042305667385,4.8585323261352436,261.4743524668168,4.933163966679488,26005020.0,328720000.0
2019-10-23,7.857637023925781,4.853308200836182,262.3681986942226,4.867488051444691,259.68641131404314,4.752306421275951,262.3681986942226,4.784149400612267,28675408.0,279916000.0
2019-10-24,7.857637023925781,4.897341251373291,263.2621278209491,4.930925159797472,260.1333758774064,4.860522700776011,263.2621278209491,4.894604355956768,29040827.0,232020000.0
2019-10-25,7.871046752929687,5.088397979736328,263.2621543143433,5.109294799770854,261.4742958809692,4.970230827807668,263.2621543143433,4.977942817272271,22682711.0,423092000.0
2019-10-28,7.897865295410156,5.144372940063477,264.15610580573866,5.196863636412331,262.8152118676385,5.102827453548646,263.70914115970527,5.132182651519414,20076561.0,330792000.0
2019-10-29,8.00513671875,5.048097133636475,266.837890625,5.136909102127047,265.0500320613484,5.028693077241768,265.4969967022613,5.130440766997869,36682131.0,211236000.0
2019-10-30,8.031954345703125,5.050086498260498,267.7318115234375,5.080685818990656,265.0500237619339,4.9819227248531845,266.83788226960297,5.074963867485183,32370342.0,205960000.0
2019-10-31,8.00513671875,5.000829696655273,269.5196784704774,5.0500866903048225,266.837890625,4.920973855608309,268.1787845477387,5.029189870180112,40944514.0,209732000.0
2019-11-01,8.018543701171875,5.03988790512085,267.73175457090036,5.072228157495416,265.049967379873,4.940378414283747,267.73175457090036,4.965504423116154,30121678.0,283640000.0
2019-11-04,8.233087463378906,5.236665725708008,275.3301779284151,5.2491046467846765,269.07267388458746,5.097850877765169,270.4135676082648,5.120986369424761,44899671.0,376716000.0
2019-11-05,8.326950073242188,5.214526176452637,277.56500244140625,5.262539044273471,274.4362504010039,5.166512834135396,274.88321497820425,5.236418017130291,32201184.0,300868000.0
2019-11-06,8.340359802246093,5.165269374847412,278.4589580278304,5.216018665364577,275.3302056904391,5.077701059824666,276.2241349296938,5.190395383979894,22149743.0,269012000.0
2019-11-07,8.286724548339844,5.182930946350098,277.11808090456867,5.2665186934009105,273.98932837822673,5.138151779198008,277.11808090456867,5.251841098589784,28291659.0,280340000.0
2019-11-08,8.192860107421875,5.168999671936035,276.2240887281352,5.200594009333495,273.0953369140625,5.128449691014664,275.7771241832677,5.166014615593504,25651542.0,189100000.0
2019-11-11,8.072179870605469,5.178951263427734,272.64837879675173,5.202086756978427,268.1787332427066,5.081929569084432,272.64837879675173,5.1682537429777495,35165583.0,243436000.0
2019-11-12,8.179452209472656,5.214526176452637,272.6484069824219,5.2705001449711695,269.9666193727587,5.182185450421304,270.4135839743692,5.217262597225293,17540708.0,283504000.0
2019-11-13,8.15263458251953,5.188652038574219,271.7544860839844,5.210792507914568,269.5196630076358,5.122229681560682,270.86055685344496,5.183178724375189,18172438.0,300188000.0
2019-11-14,8.139224853515625,5.219003200531006,272.6483888327584,5.2212423487277215,269.9666014016166,5.137654600162007,272.2014242609015,5.197608635360057,15734835.0,518080000.0
2019-11-15,8.233087463378906,5.079690456390381,274.883213353856,5.268508674840804,272.2014259065013,4.991375777894328,273.0953550556195,5.216763902193945,28848445.0,1053628000.0
2019-11-18,8.340359802246093,5.280947685241699,278.0119934082031,5.307565980230092,274.4362764511844,5.069242133231355,275.7771703100664,5.072227189628587,18691325.0,574588000.0
2019-11-19,8.447632141113282,5.174224376678467,281.5877380371094,5.273484745733488,278.01202072870166,5.116011739152104,279.35291471935454,5.249851505290431,31634197.0,414564000.0
2019-11-20,8.407404785156249,5.253582954406738,280.69379080691783,5.337419344781461,278.9059322667464,5.138649970209123,280.69379080691783,5.151337528531729,22387973.0,472588000.0
2019-11-21,8.340359802246093,5.228705883026123,278.0119934082031,5.304830288315993,274.4362764511844,5.207062679061285,276.6710995493211,5.249105431945429,28108833.0,288388000.0
2019-11-22,8.286724548339844,5.246368885040283,277.5650455511889,5.297864553823019,275.3302223180876,5.2227351692761825,277.11808090456867,5.251343979599121,24737984.0,224100000.0
2019-11-25,8.233087463378906,5.503101825714111,277.56500080121066,5.508077394367964,274.4362487792969,5.361550076637497,277.56500080121066,5.374486270439708,19530177.0,506476000.0
2019-11-26,8.233087463378906,5.398369312286377,277.56500080121066,5.49016633558271,274.4362487792969,5.391900977308057,277.11803622665155,5.485439402406799,101224622.0,385244000.0
2019-11-27,8.340359802246093,5.433222770690918,278.4589580278304,5.478283805415998,274.8832410708118,5.406833650561391,274.8832410708118,5.443928185333021,18467648.0,215784000.0
2019-11-28,8.300133361816407,,278.90593525974356,,275.7771827808682,,277.1180767003862,,19077982.0,
2019-11-29,8.179452209472656,5.395878314971924,276.6710883969166,5.430732041933208,272.6484069824219,5.3719783451433765,276.22412379530607,5.402351421319828,30963561.0,141556000.0
2019-12-02,8.246498107910156,5.209410667419434,275.3302349307673,5.402352190161733,273.9893409294811,5.194224602016401,274.43630559657646,5.388908336508294,24016807.0,372036000.0
2019-12-03,8.233087463378906,5.169826507568359,274.4362487792969,5.173809519504258,272.6483904810604,4.988337349250284,272.6483904810604,5.02568069780475,24690319.0,465232000.0
2019-12-04,8.206268920898438,5.213643550872803,273.54229736328125,5.275882636101379,271.7544392105801,5.185013628649242,272.64836828693063,5.253476527431369,25492686.0,273424000.0
2019-12-05,8.367176513671875,5.196713924407959,278.9058837890625,5.251235319724419,276.2240964449369,5.166092026105693,276.2240964449369,5.235551141258288,34521842.0,184884000.0
2019-12-06,8.393995971679686,5.282105922698975,282.48165357303316,5.3149686236701905,278.01200715573833,5.255965623473962,281.58772428957417,5.265924104043389,17695703.0,232236000.0
2019-12-09,8.474448852539062,5.282105922698975,282.9285930198959,5.336876616137845,280.6937700102601,5.250488744068671,280.6937700102601,5.259202177143675,23256081.0,211880000.0
2019-12-10,8.407404785156249,5.32716703414917,282.03468471204644,5.378949989630973,279.3528969017893,5.259450605909491,281.58772007700355,5.312229314404951,20570594.0,256388000.0
2019-12-11,8.554902648925781,5.410816669464111,285.1634216308594,5.416294024001329,279.79984630237925,5.335134207547751,280.6937755237926,5.337623827819846,31223148.0,233796000.0
2019-12-12,8.890125732421875,5.578364849090576,299.019311965321,5.596538651300319,289.6330555359163,5.3729761446149515,290.5269847196691,5.381938398499066,52742851.0,404348000.0
2019-12-13,9.091258850097656,5.576372146606445,306.61767803180885,5.700601475750507,302.14803257945016,5.522348390754258,303.93589076039365,5.58135138651702,58198939.0,454704000.0
2019-12-16,9.010806884765625,5.605250835418701,302.5950526282901,5.677697208504589,300.3602294921875,5.595790469608111,300.807194119408,5.623922747500417,102188.0,320976000.0
2019-12-17,9.252166442871093,5.6834235191345215,308.4055480957031,5.706078443780751,299.4662568465523,5.61446251732101,299.4662568465523,5.623922883360138,40813458.0,321196000.0
2019-12-18,9.238756713867188,5.713796138763428,308.4055216530411,5.774292527729805,305.2767699840972,5.709812651792745,305.2767699840972,5.7182772648264075,39682841.0,343548000.0
2019-12-19,9.049661865234375,5.86192512512207,307.958642578125,5.875368978519041,301.6553955078125,5.7434219640030655,306.15771484375,5.748401204138719,54888012.0,445360000.0
2019-12-20,8.887576904296875,5.9592671394348145,299.8544183516575,5.984660503995179,295.80233161717564,5.909226868961521,298.9539546328837,5.928396420867983,86280459.0,603044000.0
2019-12-23,9.02264923095703,5.9455742835998535,300.7549743652344,6.020012163298217,296.70288638725964,5.93486934515865,296.70288638725964,5.987896873128154,26639340.0,355060000.0
2019-12-24,8.968617553710937,5.9405951499938965,301.2050774815571,5.957773195592669,298.95391845703125,5.895782939709527,300.75484567665194,5.930139030907072,13488907.0,138864000.0
2019-12-25,8.995631103515624,,301.20506547807577,,298.0534429693365,,298.953906543262,,12262954.0,
2019-12-26,8.995631103515624,5.95478630065918,300.754833691113,5.982918106157011,298.5036747562993,5.925160153254967,299.8543701171875,5.944080886525282,11427884.0,182852000.0
2019-12-27,9.130703430175782,5.897027969360352,304.3567810058594,5.983415836185738,301.6553894584701,5.8706383773304225,301.6553894584701,5.969971983202359,16677806.0,254644000.0
2019-12-30,9.036154174804688,5.783753395080566,305.2572262340597,5.88034857016189,300.7549072630559,5.752385035074509,304.3567624398589,5.8751205101608805,21531263.0,258056000.0
2019-12-31,8.941606750488281,5.857942581176758,300.3047181558753,5.867402948252175,298.0535583496094,5.729232109944443,298.0535583496094,5.74840166366801,22890517.0,231004000.0
2020-01-02,9.157715148925782,5.972710132598877,305.2571716308594,5.972710132598877,299.4041580155184,5.8932934905146945,299.4041580155184,5.943831396827032,31754120.0,237536000.0
2020-01-03,9.171222839355469,5.877111911773682,310.6599783581381,5.920928372082976,302.105573156972,5.828067391556445,309.7595146527522,5.852963118433237,41811268.0,205384000.0
2020-01-06,8.968617553710937,5.901757717132568,301.2050774815571,5.906985776484988,298.95391845703125,5.757612380789321,299.8543820668416,5.783752677551418,45343057.0,262636000.0
2020-01-07,8.901083679199218,5.973208427429199,299.8544122583045,6.019016389767921,294.00139820521446,5.885077875706448,299.4041804080668,5.930138904576814,50879181.0,314856000.0
2020-01-08,8.901083679199218,5.984411239624023,299.8544122583045,6.025738074340732,292.65070265450134,5.928894094117327,292.65070265450134,5.96897588148792,37567748.0,277108000.0
2020-01-09,9.117195739746093,6.050136089324951,303.9065246582031,6.122582464697482,300.3046695511429,5.996361626623483,301.65536521629053,6.070799508067486,31481504.0,255112000.0
2020-01-10,9.171222839355469,6.082501411437988,307.0581235365945,6.187810032199755,302.55580500966494,6.068311096870706,306.6078916839015,6.157437421750447,27032115.0,316296000.0
2020-01-13,9.225249023437499,6.273201942443848,307.95853255398976,6.298346491392246,305.2571419175513,6.142997596036701,307.95853255398976,6.165652999410958,30663332.0,319840000.0
2020-01-14,9.34681365966797,6.156191349029541,311.5604553222656,6.255773770874894,310.2097597067067,6.142996316064619,311.11022345041266,6.23037993278298,30223993.0,359088000.0
2020-01-15,9.184729614257812,6.113619327545166,310.6599722469554,6.191293757279299,303.9064945894129,6.087727850967122,310.6599722469554,6.168887653515744,47434274.0,263104000.0
2020-01-16,9.036154174804688,6.197268486022949,303.00606674855777,6.203243478428543,297.1530520862528,6.143742848739055,297.1530520862528,6.167144704474955,55211420.0,284192000.0
2020-01-17,8.995631103515624,6.2059831619262695,302.10552905200126,6.223908142736829,298.953906543262,6.158432507514532,300.754833691113,6.2164392820208025,52060097.0,253792000.0
2020-01-20,8.995631103515624,,302.10552905200126,,299.8543701171875,,300.754833691113,,32658203.0,
2020-01-21,,6.172623634338379,,6.206232797136268,,6.138516357526799,,6.169387080365726,,217916000.0
2020-01-22,,6.2266459465026855,,6.313282632634154,,6.199011781976635,,6.217932513980639,,239240000.0
2020-01-23,,6.295108795166016,,6.303573408091197,,6.17785068616054,,6.2667281721820425,,244516000.0
2020-01-24,,6.235856533050537,,6.460415187700572,,6.1815839653772775,,6.410623745370788,,373512000.0
2020-01-27,,5.979929447174072,,6.030965461207204,,5.781511088686771,,5.931133758359897,,470536000.0
2020-01-28,,6.173370361328125,,6.205734475431908,,5.992627631927192,,6.045904461515001,,310976000.0
2020-01-29,,6.112873554229736,,6.195029118957247,,6.0730401070818205,,6.158930339419549,,258848000.0
2020-01-30,8.549903869628906,6.119594573974609,293.55120184297243,6.13303842672881,284.9967956542969,5.960013876482431,293.55120184297243,6.015032910357498,125451049.0,290504000.0
2020-01-31,8.644451293945313,5.886074542999268,291.29999933242794,6.0857375351322744,287.2479127883911,5.844250061046363,290.84976749420167,6.073787547475294,62526055.0,370420000.0
2020-02-03,8.509383544921874,5.9831671714782715,284.99681396484374,6.002585543127391,280.9447265625,5.861676276932812,283.6461181640625,5.867900089648736,59560849.0,255564000.0
2020-02-04,8.779520874023437,6.152457237243652,303.4562599534255,6.171627264734755,292.65069580078125,6.075032093142522,303.006028113732,6.125072365542695,51890496.0,271544000.0
2020-02-05,8.8470556640625,6.242828369140625,296.70278283039124,6.2836570930732725,292.2004644262882,6.159427759888117,296.25255098998093,6.273449793378493,36601453.0,208220000.0
2020-02-06,8.982127075195312,6.329713821411133,299.40423583984375,6.329713821411133,296.2526123046875,6.196024598039428,296.7028442382813,6.277184406097356,29267094.0,218284000.0
2020-02-07,8.86056427001953,6.263491630554199,297.6033019554324,6.311789213380991,293.55121463682593,6.238097791730746,297.1530700311428,6.289631928007941,28798327.0,189752000.0
2020-02-10,8.8470556640625,6.546803951263428,295.3520873091603,6.547550409885807,289.048841543416,6.2811672485299805,289.4990733838263,6.286146488424555,30632424.0,529608000.0
2020-02-11,8.955111694335937,6.669290065765381,299.4041868644243,6.78405902773847,297.15302756469174,6.593109500399379,297.6032594246383,6.6550997545095365,27524935.0,638556000.0
2020-02-12,9.049661865234375,6.785054683685303,302.555859375,6.791527790373585,299.85446777343753,6.6832314618840165,300.30469970703126,6.722068677474387,37612639.0,374644000.0
2020-02-13,9.049661865234375,6.741239070892334,304.35678710937503,6.808457391836427,301.6553955078125,6.69966341067828,304.35678710937503,6.727048758065837,22757021.0,528016000.0
2020-02-14,9.049661865234375,7.214505195617676,303.4563232421875,7.343464481568788,301.2051635742188,7.120150822834176,303.4563232421875,7.151519182292056,16933683.0,1041924000.0
2020-02-17,8.955111694335937,,299.85441872437076,,297.6032594246383,,298.50372314453125,,15937079.0,
2020-02-18,8.69847930908203,7.383297920227051,294.00139693739993,7.401721015700728,289.9493103027344,7.091770169873817,292.20046954421525,7.111188543663717,61825604.0,620164000.0
2020-02-19,8.820042114257813,7.834654808044434,294.45163566741246,7.852330967951495,289.9493170792257,7.505783739325234,290.39954893804435,7.505783739325234,38781218.0,694332000.0
2020-02-20,8.793029479980468,7.685281276702881,296.2526061355427,7.874985762914749,292.6507507417975,7.3778200907806335,295.35214228710635,7.786606389380054,27011736.0,810052000.0
2020-02-21,8.779520874023437,7.32105827331543,294.0013913198618,7.598146869223025,290.8497684420072,7.236164268428729,293.10092764047477,7.573002323123498,22813534.0,768180000.0
2020-02-24,8.644451293945313,6.803477764129639,289.4990719795227,7.017331521390516,287.6981446266174,6.672028863906741,287.6981446266174,6.726550261165262,41693680.0,856916000.0
2020-02-25,8.69847930908203,6.523900032043457,291.3000058476229,6.940652838446092,285.8972236680688,6.422076803304993,288.1483829095497,6.878662580999284,36195011.0,1055496000.0
2020-02-26,8.60393096923828,6.663315773010254,288.598626440698,6.85750187414254,284.9967715085208,6.522655793674137,285.4470033750429,6.524149185910407,60479362.0,747732000.0
2020-02-27,8.536396179199219,6.292397499084473,288.1483942345728,6.6511091252555685,283.6460755746576,6.199979396341777,287.2479305025897,6.349691581873263,61250927.0,906416000.0
2020-02-28,,6.727583885192871,,6.787120105658989,,6.023114625562157,,6.0398045327192005,,1133252000.0
2020-03-02,8.401327514648438,6.886015892028809,285.4470334559008,6.914912380433257,277.34285900447145,6.501646698640719,277.34285900447145,6.897724058480557,79912942.0,890744000.0
2020-03-03,8.576916503906249,6.623459339141846,288.14837598425197,7.001601002494389,284.54652128444883,6.538016139994308,286.7976804718258,6.9418158024702805,49679411.0,652792000.0
2020-03-04,8.657958984375,7.08729362487793,289.9493284418877,7.096759651124031,285.4470096772621,6.656092206544067,289.9493284418877,6.730824067718114,42941146.0,597408000.0
2020-03-05,8.725492858886719,6.807796955108643,293.55115294087415,7.054660044424946,290.8497619628906,6.7632069060369,292.6506892815463,6.887759521157765,37861525.0,540328000.0
2020-03-06,8.509383544921874,6.627193927764893,288.5986694335938,6.685733794423419,283.6461181640625,6.426913159366451,288.1484375,6.6281902762194,51546760.0,515412000.0
2020-03-09,8.25274932861328,6.114038944244385,279.1437307005038,6.461789823842316,275.0916442871094,5.933188588387212,276.89257158195136,5.9760344334404065,87871277.0,614160000.0
2020-03-10,8.293270568847657,6.50363826751709,278.243279671436,6.50363826751709,271.0395701653794,6.127738816135804,271.48980200950797,6.39054439313937,71950130.0,580648000.0
2020-03-11,8.158201904296874,6.139695644378662,279.5940056605055,6.3920393311305235,271.9400634765625,6.042544769375787,278.24330998098617,6.3636412587878715,62216710.0,499964000.0
2020-03-12,7.942091674804687,5.388394832611084,269.2387087036963,5.881871994131221,258.43314179920014,5.375690318882319,269.2387087036963,5.616325848711314,113527351.0,816540000.0
2020-03-13,7.834034729003906,5.999449253082275,264.73634601461475,6.00393305903967,245.3763751325936,5.470599140720756,247.6275345374798,5.741874390012752,149995148.0,634836000.0
2020-03-16,7.4693458557128904,4.892426490783691,262.03491790385186,5.632269316720152,248.07773155502127,4.832641293508207,256.6321360914013,5.291243916139393,103873228.0,726972000.0
2020-03-17,7.239727935791016,5.412309169769287,248.9782057520169,5.501738236486458,238.62287350554962,4.7579100022747225,238.62287350554962,5.004773092090757,121323651.0,833632000.0
2020-03-18,7.023616333007812,5.052351951599121,245.376339839055,5.229714841006499,234.12054443359375,4.500833296746045,242.6749489417443,4.984595491641853,117437643.0,874268000.0
2020-03-19,6.764493713378906,5.30519437789917,230.02915450065368,5.398857808850324,214.1180469759049,4.817446285131416,229.1199483563823,5.030929082517872,160811697.0,765512000.0
2020-03-20,7.3645697021484375,5.125339984893799,245.48565673828125,5.737391205016616,232.75677083333332,5.1098953931564095,235.0297861735026,5.455404109446859,157664726.0,804636000.0
2020-03-23,6.955426483154296,5.298218727111816,238.66659501019646,5.3926300088870525,229.1199312097886,4.9452366741726435,233.66596159093518,5.124343294062522,76466709.0,643876000.0
2020-03-24,7.296378936767578,6.2072038650512695,249.1224708628432,6.293892852764126,241.84882207852658,5.680844778776686,243.66723427460573,5.704509604298954,81952933.0,1101644000.0
2020-03-25,7.5555029296875,6.118521690368652,254.57771604241876,6.522071828479255,249.12247927008121,6.069696811294183,251.39549459188854,6.322289456486441,79447199.0,793432000.0
2020-03-26,7.637331390380859,6.407983303070068,254.5777130126953,6.532037508762165,250.48628548213415,6.227630880895632,254.1231099537441,6.325778119316937,52845633.0,696108000.0
2020-03-27,7.446397247314453,6.29563570022583,260.03291974748885,6.554455884654621,248.21324157714844,6.194747926352193,258.2145077212826,6.227629804115837,68752306.0,638828000.0
2020-03-30,7.296378936767578,6.615984916687012,244.57644037264532,6.6252019724010545,238.66660073538807,6.317058490878093,239.57580683342766,6.361150122055343,49159956.0,602252000.0
2020-03-31,7.473674926757813,6.566413879394531,249.12249755859375,6.860358120752145,245.0310696789818,6.420687075782608,248.21329136312443,6.656091437255974,48837923.0,949960000.0
2020-04-01,7.405482788085937,6.054999828338623,251.39545621924637,6.514848189437462,246.84942626953125,6.010410260329123,251.39545621924637,6.368374496985527,44515034.0,656912000.0
2020-04-02,,6.363892078399658,,6.377094531290268,,6.0360695713364985,,6.084146607383649,,675764000.0
2020-04-03,,6.075925350189209,,6.367876401006353,,5.9384192631641755,,6.326275876639064,,663212000.0
2020-04-06,7.514588928222656,6.685983657836914,250.48629760742188,6.722851406371749,245.4856637168926,6.3006176899892115,248.21328220263584,6.358161215896839,56392754.0,727884000.0
2020-04-07,7.719160766601562,6.452572345733643,258.2145651018662,6.931352788830368,255.03234334885022,6.409477059969126,257.75996199429244,6.907687489351205,48787346.0,784520000.0
2020-04-08,7.773711547851562,6.649863243103027,259.578321276213,6.674773858148314,257.30530620374174,6.4916813839654885,259.12371826171875,6.561679979428818,37912826.0,542444000.0
2020-04-09,7.719160766601562,6.550220966339111,261.8513899624558,6.798578775252152,256.85075577914506,6.487197288879559,261.3967868548821,6.775661333519829,27620430.0,525564000.0
2020-04-10,7.623694152832031,,256.39615397717745,,253.66853531784577,,254.57774153762298,,27252858.0,
2020-04-13,7.596417846679687,6.722104549407959,255.9415468390583,6.730823194143778,253.21392822265625,6.402004378020009,253.21392822265625,6.490436617557893,22196596.0,398408000.0
2020-04-14,7.773711547851562,7.073342800140381,259.578321276213,7.10746999844819,254.5776881167763,6.822742820852914,255.48689414576478,6.850393515337179,48809688.0,530948000.0
2020-04-15,7.8419036865234375,6.995870113372803,262.3059957753057,7.0788221878320385,260.03298021399456,6.8598587965195525,260.942186438519,6.905195743760487,55216434.0,366148000.0
2020-04-16,7.814625549316406,7.341129779815674,262.3059303057339,7.448245087559346,257.3052973189695,7.1381093920163785,257.3052973189695,7.151311841654752,47815280.0,745620000.0
2020-04-17,8.36014892578125,7.281843662261963,280.4900428062551,7.444758304058999,273.2163950187347,7.147825031273744,275.94401293905486,7.4233351455447885,116368201.0,539120000.0
2020-04-20,8.291960449218749,7.150566577911377,280.94471258866156,7.311239587083326,275.034872356214,7.106225966392318,280.03550639905427,7.155299828792219,41381669.0,449388000.0
2020-04-21,8.046475524902343,6.713635444641113,274.12569161107984,7.093769812878214,266.85204141907775,6.6538502434495745,273.2164853370796,7.03249032612653,61479357.0,735160000.0
2020-04-22,8.019197387695312,7.128146171569824,268.21578564287046,7.1709924920239825,264.12435840425036,6.860358331688174,267.7611826163571,6.9059442547476095,42192580.0,483356000.0
2020-04-23,8.060113220214843,7.0748372077941895,272.76186870439403,7.302270303040195,267.3066313303062,7.049677622078282,272.76186870439403,7.1702448389106745,39474478.0,424160000.0
2020-04-24,8.019197387695312,7.213837623596191,270.0341977489238,7.215830320819517,267.30657958984375,6.9898919999060425,268.6703886693838,7.0646238473465095,26008090.0,352328000.0
2020-04-27,8.128301696777344,7.400416851043701,271.3979928957536,7.560342428567096,269.12497787987627,7.323692313741811,270.9433898925781,7.3483539588186595,38493406.0,479388000.0
2020-04-28,8.087389526367188,7.25792932510376,271.3980633637555,7.5777805138514305,267.761238394057,7.252449170122795,271.3980633637555,7.5478876795678005,37395165.0,442904000.0
2020-04-29,8.155578002929687,7.4347944259643555,274.12561514864,7.487604705021067,270.9433940772628,7.317465702266758,271.85260009765625,7.392695488719577,44059301.0,379160000.0
2020-04-30,8.305597229003906,7.280847549438477,277.3078439897309,7.434794583415721,274.125622829193,7.266897717897561,274.58022585212694,7.380738511064173,55126085.0,375916000.0
2020-05-01,,7.044197082519531,,7.19664934907171,,6.995870611068839,,7.083306497775557,,342096000.0
2020-05-04,8.046475524902343,7.256185531616211,269.57966024107856,7.269886394077095,267.30664455607786,6.996866918863015,267.761247693078,6.996866918863015,71581861.0,317556000.0
2020-05-05,8.060113220214843,7.3172173500061035,270.94345624636475,7.479883038948162,268.2158375593208,7.256186358037718,269.57964690284274,7.360312639521299,23547405.0,368896000.0
2020-05-06,8.073751831054688,7.418104648590088,269.12506103515625,7.522978310145172,265.942839029673,7.358817860949105,267.7612516042348,7.396681963214574,34240479.0,323464000.0
2020-05-07,8.114664916992187,7.594470500946045,271.85263979615286,7.65774315277696,267.7612121069131,7.506038264433992,267.7612121069131,7.557353782427627,27621198.0,373732000.0
2020-05-08,8.114664916992187,7.784538745880127,272.76184594931726,7.790766281850724,269.1250213366597,7.632335429116502,272.76184594931726,7.666213661916641,32295893.0,339216000.0
2020-05-11,8.210131530761718,8.036633491516113,274.1256541001836,8.083465208101732,271.3980356514256,7.75090946645462,272.76184487580457,7.779556511968252,28727019.0,469060000.0
2020-05-12,8.046475524902343,7.77457332611084,271.3980727890791,8.143248920511974,268.2158508300781,7.7648583332135,270.4888665150788,8.09442451252397,52089788.0,493060000.0
2020-05-13,8.101027221679686,7.752154350280762,270.03424072265625,8.049585556938084,265.942812832919,7.567567108250094,266.3974159317787,7.889162025835023,26156418.0,625852000.0
2020-05-14,7.991919250488281,8.001758575439453,268.2157200106989,8.007238730832906,265.94270543433703,7.659985790781881,266.3973083496094,7.813683861495133,34315948.0,602312000.0
2020-05-15,8.128301696777344,8.46036148071289,271.3979928957536,8.470075999600581,267.7611688703499,7.845818621219712,270.48878688940266,7.861512182740812,42494804.0,987660000.0
2020-05-18,7.910092163085937,8.7189302444458,266.85195975468076,8.884585416754382,263.66973876953125,8.649430066662195,264.57894476528827,8.72914364802285,84986065.0,774460000.0
2020-05-19,7.951007995605469,8.773983001708984,267.30661528965214,9.054973244527357,265.0335998535156,8.73138565707081,267.30661528965214,8.758787379916113,51250214.0,717320000.0
2020-05-20,8.019197387695312,8.937895774841309,267.30657958984375,9.01063445521987,264.57896143076374,8.856936386340116,266.3973735368171,8.95882052259999,32677994.0,587536000.0
2020-05-21,8.114664916992187,8.743841171264648,270.94343364298845,9.02009814865072,268.2158151834953,8.70622604661473,269.1250213366597,9.019102275302064,30997468.0,761068000.0
2020-05-22,7.964646606445312,8.993942260742188,268.21583891568116,9.060453867243362,264.57901398123124,8.682062854228514,267.7612357988749,8.793661486484568,40192923.0,1038764000.0
2020-05-25,7.964646606445312,,266.3974264484562,,262.3059983972001,,264.12441086442504,,26803223.0,
2020-05-26,8.060113220214843,8.68654727935791,270.4888531318574,9.14888724341948,266.85202821579884,8.640961360921684,268.2158375593208,9.123976152537182,33856481.0,770780000.0
2020-05-27,8.087389526367188,8.494738578796387,270.9434602425432,8.601852962248168,268.6704446364816,7.968129524399917,270.03425400011855,8.594131140405484,23375959.0,1175892000.0
2020-05-28,8.019197387695312,8.456624031066895,271.3980068284638,8.72914461818836,266.3973735368171,8.349258797404328,271.3980068284638,8.382140677126644,28444568.0,734896000.0
2020-05-29,7.964646606445312,8.843730926513672,265.94282333164995,8.843730926513672,263.6698077476188,8.4546286065402,265.48822021484375,8.523879809123025,79774181.0,745256000.0
2020-06-01,8.060113220214843,8.774730682373047,269.57964690284274,8.809107323144048,266.85202821579884,8.658398784434446,267.3066313303062,8.801634470893298,35811214.0,389876000.0
2020-06-02,8.087389526367188,8.793661117553711,270.4888571213309,8.805618249116755,269.12504775769395,8.627010081176266,269.12504775769395,8.764765587348746,24771587.0,391320000.0
2020-06-03,8.210131530761718,8.73811149597168,273.6710510253906,8.834515461445866,270.9434325766326,8.668860284656779,272.76184487580457,8.79067327558995,65176337.0,365440000.0
2020-06-04,8.346512145996094,8.739109992980957,278.2170715332031,8.915306978531444,276.39865930096,8.650387369194227,277.30786541708153,8.70072950087931,46572451.0,424280000.0
2020-06-05,8.496529541015624,8.892131805419922,283.67225433888444,8.968890903865155,280.035430565309,8.680794251962174,280.49003353700596,8.767024172041188,42981262.0,481748000.0
2020-06-08,8.673826904296874,8.77748966217041,290.0367696510171,8.861974090615535,286.3999449531987,8.658611954317422,287.3091511276533,8.849513336180427,50302921.0,387736000.0
2020-06-09,8.701101379394531,9.017736434936523,290.0367126464844,9.08128752224403,285.4906826676994,8.723908082117857,287.7636976570919,8.77250569279575,36417082.0,468488000.0
2020-06-10,8.796570739746093,9.337485313415527,294.582834075218,9.470319237439279,289.1275964071584,9.124901408711025,290.03680268516837,9.139107640517436,39984259.0,632180000.0
2020-06-11,8.742017211914062,8.768768310546875,297.3104137593238,9.232314717335791,289.58216141389795,8.758550243247772,295.9466045218957,9.121412370600636,50104255.0,583652000.0
2020-06-12,8.619273376464843,8.90459156036377,288.6729216273827,9.158545881211754,284.12689136553416,8.676057865010044,284.581494391719,9.133873452443774,45992918.0,570908000.0
2020-06-15,8.441978759765625,9.145085334777832,288.6729408966705,9.15355887428143,280.49008587912715,8.716428622144837,287.30913172708,8.787705986751893,51032404.0,400004000.0
2020-06-16,8.5919970703125,9.04016399383545,288.218314422123,9.237795307039578,285.49069630456347,8.811132193603553,288.218314422123,9.196175805356162,36608216.0,535716000.0
2020-06-17,8.5919970703125,9.20714282989502,288.218314422123,9.26994571703587,285.0360932849702,9.04191020211945,287.76371140252974,9.085275186891518,34522968.0,408304000.0
2020-06-18,8.6469873046875,9.18919849395752,288.69115007700714,9.25349681727253,286.85819039397853,9.086021517736866,288.23291015625,9.198170198260504,29044474.0,254408000.0
2020-06-19,8.6469873046875,9.232315063476562,288.23291015625,9.415491134255847,285.9417105524642,9.198421843255298,287.77467023549286,9.213624403760143,48130280.0,524160000.0
2020-06-22,8.578250427246093,9.49698543548584,290.06583976745605,9.501471764136639,285.9416809082031,9.244277454137361,288.2328802744547,9.270944442621131,37374616.0,398468000.0
2020-06-23,8.660733032226561,9.420475959777832,290.0658206031436,9.612374662100256,286.399901859344,9.378109195331302,289.6075807601687,9.5211602465446,41300084.0,375108000.0
2020-06-24,8.729469909667968,9.206645965576172,293.27352977362204,9.526643167748633,289.60761065145175,9.115929720649811,292.35704999307944,9.446643154184446,54147024.0,449372000.0
2020-06-25,,9.460349082946777,,9.475302558986806,,9.153560872339522,,9.326518847354496,,376072000.0
2020-06-26,,9.126394271850586,,9.470316560505507,,9.096488275222395,,9.470316560505507,,592084000.0
2020-06-29,8.578250427246093,9.171256065368652,288.6911201477051,9.175742393811863,284.1087214152018,8.872193171245764,287.7746404012044,9.141100979144838,56580892.0,342248000.0
2020-06-30,8.60574462890625,9.468074798583984,287.7746340230631,9.496485355556365,285.0251948444988,9.237547523576156,287.31639415996904,9.284898768761654,48991860.0,367892000.0
2020-07-01,8.729469909667968,9.500226020812988,291.4405702125369,9.545833704295624,287.7746510903666,9.383591925953374,288.6911308709092,9.491005231575333,29532342.0,326648000.0
2020-07-02,8.853194274902343,9.582218170166016,295.1064758300781,9.707076706818132,291.44055687566726,9.548324003014164,292.35703661426993,9.608884205576155,34526178.0,364056000.0
2020-07-03,9.059402160644531,,302.89655175447825,,299.23063282250274,,299.68887268899965,,53341987.0,
2020-07-06,9.293104248046875,9.80850887298584,309.7701416015625,9.877791703923002,304.27126334828034,9.682154885234517,304.72950320272054,9.711313644053247,57256220.0,315892000.0
2020-07-07,9.306853637695312,9.84090518951416,317.10205402684176,10.03853556670386,309.77021462737724,9.819970896144344,314.8108542145091,9.91517249486187,59046323.0,357800000.0
2020-07-08,9.375587768554688,10.184080123901367,313.89431189931383,10.193052779530584,309.31191318545524,9.934363074863974,309.31191318545524,9.962524550287647,30720218.0,365480000.0
2020-07-09,9.485565490722657,10.476164817810059,318.01847587253735,10.536974096124025,314.3525568423064,10.201525311420838,317.1019961149796,10.34781724484602,35522376.0,494548000.0
2020-07-10,9.581798400878906,10.44650936126709,323.5174400296752,10.621959122432155,316.64384002904467,10.346323249550977,323.05920002963313,10.555667179121489,60902108.0,497676000.0
2020-07-13,9.746760864257812,10.020845413208008,324.89202880859375,10.758533331805513,321.2261102888917,9.993680256630094,321.68435010385446,10.56190015128594,48069523.0,457076000.0
2020-07-14,9.994212341308593,10.34457778930664,333.59865128256104,10.370247495307975,324.89209307601067,9.754925600042307,325.3503329816186,10.043521317344755,61764150.0,542676000.0
2020-07-15,9.980463867187499,10.195298194885254,339.0974867639463,10.40040490539705,330.8491695183368,10.024333788653577,335.4315679881198,10.38171424457375,73438362.0,403984000.0
2020-07-16,9.829246215820312,10.1030855178833,330.849219945094,10.174860113532711,323.9756211927721,9.86458284413787,329.01626027780816,9.983709640008557,68220512.0,344964000.0
2020-07-17,10.090441589355468,10.169625282287598,338.18101239529227,10.216478362014545,329.93269501979734,10.056231189305604,330.8491747281857,10.19355046144488,65727485.0,266284000.0
2020-07-20,10.06294921875,10.477910041809082,339.0975601946721,10.498346174165164,332.22396100153685,10.12501598775028,339.0975601946721,10.242149175102721,42769238.0,284852000.0
2020-07-21,10.530352478027343,10.29622745513916,354.677668319981,10.527004735947589,340.4722319919198,10.254607952452272,341.3887117550205,10.480150709486338,64219128.0,277036000.0
2020-07-22,10.557847595214843,10.406133651733398,353.76121282577515,10.56937169902662,347.34585404396057,10.259343569870337,349.1788136959076,10.335106315437658,43759670.0,367292000.0
2020-07-23,10.489112548828125,10.098100662231445,351.01180482316926,10.514046678748416,347.34588519055126,9.99990816657194,350.09532491501477,10.417349625754085,45209282.0,411660000.0
2020-07-24,10.6128369140625,10.162647247314453,362.0095493138763,10.332365240227878,350.0953109820272,9.746452182685061,357.42714995547277,9.84414555570648,86682734.0,473292000.0
2020-07-27,11.671367797851563,10.38893985748291,389.04559326171875,10.409125958261702,381.7137564040185,10.185825834067124,385.3796748328686,10.20028114713365,99333798.0,292132000.0
2020-07-28,11.960061035156249,10.18358325958252,427.5378140153556,10.349563149486743,392.7115826486171,10.177353357077523,425.2466145833333,10.341837804186026,166307746.0,271636000.0
2020-07-29,11.602633666992187,10.432802200317383,395.46101321541306,10.483393419997173,384.4632561850887,10.314672676827165,392.2533340815684,10.358285797240777,85663166.0,284508000.0
2020-07-30,11.932566833496093,10.580839157104492,404.16758629583546,10.58981086361052,392.7115889518492,10.263084642710545,400.0434272520004,10.3425855418162,69293949.0,308880000.0
2020-07-31,11.698864746093749,10.581584930419922,395.919276953584,10.732861361908311,389.962158203125,10.400402497842242,390.42039810700646,10.53024551881602,49897674.0,386080000.0
2020-08-03,11.437667541503906,10.975848197937012,388.58742288442755,11.064071699552102,380.339104945843,10.681769859220042,385.3797436860891,10.698966021864186,76429571.0,412720000.0
2020-08-04,11.698864746093749,11.192667007446289,389.962158203125,11.192667007446289,383.5467995487845,10.871922676230808,386.2962389720733,11.015472779503037,41223445.0,310336000.0
2020-08-05,11.795096740722656,11.251484870910645,397.29405105697526,11.336219330060835,390.4204515577196,11.131361755908749,394.544611257273,11.20886903469722,47223834.0,249924000.0
2020-08-06,11.960061035156249,11.300084114074707,401.4181404903017,11.322513855059716,395.00278208063935,11.143824123939499,400.95990060389727,11.314289394869773,41029627.0,244316000.0
2020-08-07,11.905074462890624,11.164509773254395,397.75229537294314,11.468806255836137,392.25341571340937,11.003016202313317,397.2940554013153,11.27715664659348,36589460.0,342516000.0
2020-08-10,11.97380859375,11.130117416381836,400.95991272603334,11.372607329678777,391.7951147208668,10.822580966628541,391.7951147208668,11.29883911936316,36067500.0,427796000.0
2020-08-11,11.795096740722656,10.816100120544434,398.6687709568264,11.101954025391928,393.1698913574219,10.762018906920753,395.91933115712413,11.03915018871517,34545313.0,354512000.0
2020-08-12,11.520150146484374,11.404505729675293,388.1291636464704,11.43117176234123,384.0050048828125,10.924011372164447,386.7544440585844,10.956410093231952,52143474.0,464412000.0
2020-08-13,11.795096740722656,11.407247543334961,393.1698913574219,11.685127040311041,389.0457316578685,11.320270388994432,392.2534114241878,11.509925420217614,44352335.0,374460000.0
2020-08-14,11.740105590820312,11.527868270874023,392.25333277682233,11.668178427339903,387.67093402942953,11.40475427741813,388.5874137789081,11.49397410879795,23419955.0,366436000.0
2020-08-17,11.960061035156249,12.298453330993652,398.668701171875,12.370976117208542,389.9621433301904,11.780327630732051,391.3368629894037,11.814220843612171,34137731.0,621300000.0
2020-08-18,11.905074462890624,12.222442626953125,403.7094150041047,12.4569580890922,395.91933548643186,12.048488317284814,403.2511750324769,12.411101331228595,41643160.0,503448000.0
2020-08-19,11.753853149414063,12.10057544708252,400.0434229800576,12.2765233703233,391.79510498046875,12.06020134386817,399.58518309119154,12.25808179421536,31486800.0,622624000.0
2020-08-20,11.410174255371093,12.103067398071289,391.7951400940677,12.336336512012126,367.5084238075348,11.841636804823311,391.3369001641331,11.937586621194678,75097235.0,921388000.0
2020-08-21,11.671367797851563,12.64387321472168,391.33679227975006,12.768731759096145,384.92143502926234,12.157147924649754,386.2961544400811,12.1636278600698,41609467.0,999868000.0
2020-08-24,11.767601623535155,12.680508613586426,398.21050665311725,12.872158223356436,389.5039478195048,12.468422868850636,391.79514751256073,12.843497627858982,48375406.0,490564000.0
2020-08-25,11.946315307617187,12.710164070129395,399.5852300821706,12.721378464446069,394.544590711868,12.534464286944164,397.2940303683967,12.591286356621447,35977899.0,289076000.0
2020-08-26,12.15252227783203,12.733092308044434,405.0840759277344,12.828293924014739,398.6687172591956,12.638139774083976,399.1269571640912,12.759260179498938,39243340.0,321244000.0
2020-08-27,12.207510681152343,12.588793754577637,415.6235806233174,12.809851165827713,406.9170227050781,12.5272362788186,410.5829418285473,12.741564673645163,53072712.0,317604000.0
2020-08-28,11.960061035156249,13.106670379638672,403.709339922324,13.106919461625502,395.00278208063935,12.602999032124476,403.25110003591954,12.635397753609917,56842210.0,537160000.0
2020-08-31,11.72635986328125,13.332715034484863,402.79290034483074,13.532588159055074,390.878662109375,12.997017094184832,400.50170068416617,13.141563584032237,81480538.0,500840000.0
2020-09-01,11.960061035156249,13.781940460205078,398.668701171875,13.954201770754237,392.25334276221264,13.398526596614897,394.08630230783046,13.441903607661976,37429577.0,511316000.0
2020-09-02,11.905074462890624,14.305954933166504,404.16765497573255,14.685130264116182,394.54461557154843,13.860716036300449,404.16765497573255,14.66219455059258,34871407.0,874012000.0
2020-09-03,11.987553405761718,12.978713035583496,402.7927921890119,13.845256375069503,397.29391447994686,12.842349325405275,402.7927921890119,13.789664053480594,34951617.0,945128000.0
2020-09-04,11.795096740722656,12.58682918548584,396.3775711237412,13.13776759015222,391.3369314909537,11.671672392903611,391.3369314909537,12.747622655511629,46119911.0,1463684000.0
2020-09-07,11.712610473632813,,396.3774671241151,,389.5038694283212,,392.2533085066388,,32019312.0,
2020-09-08,11.850084228515625,11.879331588745117,396.83576728130436,12.514531383182888,391.795128204983,11.671171786180402,392.25336812101216,11.701335890422488,23714670.0,795728000.0
2020-09-09,11.740105590820312,12.67906665802002,392.25333277682233,12.773050026936103,387.67093402942953,12.197181740648402,389.50389352838664,12.364956337870668,40551362.0,736200000.0
2020-09-10,11.960061035156249,12.276956558227539,398.668701171875,13.028327100168193,394.5445421942349,12.132615038275892,396.37750173985273,12.95254166837795,35098921.0,698684000.0
2020-09-11,12.001302795410156,12.13012409210205,400.0434265136719,12.616744949831835,396.37750737036214,11.862133373206316,399.1269467278444,12.450217064353332,34298469.0,636928000.0
2020-09-14,12.125027160644532,12.835871696472168,405.08405177663514,13.277370430180602,399.12693336815516,12.59555355587219,399.5851732457306,13.044032476643867,39085833.0,1201744000.0
2020-09-15,12.235003051757811,12.954285621643066,409.6663943172841,13.26116562200561,402.7927970971954,12.791497021548054,403.70927672654057,13.24246842217813,39061449.0,727556000.0
2020-09-16,12.592431335449218,12.479134559631348,423.41363005658945,13.05575039692399,417.4565118847976,12.478387089902183,421.58067061911504,12.920633356136223,64261238.0,556384000.0
2020-09-17,12.398915405273437,12.428276062011719,419.2869943812274,12.554169524414354,411.45416042025937,12.000737744051028,417.4439746257055,12.097962040389652,42058506.0,792512000.0
2020-09-18,12.274512634277343,12.154802322387695,414.2187259089839,12.596799370290807,408.2289111850498,11.95486941343896,411.9149510151631,12.558159184804742,52454922.0,698460000.0
2020-09-21,12.163929748535155,12.48187255859375,414.6794232455167,12.487107697695844,405.4643249511719,11.870854320595097,408.68960935419256,11.891296564035358,39463920.0,721044000.0
2020-09-22,12.080993957519532,12.602035522460938,406.3858379302909,12.612256647361274,401.77828874740777,12.121149093918206,405.46432809371424,12.53946299025101,36130639.0,646452000.0
2020-09-23,11.984235534667969,12.089487075805664,404.08206704743594,12.691032746629508,398.09225305471455,12.045113437276287,401.77829243485075,12.539960197460465,45710963.0,647012000.0
2020-09-24,11.693958435058594,12.313102722167969,395.32767286368295,12.53397713359386,389.7986145019531,11.98004700931504,392.10238881934055,12.038132814231485,79806381.0,731240000.0
2020-09-25,11.7216064453125,12.83736801147461,394.40625460642684,12.847090822768344,387.95568502174234,12.211143456409951,393.48474466575766,12.412323105196108,38775269.0,588016000.0
2020-09-28,11.928945007324218,12.998160362243652,397.6315002441406,13.014863358178625,391.18093129464125,12.713965980713755,393.48470591946244,13.003395501882801,34156973.0,573808000.0
2020-09-29,11.91512237548828,13.188370704650879,400.8567852542461,13.404757416189517,394.40621629613184,12.896697839002085,398.55301062634817,12.900935401404537,32230502.0,621460000.0
2020-09-30,11.970412902832031,13.49226188659668,400.85678312024123,13.584001893152902,396.7099888121008,13.113086533331865,396.7099888121008,13.12031587674623,27334204.0,689184000.0
2020-10-01,,13.576024055480957,,13.723854712808993,,13.422708150509173,,13.71911883672268,,525004000.0
2020-10-02,,13.025334358215332,,13.481291747029147,,13.01411565780834,,13.187624646988372,,552496000.0
2020-10-05,11.956588439941406,13.60394287109375,403.62125138299314,13.605687917556473,397.63143829169303,13.185378974579827,403.62125138299314,13.198591876788587,32945832.0,479820000.0
2020-10-06,12.150106201171875,13.697678565979004,407.30731444201507,14.102032978540688,403.16052051670044,13.626380809703134,406.84655956142456,13.790914459177872,35775395.0,784420000.0
2020-10-07,12.246868286132813,13.92453670501709,410.0719629292025,14.079348507609994,400.85686263865864,13.824320617120598,400.85686263865864,13.960186061519869,42926239.0,418084000.0
2020-10-08,12.523317260742187,13.799638748168945,418.36541842361686,14.04469463444832,413.29711489645854,13.71911745108469,414.6793794947744,14.035220981274266,60853811.0,378900000.0
2020-10-09,,13.723854064941406,,13.785180804426698,,13.622143047466686,,13.728092578740656,,346892000.0
2020-10-12,12.716836853027344,14.185794830322266,425.7375816013502,14.306453153633392,421.5907869753631,13.873181380351275,422.05154193380605,13.949963431015222,64719223.0,434744000.0
2020-10-13,12.77212646484375,14.20798397064209,428.50207836596996,14.30795090419816,420.66924467540923,13.97913272800129,428.50207836596996,14.256097812311952,45750738.0,344604000.0
2020-10-14,12.689189758300781,14.055414199829102,424.8160115160973,14.302214183940544,421.12997237062143,13.920546351451373,424.3552566229128,14.250111943939704,40809241.0,276100000.0
2020-10-15,12.523317260742187,13.93051815032959,420.6691927541434,13.96616655043912,414.6793794947744,13.728839271462054,420.2084378880381,13.771717965175402,47775028.0,267224000.0
2020-10-16,12.412738037109374,13.772466659545898,420.20850370615256,14.081590981206332,413.2971796320382,13.753520302544736,415.60095432340967,13.997080319778721,46876801.0,242392000.0
2020-10-19,12.647720947265624,13.459602355957031,421.5906982421875,13.943978755097602,415.6008850431181,13.368858988725798,417.44390448898565,13.863706617643704,34470906.0,298068000.0
2020-10-20,12.468028564453125,13.606935501098633,421.13001137879365,13.760749706904294,415.6009521484375,13.468826714438656,419.74774657120463,13.545110450568856,25205638.0,229212000.0
2020-10-21,12.523317260742187,13.486527442932129,420.2084378880381,13.752523915153827,415.60088922698503,13.439411181630257,417.9046635575116,13.586494369727017,28058921.0,219596000.0
2020-10-22,12.578610534667968,13.32323932647705,419.2870178222656,13.573280248327762,414.2187132112272,13.194354086688874,414.6794681758671,13.48428287385015,23438547.0,290480000.0
2020-10-23,12.495672912597655,13.551843643188477,422.05148923080577,13.554835423782963,416.0616755190149,13.253688837369765,422.05148923080577,13.411989787636374,18777385.0,233484000.0
2020-10-26,12.44038330078125,13.104109764099121,419.2869927300347,13.654051430433597,414.679443359375,13.001650331854846,419.2869927300347,13.389052563430711,15059581.0,336896000.0
2020-10-27,12.357447509765624,13.358890533447266,413.29718181430894,13.404012593720507,410.53265217006606,13.154219842710733,412.37567193289465,13.268396305375667,20117660.0,250520000.0
2020-10-28,12.274512634277343,12.591313362121582,411.9149510151631,13.22252474700027,408.2289111850498,12.573364583775852,410.07193110010644,13.160699697842029,24710230.0,376520000.0
2020-10-29,12.080993957519532,12.987192153930664,405.00357317542597,13.155465047866585,401.31753382911944,12.713966356620004,402.2390436656961,12.802216263565922,41285612.0,320080000.0
2020-10-30,11.942767639160156,12.498578071594238,402.69980388217505,12.899939767951652,398.0922546386719,12.265239173332821,402.69980388217505,12.813685009116076,47668895.0,416820000.0
2020-11-02,12.039524230957031,12.545195579528809,401.3174743652344,12.800471655594036,394.40615161497203,12.359970526300085,399.01370011514695,12.621977632470886,33477443.0,299652000.0
2020-11-03,12.19157501220703,12.982706069946289,408.2288533943851,13.067964207147272,403.6213042590083,12.56713387037677,405.00356899962134,12.672585099669769,30328495.0,272900000.0
2020-11-04,12.44038330078125,13.755264282226562,416.0617081705729,13.788421117640945,408.2288742404514,13.299306917899862,409.6111390516493,13.351409157866682,37512790.0,410228000.0
2020-11-05,12.468028564453125,14.11998176574707,416.0617070843005,14.298475788547558,410.53264785394435,13.951459709824155,416.0617070843005,14.122475232956015,34886108.0,319028000.0
2020-11-06,12.509495544433593,14.520845413208008,419.74771421653793,14.547519424843008,414.67941031271585,13.85573065911624,419.28695931619046,14.069873074674058,30154140.0,383348000.0
2020-11-09,12.675366210937499,13.592228889465332,423.89447161259545,14.649981193111955,418.36541328721376,13.572285904435727,422.05145217080155,14.511374071180006,39245881.0,582976000.0
2020-11-10,12.468028564453125,12.733908653259277,418.8262366994786,13.56804367283307,413.29717746912246,12.592558946009214,416.5224620201635,13.56804367283307,34820499.0,644068000.0
2020-11-11,12.63389923095703,13.38007926940918,421.1299743652344,13.397031423080273,413.29714114399917,12.911656438621717,413.29714114399917,13.016858503014449,36765561.0,404744000.0
2020-11-12,12.661546325683593,13.418720245361328,427.1198487594138,13.727096162557572,421.5907892285476,13.278368082697757,426.65909379850825,13.440907540360914,40100880.0,365812000.0
2020-11-13,12.77212646484375,13.259420394897461,425.737548828125,13.63011964575671,420.66924467540923,13.022342262740194,422.97301929028004,13.588736840374597,31037438.0,346312000.0
2020-11-16,13.380324096679686,13.477052688598633,446.4715581846631,13.610922952202792,432.18815436244995,13.11881795154377,433.10966428646367,13.135270839074693,81994937.0,413776000.0
2020-11-17,13.421791076660156,13.384315490722656,466.28398797047987,13.557823514483875,447.3930358886719,13.266150641883103,462.5979485398832,13.514197352040899,72413868.0,312028000.0
2020-11-18,13.739710693359374,13.390798568725586,457.9903564453125,13.567298388359848,448.3145038443552,13.147737819685611,451.5397880446743,13.427195391950308,50387727.0,510924000.0
2020-11-19,13.546195678710937,13.402266502380371,459.83344514807874,13.449382762328161,451.53985595703125,13.062978077884406,459.83344514807874,13.175409484985977,44220053.0,565936000.0
2020-11-20,13.490905151367187,13.050763130187988,451.53985820832804,13.456363339721271,447.8538185494845,13.0280765719086,447.8538185494845,13.415978108733224,32281453.0,341088000.0
2020-11-23,13.725888061523436,13.102864265441895,459.3726215957995,13.344678268802712,453.3828080744902,12.978715851649376,455.686582505763,13.13402594714635,38084006.0,361356000.0
2020-11-24,13.601484375,12.92112922668457,460.7548907520325,13.124801360679664,452.922057609248,12.848584740877987,460.2941358612805,13.105356692056006,35479226.0,346500000.0
2020-11-25,13.463258972167969,13.197344779968262,456.60813283430724,13.231996551771012,448.7752990722656,12.98320238394447,456.1473779071283,12.995666865338032,41419632.0,259916000.0
2020-11-26,13.518549499511717,,454.7651109753942,,449.6968068003898,,450.6183166503906,,28893033.0,
2020-11-27,13.518549499511717,13.223773002624512,453.382846200393,13.369610420129208,448.3145420253886,13.133279722490759,449.2360518753894,13.337201999463806,32960189.0,167276000.0
2020-11-30,13.283562927246093,13.363624572753906,454.76505755088084,13.374594116121465,442.7854309082031,12.935587950362823,454.3043026800086,13.227510941007175,119895176.0,286952000.0
2020-12-01,13.546195678710937,13.35215950012207,451.53985595703125,13.490517461423746,445.5500415412747,13.190865822890272,451.079101001973,13.454120635161466,37018651.0,296948000.0
2020-12-02,13.7950048828125,13.506221771240234,460.7550061059619,13.634856910792232,454.76519102658443,13.196848297978697,460.29425109985596,13.312769797882366,50621339.0,283360000.0
2020-12-03,13.739710693359374,13.362088203430176,460.29413087411183,13.625419831845909,456.147336902273,13.295258375732002,460.29413087411183,13.553103135838985,35651379.0,199520000.0
2020-12-04,13.905585021972655,13.523926734924316,465.3625206160498,13.52567229706257,458.4511960524451,13.354855486379277,459.37270599425904,13.41445382920532,51172005.0,202244000.0
2020-12-07,14.209682006835937,13.57230281829834,474.5775767523027,13.696487909258146,466.28398803235956,13.465823529786944,471.8130471789883,13.566816901857145,44271244.0,223244000.0
2020-12-08,14.486137390136719,13.316205978393555,483.79275634998584,13.564326022338461,469.04859615646245,13.24787886289638,473.6561462169385,13.550610753206113,40771761.0,271920000.0
2020-12-09,14.375552673339843,12.898015022277832,482.8711282583384,13.380041314737568,479.1850891113281,12.835673244302757,480.1065988980807,13.266829003608608,43314115.0,401300000.0
2020-12-10,14.154394226074219,12.939409255981445,474.57767099142075,13.03566535096139,469.97012078762054,12.81696973001835,470.8916308283806,12.836421094114389,42556926.0,207764000.0
2020-12-11,14.264972534179687,12.980305671691895,476.4205943262854,12.987038689759416,465.3624760827353,12.790536917760553,476.4205943262854,12.934421647039887,45660960.0,209264000.0
2020-12-14,14.04381134033203,13.275055885314941,472.7345943300743,13.354853270181492,468.1270446777344,13.0443915399582,471.8130843996063,13.054864911049691,30260485.0,270156000.0
2020-12-15,13.933228454589843,13.326678276062012,469.9700073968797,13.429915680199645,464.4409484863281,13.153368199677006,467.20547794160393,13.405727038549072,39852366.0,193016000.0
2020-12-16,14.154394226074219,13.208977699279785,474.57767099142075,13.403234533757354,467.2055906653404,13.179052957597227,469.0486107468605,13.388521393074408,52012348.0,223116000.0
2020-12-17,14.112721252441405,13.307475090026855,476.9062627957562,13.345628224108887,470.4240417480469,13.145136871968027,476.9062627957562,13.33290987857491,38215179.0,231384000.0
2020-12-18,14.168280944824218,13.23840045928955,474.1280943627451,13.371063173538605,469.4979371912339,13.037410644516468,470.4239686255362,13.345128973204659,39924864.0,342064000.0
2020-12-21,14.334966430664062,13.29849910736084,478.75824577863824,13.33615378691673,470.4239629701126,12.934672561777207,474.1280886627907,13.041651271934228,34813281.0,302332000.0
2020-12-22,14.140501098632813,13.244634628295898,477.8322571640165,13.30348527958145,471.35003662109375,13.020952497638698,474.1281311394892,13.285531198303147,22454277.0,185580000.0
2020-12-23,14.140501098632813,12.976316452026367,473.20209963335736,13.241393630882225,468.5719421026983,12.972077637170282,470.4240051149619,13.222441676578416,18086715.0,179144000.0
2020-12-24,14.168280944824218,12.96085262298584,474.1280943627451,13.09925141802721,470.4239686255362,12.90599251638861,473.2020629284429,13.004242438356119,14950143.0,97884000.0
2020-12-25,14.196062622070311,,476.9062133311292,,472.27605592014737,,475.9801818489329,,12327895.0,
2020-12-28,14.3071875,12.867342948913574,476.90625,13.029431956629256,471.3500606796116,12.730939865504727,474.1281553398058,13.029431956629256,19087382.0,212564000.0
2020-12-29,14.3071875,12.910484313964844,478.7583131067961,13.039407647160443,475.05418689320385,12.809740159389712,476.90625,12.892281000253158,19907528.0,170372000.0
2020-12-30,14.584999694824218,13.112469673156738,486.1666564941406,13.1802973614838,475.98030750093005,12.8641004561006,477.83237095424107,12.957362933012838,46292401.0,225396000.0
2020-12-31,14.723900756835937,13.021949768066406,490.79669189453125,13.117706449228937,485.2405029296875,12.882303854956916,487.0925659179688,13.103243492825937,29970398.0,192424000.0
2021-01-04,14.890583496093749,13.080299377441406,500.05690845090953,13.617935267438467,488.944532707556,12.929681650718054,490.79659533144826,13.071073108255883,38770328.0,560640000.0
2021-01-05,15.057269897460937,13.37081527709961,501.90899658203125,13.409466875715898,495.42677706897916,13.053869695169885,496.3528084279866,13.066587090865424,34411866.0,322760000.0
2021-01-06,15.251739807128907,12.582564353942871,513.9475162693711,13.21146797917001,500.98307441753116,12.55413690212758,513.9475162693711,13.18902490358849,53030554.0,580424000.0
2021-01-07,15.696234741210937,13.310218811035156,527.8379824478014,13.343883903804892,512.0954461291828,12.853877491487918,513.0214776773369,12.93467181161521,51166782.0,461480000.0
2021-01-08,16.112947998046874,13.243139266967773,537.0982666015625,13.387024011640758,528.7639831542969,13.008983746525816,537.0982666015625,13.328672767579421,59563555.0,292528000.0
2021-01-11,16.22407470703125,13.587015151977539,540.802490234375,13.925656083147254,531.5421736207727,13.328671024221853,534.3202686048534,13.38477823843524,48810990.0,518344000.0
2021-01-12,16.418538208007813,13.45061206817627,552.8407958364728,13.719679767998574,538.950323579275,13.311216328336773,539.8763550630882,13.71768402449052,50232426.0,291476000.0
2021-01-13,16.807474365234373,13.4974946975708,560.2491455078125,13.590508913270414,549.136765762203,13.351116690990468,550.9888290531379,13.455850431515394,62662393.0,210028000.0
2021-01-14,16.446324462890626,13.16683292388916,552.8409743437896,13.565321473534354,543.5806565155855,13.147133279160743,543.5806565155855,13.540634372274425,75288477.0,283120000.0
2021-01-15,16.696349487304687,12.826944351196289,578.7697409631409,13.291514982726857,556.5449829101562,12.81597251882177,575.0656146209768,13.194511199602248,92010500.0,277780000.0
2021-01-18,16.863034057617188,,563.0271667782125,,550.0627254379248,,563.0271667782125,,45726476.0,
2021-01-19,17.418651123046875,12.992278099060059,585.251861231559,13.060853493409299,567.6572641375723,12.811486347571687,572.2874212675688,12.983300105581606,50672866.0,226188000.0
2021-01-20,17.974271850585936,13.331913948059082,601.9204895868552,13.396499747172495,584.3258906604702,13.023696188713965,586.1779537053528,13.078556305374537,82066422.0,258572000.0
2021-01-21,18.6965771484375,13.832392692565918,628.7754276269967,13.963809254642669,592.6601968796434,13.219448343856874,592.6601968796434,13.384529044300141,89019137.0,337780000.0
2021-01-22,18.02983154296875,13.67778491973877,615.810887317628,13.806708234264098,600.994384765625,13.592750838407587,600.994384765625,13.705215452670116,125179403.0,246820000.0
2021-01-25,17.58533935546875,13.618688583374023,598.2163888168938,13.793495017512226,579.6957575841726,13.202993569253717,594.5122625703495,13.74686328964596,93050133.0,251112000.0
2021-01-26,17.14084716796875,13.401238441467285,592.6603018638573,13.610207445100107,564.879350213989,13.353608850561153,585.2520480905591,13.54612010399891,100153482.0,163980000.0
2021-01-27,17.08528381347656,12.885048866271973,578.7697768792874,13.199251020163084,565.8053338771913,12.76136222633586,572.2875553782394,13.19650758610802,59985191.0,371272000.0
2021-01-28,16.696349487304687,13.017959594726562,563.0272040089434,13.305979239074395,553.7668881535332,12.92768882723091,555.6189513246152,12.963348710272445,96447533.0,228316000.0
2021-01-29,16.418538208007813,12.956867218017578,573.2134884803629,13.30099413975038,547.2846069335938,12.87881537119387,573.2134884803629,13.041901314365193,90745237.0,271552000.0
2021-02-01,16.97415344238281,13.203490257263184,566.7311460304572,13.23715439869331,543.5803639213699,12.870085980865984,550.9886141962779,13.020205278479072,67462398.0,217204000.0
2021-02-02,17.557556762695313,13.522433280944824,590.808080938798,13.537643931915495,575.9915773415868,13.251869189410431,582.4737976653666,13.364833243448523,78429188.0,220440000.0
2021-02-03,17.5019970703125,13.496246337890625,594.5122814360119,13.896480411551202,583.39990234375,13.482281841439514,590.8081550719246,13.60147852150151,48738970.0,245408000.0
2021-02-04,17.418651123046875,13.629659652709961,585.251861231559,13.638885924544152,574.1394841195673,13.303986240486712,579.6956726755632,13.496746735967148,46371900.0,201340000.0
2021-02-05,17.557556762695313,13.556591987609863,593.5861753632751,13.702472457169042,584.3258606150181,13.51145660552487,590.808080938798,13.690253523117413,53267273.0,169152000.0
2021-02-08,,14.40219783782959,,14.437109081351414,,13.692498868772935,,13.692498868772935,,434624000.0
2021-02-09,,14.227141380310059,,14.546330961078814,,14.18649404110492,,14.304444571818749,,287560000.0
2021-02-10,,14.726871490478516,,14.867265088454701,,14.305192236351298,,14.426633882919301,,485352000.0
2021-02-11,,15.212141990661621,,15.233588148929975,,14.887217234919923,,14.942327535790131,,450828000.0
2021-02-12,,14.923376083374023,,15.25254061631727,,14.737596888059311,,15.011901299685418,,374756000.0
2021-02-16,,15.291439056396484,,15.333582726087624,,14.912151736735943,,15.026112679087444,,321960000.0
2021-02-17,18.418765869140625,14.868265151977539,618.589019637302,15.184961505378798,611.1807679051187,14.742583721413332,613.9588623046875,15.132593687742009,107614290.0,274756000.0
2021-02-18,18.33542541503906,14.791460990905762,615.8110051010594,14.835598508211458,607.4767208214962,14.538103327557812,614.8849735144413,14.691713759507659,53109010.0,233868000.0
2021-02-19,18.113177490234374,14.888712882995605,608.4027408529645,15.138578451468971,599.1424251626606,14.809164714592843,607.476709283934,14.986464363253281,50279585.0,271724000.0
2021-02-22,18.057614135742188,14.319406509399414,613.0328491210938,15.094938312401059,601.9204711914062,14.288734083330949,611.1807861328125,14.737345425491032,36474610.0,325884000.0
2021-02-23,17.807587280273438,14.106199264526367,595.438305835456,14.202704597494797,586.1779900370819,13.355603710065333,593.5862426757812,14.039617719228591,50076333.0,391780000.0
2021-02-24,17.363089599609374,14.462294578552246,588.95599921875,14.470025468875216,578.7696533203125,13.72117549358805,580.6217162109375,14.086997761084495,66206750.0,448320000.0
2021-02-25,17.640900878906248,13.273810386657715,588.9560608390748,14.338358769068824,581.5478085014763,13.182791929455446,588.9560608390748,14.00994196927011,43231417.0,824436000.0
2021-02-26,16.83524963378906,13.679781913757324,572.2873637888691,13.819426892341085,561.1749877929688,13.327176440313185,565.8051444579272,13.717684871330007,111861175.0,500932000.0
2021-03-01,,13.806707382202148,,13.889746666219848,,13.518937936818386,,13.839873059537098,,353184000.0
2021-03-02,16.91859558105469,13.37231159210205,575.9915955892728,13.885259551721617,563.9531860351562,13.362087449027683,575.06556408511,13.864811265572884,54041533.0,264116000.0
2021-03-03,17.279747314453125,12.77233600616455,575.9915771484375,13.417448296145926,556.5449161836189,12.766350677309134,563.9531679797403,13.392262732449801,48252965.0,377592000.0
2021-03-04,16.696349487304687,12.338933944702148,565.8052987655665,12.94215362647371,556.5449829101562,12.05315925423988,563.9532355944845,12.768344146424933,67711962.0,573344000.0
2021-03-05,16.696349487304687,12.429951667785645,560.2491092523204,12.518227637153796,540.8024459559588,11.649681669205307,544.5065722981229,12.518227637153796,79918467.0,542840000.0
2021-03-08,16.61300537109375,11.563901901245117,564.8792238777696,12.43967854715779,553.766845703125,11.53721905586338,563.0271608486622,12.418482569945818,43219772.0,543112000.0
2021-03-09,16.529664916992186,12.492866516113281,550.9888305664062,12.589154899340553,541.7285140862986,12.032874355838105,541.7285140862986,12.103719166366012,68768861.0,521824000.0
2021-03-10,16.585226440429686,12.44097900390625,556.5450078558483,12.951608944190985,549.1367548394643,12.430252699626609,556.5450078558483,12.812414401535845,40146301.0,384376000.0
2021-03-11,16.91859558105469,12.965078353881836,566.7312805476447,13.01771355706238,550.9887449768768,12.706645054025108,551.9147764810396,12.921673557131088,54416046.0,299916000.0
2021-03-12,17.057501220703124,12.827880859375,572.2875002385739,12.860559356859609,563.953216254517,12.562462869307595,569.5094055772216,12.620584937618432,33168846.0,243964000.0
2021-03-15,16.97415344238281,13.162395477294922,568.5832085991842,13.177861641308795,563.9530521773668,12.739323142592923,568.5832085991842,12.836609720093831,27416758.0,221988000.0
2021-03-16,17.029716796875,13.262178421020508,567.6572265625,13.482944064589773,562.1010383742863,13.088059638607918,564.8791324683932,13.327285144673683,36949425.0,272128000.0
2021-03-17,16.848407592773437,13.312067031860352,569.0521769744671,13.423821549663524,559.7539387886098,12.961086096208373,569.0521769744671,13.01122622987294,39517807.0,243864000.0
2021-03-18,16.79261535644531,12.694674491882324,566.2626108568768,13.155165313578372,559.7538452148438,12.689186680788872,563.4731398674342,13.107769543311065,29415526.0,293896000.0
2021-03-19,16.485772705078123,12.81765365600586,556.034522145331,12.893238325938107,549.5257568359375,12.584914154910189,552.3152276828205,12.722113224860605,70866028.0,299208000.0
2021-03-22,16.54156311035156,13.157408714294434,556.0345553676354,13.365203274729533,544.8766713134354,12.878520030210659,546.736318655802,12.884507424650533,34089033.0,297804000.0
2021-03-23,16.569455566406248,13.04216194152832,560.6835974491004,13.31531254949399,551.3853620021833,12.992769743364054,555.1046561809502,13.225259928723792,29374037.0,222048000.0
2021-03-24,16.067352905273438,12.615346908569336,541.1573721567789,13.13046837674371,530.9293118582831,12.609111149508385,530.9293118582831,13.1224855013031,107253959.0,245840000.0
2021-03-25,16.039458618164062,12.507831573486328,540.2275627335258,12.68693953478212,529.9995021654212,12.245157977098028,531.8591495414403,12.4721603321882,67833354.0,295144000.0
2021-03-26,16.45787658691406,12.81116771697998,550.4555333024365,12.828130732659769,539.2976508706303,12.346436660119146,541.157297942598,12.527040534903085,36829858.0,363968000.0
2021-03-29,16.70892883300781,12.919928550720215,559.7537650234113,13.033928838288299,554.174823843776,12.672221531884153,556.9642944335938,12.792208261932126,37884733.0,273520000.0
2021-03-30,16.653143920898437,12.843595504760742,557.8942687068153,12.946869484663598,550.4556784573912,12.677210282642816,557.8942687068153,12.813910706339417,33099123.0,200204000.0
2021-03-31,16.37419189453125,13.319053649902344,555.1046315181803,13.441035855598896,545.806396484375,12.954103345801142,554.1748080147999,12.98703115701372,38790886.0,314776000.0
2021-04-01,16.79261535644531,13.781540870666504,559.7538452148438,13.839662938961883,552.3152559096632,13.481697266878992,556.0345505622535,13.542564667727822,43091157.0,308276000.0
2021-04-05,,13.956905364990234,,13.983347150384231,,13.702961643984072,,13.8371679548941,,255672000.0
2021-04-06,,13.831182479858398,,14.02351088208816,,13.74337560455919,,13.969130455286203,,191744000.0
2021-04-07,17.015773315429687,14.112564086914062,570.9117385614114,14.212344784809423,565.3327964907787,13.68150884562231,570.9117385614114,13.850388178773052,24603109.0,251284000.0
2021-04-08,17.099456176757812,14.285685539245605,569.9818725585938,14.439847616833106,560.6836364646525,14.217833480480142,563.4731072928349,14.221576077629313,23976625.0,244416000.0
2021-04-09,17.015773315429687,14.368502616882324,574.6310332751665,14.376485491570246,566.2626201692175,14.143995328499123,574.6310332751665,14.182909582580404,27303862.0,195172000.0
2021-04-12,16.876301879882813,15.175734519958496,569.9819863563727,15.318920984200862,560.683748406024,14.108324443922847,569.0521625613378,14.258495567319061,22606128.0,869324000.0
2021-04-13,16.876301879882813,15.645204544067383,569.9819863563727,15.665659888021139,561.6135722010589,15.092665699100655,561.6135722010589,15.198184480501855,25971622.0,676212000.0
2021-04-14,17.071563720703125,15.243583679199219,569.0521240234375,15.68611313809789,557.8942392386642,15.194191490597014,565.3328290951797,15.590822041393597,30077913.0,385500000.0
2021-04-15,17.266825561523437,16.10195541381836,575.5608520507812,16.178786664023676,564.4029680045626,15.597310938386315,569.0520863571537,15.628243272039697,33530942.0,598480000.0
2021-04-16,17.015773315429687,15.877696990966797,568.122267526095,16.130393211218912,560.6836780985848,15.83054958884363,567.1924438476562,16.017888810092327,48507383.0,335208000.0
2021-04-19,16.820511474609376,15.328150749206543,564.4030107842947,15.772926050056606,558.8240683383214,15.199682500787166,562.5433633023035,15.502518866981706,24231637.0,404420000.0
2021-04-20,16.79261535644531,15.138067245483398,559.7538452148438,15.46310415210447,553.2450795728107,14.930272691607017,556.0345505622535,15.289734260405497,34771635.0,334132000.0
2021-04-21,16.513672485351563,15.326902389526367,556.9645168201343,15.328897870294862,550.4557495117188,15.069217022476046,556.9645168201343,15.08568045250739,38458220.0,216776000.0
2021-04-22,16.485772705078123,14.817770004272461,556.034522145331,15.404733552749727,549.5257568359375,14.751165473573204,554.1748749140758,15.341372035503573,33868521.0,277788000.0
2021-04-23,16.79261535644531,15.231863021850586,559.7538452148438,15.301460301608195,548.5959612570728,14.867661555012145,550.455608583368,14.90158663664739,27754511.0,227500000.0
2021-04-26,17.015773315429687,15.444145202636719,567.1924438476562,15.445143418845348,560.6836780985848,15.09191761924734,562.5433254554624,15.151786802055636,30887664.0,197796000.0
2021-04-27,17.015773315429687,15.348106384277344,568.122267526095,15.636224511526544,562.5433254554624,15.32091569753857,565.3327964907787,15.544425730851712,26317481.0,164572000.0
2021-04-28,16.79261535644531,15.243334770202637,565.3327871937292,15.498276706669202,558.8240215516962,15.182219008797528,563.4731398674342,15.330893268515881,24024054.0,209416000.0
2021-04-29,16.736823120117187,15.291230201721191,566.2625155639648,15.402735421350044,557.8941040039062,15.038534012309515,566.2625155639648,15.366315280445992,31828333.0,173196000.0
2021-04-30,,14.976667404174805,,15.331389995565669,,14.96419493729757,,15.141307392671921,,201912000.0
2021-05-03,16.402086181640623,14.80429744720459,555.1046173718511,15.213400497529799,546.7362060546875,14.755155522445115,553.2449704124814,15.091916924420826,41762441.0,203912000.0
2021-05-04,16.485772705078123,14.31985855102539,552.3152276828205,14.60548253751955,541.1573442952887,13.979604831757687,546.7362859890545,14.605233221384681,40273595.0,405324000.0
2021-05-05,16.3184033203125,14.426875114440918,552.3151893028846,14.78109912471153,543.94677734375,14.356030312386796,552.3151893028846,14.676826926633858,29254785.0,292024000.0
2021-05-06,16.37419189453125,14.491232872009277,548.5958669945167,14.53937753027574,539.2976319607112,14.186900661006211,548.5958669945167,14.463543555761548,30725590.0,193380000.0
2021-05-07,16.70892883300781,14.779852867126465,557.894117963533,14.93800591514762,547.6660591342015,14.639660099421985,552.3151767838976,14.775861905186858,28075722.0,229328000.0
2021-05-10,16.429985961914063,14.234546661376953,555.1047888660269,14.77361480521807,546.736374963524,14.218831179640134,554.1749650990821,14.754905626506135,20434079.0,268904000.0
2021-05-11,15.927879638671875,14.274959564208984,539.2977344092053,14.323353547859442,529.9994976090466,13.719926552493503,538.3679107291895,13.794762325189408,59349193.0,285584000.0
2021-05-12,15.621036987304686,13.728407859802246,530.92929284232,14.229060437427753,481.6486404418945,13.679265928326647,527.2099983215331,13.978858330909597,131741482.0,303408000.0
2021-05-13,15.25840576171875,13.635360717773438,523.4907034642082,14.049952561279243,503.0345836130313,13.42956164458471,508.613525390625,14.003054478229739,66765627.0,285404000.0
2021-05-14,15.537352294921874,14.211845397949219,522.5608611457866,14.296659510030679,513.2626251823384,13.71842688982514,516.9819195677177,13.859617849736892,37533726.0,258616000.0
2021-05-17,15.314196166992186,14.134515762329102,518.841618772413,14.138257407772128,503.0346160499559,13.823198871455904,505.8240871186248,14.126034255250337,56270958.0,216980000.0
2021-05-18,15.955772094726562,13.985093116760254,532.7888933728625,14.372743559299355,516.0520694972752,13.973368596904878,523.4906578864251,14.235793821126629,43689316.0,186256000.0
2021-05-19,15.816298828125,14.034985542297363,531.8590787588183,14.048705544452684,525.3503138089726,13.5136283151605,530.9292551945547,13.536827089785591,28908777.0,344000000.0
2021-05-20,15.816298828125,14.580537796020508,530.9292551945547,14.651631910525415,520.7011959876543,14.23928585607929,527.2099609375,14.271215450357209,29709287.0,321592000.0
2021-05-21,15.983668212890624,14.958959579467773,536.5082349527569,15.188706330948886,528.1398222758509,14.836977362395434,531.8591167989202,15.130583309926804,27376731.0,672992000.0
2021-05-24,15.844194946289061,15.57785415649414,531.8591261312995,15.710562682530705,526.2801842488034,15.142806946301995,529.9994788371341,15.179227091268276,15629736.0,554816000.0
2021-05-25,16.26261291503906,15.613524436950684,543.0169206622535,15.78390062989543,532.788862225122,15.448636054291189,535.578332707976,15.731515688642954,33039911.0,435408000.0
2021-05-26,16.3184033203125,15.66565990447998,546.7362479967949,15.759204849313566,540.2274831396902,15.552159199574525,545.80642444578,15.699835249824558,18703987.0,370440000.0
2021-05-27,16.234720458984373,15.454124450683594,541.1573486328125,15.715551486129144,532.7889360250886,15.42618581428935,539.2977013866516,15.665411340003494,62169719.0,581476000.0
2021-05-28,16.45787658691406,16.20897102355957,550.4555333024365,16.24189979356294,541.157297942598,15.467098320225334,545.8064156225172,15.467098320225334,29086873.0,644536000.0
2021-05-31,16.653143920898437,,555.1047973632812,,548.596030895035,,553.2451498009252,,30657474.0,
2021-06-01,16.681036376953124,16.228925704956055,556.964369553786,16.352405722230404,553.2450749323918,15.868465912540023,556.0345458984375,16.234414466994544,17818326.0,472804000.0
2021-06-02,16.597353515625,16.741552352905273,557.8942358193277,16.881746071409232,551.3854697347689,16.19999004949202,557.8942358193277,16.216703748851284,21872755.0,594168000.0
2021-06-03,16.625247802734375,16.93263053894043,557.8942215682677,17.221249170343164,554.1749267578125,16.54672723034194,557.8942215682677,16.664219836454976,21077164.0,580008000.0
2021-06-04,16.597353515625,17.5398006439209,553.2451171875,17.622368055128227,548.5959985556723,17.05810666050364,549.5258222820378,17.075067769868372,15756180.0,617120000.0
2021-06-07,16.513672485351563,17.580459594726562,553.2452212153254,17.773536849534988,542.0873344008987,17.15514342249568,552.3153973141232,17.532815474501092,17077625.0,575756000.0
2021-06-08,16.429985961914063,17.418821334838867,553.2451413321373,17.582960848914936,546.736374963524,17.21327058896059,548.5960224974135,17.488917252781192,13396324.0,323848000.0
2021-06-09,16.346297607421874,17.324251174926758,546.7362339683767,17.540577737096076,542.0871163325912,17.221952924975888,544.8765869140625,17.481443908099,20023490.0,381656000.0
2021-06-10,16.70892883300781,17.390869140625,556.9642944335938,17.457739248827977,545.806412074323,17.142358208730958,549.5257061940799,17.316017184218452,28527745.0,287772000.0
2021-06-11,16.79261535644531,17.79033851623535,560.6836688779914,17.904115558369977,557.8941978885487,17.40958546934484,559.7538452148438,17.44526488678079,24227710.0,416308000.0
2021-06-14,,17.98345947265625,,18.004168879417268,,17.62815770463374,,17.8709311923121,,321376000.0
2021-06-15,16.987877197265625,17.753662109375,566.2625732421875,17.980966851170606,563.4731024380388,17.69328140217178,564.4029260394217,17.879915447873664,26012250.0,243032000.0
2021-06-16,16.876301879882813,17.775365829467773,565.3328673811983,17.91958353995756,562.5433959960938,17.55005801824615,565.3328673811983,17.755905195170822,25856919.0,307124000.0
2021-06-17,16.974334716796875,18.62070655822754,565.8111572265625,18.798108043927098,558.3417030057498,17.72147222460218,561.1427483385546,17.73968599204116,22872361.0,809656000.0
2021-06-18,16.890303955078124,18.602245330810547,567.6785408893035,19.337053279278614,561.1427682145911,18.54760211926056,567.6785408893035,18.747211172620897,32652017.0,968856000.0
2021-06-21,16.33009460449219,18.391155242919922,554.6069865676592,18.500192268100808,544.3364868164062,17.787839499547513,550.8722593853854,18.399138994095896,44279632.0,672384000.0
2021-06-22,16.190040893554688,18.849754333496094,549.0048469094669,18.92660507622749,539.6680297851562,18.34998560236553,546.2038017721737,18.43531884267219,27823974.0,580144000.0
2021-06-23,16.666221313476562,19.01992416381836,558.3417560481224,19.11523806483053,542.4691643210018,18.870717076236275,544.3365280536043,18.970521600226032,34392376.0,332356000.0
2021-06-24,16.52616943359375,19.167882919311523,558.3417695643539,19.38196321666006,549.0049506753178,19.050862128640112,558.3417695643539,19.190090466429325,16524230.0,320924000.0
2021-06-25,16.554179077148437,18.993722915649414,558.3417421395807,19.30760769177208,549.9386055521958,18.85749088074582,558.3417421395807,19.242734478364973,18841696.0,278364000.0
2021-06-28,16.52616943359375,19.945859909057617,550.872314453125,20.039426299318603,547.1375868975106,19.281163907149878,550.872314453125,19.32333084055383,15028407.0,495436000.0
2021-06-29,16.666221313476562,19.987524032592773,558.3417560481224,20.059381604646138,551.8059829840139,19.618497289772584,558.3417560481224,19.843555707997464,28659610.0,367632000.0
2021-06-30,16.666221313476562,19.963321685791016,559.2754379144236,20.123008141898186,555.5407104492188,19.82484337892794,559.2754379144236,19.960077929726754,24883853.0,326568000.0
2021-07-01,16.610198364257812,20.172414779663086,557.4080058157343,20.415936388945866,551.8059153050234,19.97979197741721,556.4743240639492,20.085585275385494,18250994.0,480136000.0
2021-07-02,16.47014465332031,20.446874618530273,553.6732301257906,20.46509029120931,548.0711401076544,20.248015591386082,550.8721851167224,20.400217064202426,18322419.0,342764000.0
2021-07-05,16.554179077148437,,557.408060296538,,549.004923709153,,549.004923709153,,28836816.0,
2021-07-06,16.582194213867187,20.657957077026367,556.4745355554529,20.801175376063185,549.9387608089962,20.310389765362387,555.5408534488163,20.69688024523805,12997112.0,446708000.0
2021-07-07,16.638208007812498,20.331850051879883,554.60693359375,20.8341145152586,549.0048433554293,20.292178758495766,550.8722067682029,20.812656990353336,16966158.0,418428000.0
2021-07-08,16.47014465332031,19.86376953125,555.5405934651693,20.093567981729365,549.0048217773438,19.662165492908528,555.5405934651693,19.817610723234363,21140426.0,503300000.0
2021-07-09,16.35810791015625,20.0109806060791,546.2039456302173,20.04092253625893,541.535535838506,19.71556079536785,543.4028997551906,19.92340298259044,29029415.0,296624000.0
2021-07-12,16.610198364257812,20.472326278686523,557.4080058157343,20.492535034513597,550.8722335532383,20.14821141495392,555.5406423121641,20.20035899004123,31304547.0,321984000.0
2021-07-13,17.002348022460936,20.21033477783203,567.6786160162685,20.421171290894833,559.275478608133,20.0746014912298,560.2091605423702,20.360539327140604,52540315.0,290708000.0
2021-07-14,17.170407714843748,19.802637100219727,574.214287364269,20.3777585137193,567.6785149877651,19.71406199497999,572.346923828125,20.317876564750325,38418875.0,380100000.0
2021-07-15,17.198417358398437,18.929101943969727,573.2805786132812,19.80812755137837,567.678488268526,18.821563045317962,572.3468968891553,19.772946881797132,22012834.0,550564000.0
2021-07-16,16.498157958984375,18.12543296813965,555.5406896205831,19.11948270047079,549.0049168015174,18.037605961353698,551.8059622954027,18.993231259240158,57970545.0,688224000.0
2021-07-19,16.3020849609375,18.742965698242188,545.2701957152062,19.00470100691421,539.6681046633377,17.830505174575197,544.3365138732281,17.88015900522527,40644341.0,749060000.0
2021-07-20,16.27407165527344,18.575546264648438,545.2701002111123,18.801103456143284,540.6016918188939,18.12842375795582,540.6016918188939,18.693315181670442,15354333.0,434687000.0
2021-07-21,16.38611389160156,19.371980667114258,547.1374780899439,19.488752073008282,541.535387870593,18.705289837701642,547.1374780899439,18.84501500467731,25828732.0,371017000.0
2021-07-22,16.554179077148437,19.555625915527344,554.6070147674096,19.848051357521825,548.0712418661102,19.238247911991987,549.9386055521958,19.60353224477191,26058172.0,323826000.0
2021-07-23,16.38611389160156,19.519689559936523,552.7395683092949,19.66141160255371,544.3364329802685,19.21229231935752,552.7395683092949,19.617497167153157,15271451.0,195672000.0
2021-07-26,16.246063842773438,19.256210327148438,551.8059615562702,19.403919258295247,541.5354614257812,18.876953550176268,551.8059615562702,19.273177227982416,21619179.0,203943000.0
2021-07-27,16.246063842773438,19.170381546020508,545.270188745959,19.583570290367025,541.5354614257812,18.70429520047659,542.4691432558257,19.22726912030376,17785992.0,248863000.0
2021-07-28,16.21805419921875,19.464801788330078,540.601806640625,19.607521359036934,534.9997153801004,18.95779733308722,537.8007610103626,19.281162154508305,36158305.0,202191000.0
2021-07-29,16.33009460449219,19.623493194580078,546.2038504075432,19.814119111356554,538.7343960429956,19.290145785833445,546.2038504075432,19.48077170260992,23224896.0,190781000.0
2021-07-30,16.246063842773438,19.460811614990234,543.4028250858702,19.591553664707593,539.6680977656923,19.22527376179025,542.4691432558257,19.379968974851085,18999281.0,183497000.0
2021-08-02,16.52616943359375,19.711320877075195,550.872314453125,19.92190808859006,541.535495564089,19.323082769829693,544.3365412307998,19.66141956035067,23482491.0,217444000.0
2021-08-03,16.638208007812498,19.77618980407715,554.60693359375,20.182392220720338,550.8722067682029,19.18235398489269,554.60693359375,19.701335941681744,22747702.0,301811000.0
2021-08-04,16.694230957031248,20.234289169311523,558.3417288761011,20.27820361021414,554.6070015926489,19.78916170563383,558.3417288761011,19.950845048564318,20313271.0,231309000.0
2021-08-05,16.694230957031248,20.596582412719727,558.3417288761011,20.69239507072361,553.6733197717858,20.302160081992344,558.3417288761011,20.459851589655973,15116242.0,211435000.0
2021-08-06,16.554179077148437,20.32611083984375,556.4743784534952,20.529711762188686,549.004923709153,20.170416240828555,556.4743784534952,20.483802328836408,13687213.0,178497000.0
2021-08-09,16.666221313476562,20.255247116088867,555.5407104492188,20.46782924614429,544.3365280536043,20.103544420644337,550.8723011177127,20.40595041491757,17390951.0,146443000.0
2021-08-10,16.554179077148437,19.896953582763672,556.4743784534952,20.389985501961267,549.9386055521958,19.796149668257808,556.4743784534952,20.282197231933214,17190865.0,179238000.0
2021-08-11,16.52616943359375,19.660415649414062,550.872314453125,20.009730497123236,546.203905008607,19.39194342900672,550.872314453125,20.00374173133508,19969687.0,185925000.0
2021-08-12,16.414125366210936,19.866012573242188,549.0048757299221,19.98976833789531,545.2701486841404,19.58157095773098,547.1375122070312,19.831081280362753,15444622.0,151652000.0
2021-08-13,16.27407165527344,20.14845848083496,546.203781889556,20.174408530560445,540.6016918188939,19.812118652801853,546.203781889556,19.866013738469984,22524428.0,183063000.0
2021-08-16,16.35810791015625,19.910926818847656,547.1376275885596,20.247266666197447,539.6681719218216,19.414898595152216,543.4028997551906,20.095563946017467,19315705.0,210876000.0
2021-08-17,16.35810791015625,19.419893264770508,545.270263671875,19.731282512145587,545.270263671875,19.22926733803896,545.270263671875,19.646447987886393,0.0,204585000.0
2021-08-18,16.078000488281248,19.002708435058594,536.8670314031195,19.595544866678445,528.4638952594186,18.962785866867872,530.3312588469076,19.461806547574923,43716164.0,285913000.0
2021-08-19,15.657843017578124,19.75922393798828,534.9996451444404,20.45485929513638,521.9281005859375,18.725251846297056,534.9996451444404,19.455818500095578,38868947.0,766555000.0
2021-08-20,15.461773681640624,20.775230407714844,525.662957896357,20.824134224618007,514.4587740690812,19.89396040304177,522.8619119395381,19.951845465883007,45614061.0,675741000.0
2021-08-23,15.853916015625,21.914993286132812,534.0659576523851,21.953916459169548,521.9280949784672,20.908968131694554,522.8617767226149,20.92992690976148,33685159.0,575807000.0
2021-08-24,16.0219775390625,21.750314712524414,536.8669629930616,21.915989944425775,533.1322362939794,21.49282061933605,535.933281318291,21.710394047847014,24844800.0,297299000.0
2021-08-25,16.38611389160156,22.16948890686035,546.2037963867188,22.425985469269687,535.933297651242,21.679451445799785,540.6017061673679,21.694421454904496,27504657.0,347701000.0
2021-08-26,16.638208007812498,22.024778366088867,563.010068951231,22.296244986769413,551.8058884745897,21.747322979236767,561.1427055384574,22.156519800185734,43822008.0,237940000.0
2021-08-27,16.77826171875,22.591663360595703,560.2090724123539,22.677495357124954,553.6732999008765,22.12358211109862,556.4743452629382,22.140549011785378,27105651.0,304722000.0
2021-08-30,16.946325073242186,22.64356231689453,564.8775024414062,22.9978665461968,559.275411508103,22.5068315173217,562.0764569747547,22.785284389338006,36575609.0,262580000.0
2021-08-31,17.198417358398437,22.345096588134766,573.2805786132812,22.654543447099517,558.3416710272675,22.080569588047847,563.9437613720227,22.654543447099517,52721470.0,259850000.0
2021-09-01,17.170407714843748,22.4009952545166,573.280605596197,22.65653941077816,567.6785149877651,22.317145363728788,573.280605596197,22.444917441859566,30092045.0,201767000.0
2021-09-02,17.002348022460936,22.356075286865234,574.2143895559295,22.552724604006478,566.7449340820312,22.255255503832075,572.3470256874549,22.477857542490984,24112463.0,187834000.0
2021-09-03,17.36647888183594,22.802282333374023,578.8826293945312,22.94502708285323,569.5458127913937,22.160428843315184,569.5458127913937,22.28520602846009,51562454.0,280532000.0
2021-09-06,17.674594116210937,,595.68890893516,,579.8163204525617,,581.6836838034556,,55589014.0,
2021-09-07,17.45051513671875,22.621601104736328,591.9543390411817,22.858178117396026,581.683837890625,22.48184938806885,591.9543390411817,22.79229579083583,26526056.0,198107000.0
2021-09-08,17.338472900390624,22.299179077148438,585.4185518871794,22.569695899677622,571.413323373132,21.93782296378938,580.750142382497,22.472868690555114,37817737.0,254434000.0
2021-09-09,17.338472900390624,22.137466430664062,578.882778580624,22.497822958424248,569.5459595712591,22.09154890429937,571.413323373132,22.2722260026907,18735512.0,196856000.0
2021-09-10,17.4225,22.437931060791016,581.6836816720257,22.585666045977288,573.2805466237942,22.230301661552243,574.2142282958199,22.3081617342925,16304725.0,248376000.0
2021-09-13,17.226432495117187,22.112516403198242,578.8828263941818,22.923069357625625,572.347052547796,21.819039808264478,577.9491444161267,22.643567747976853,15198774.0,297500000.0
2021-09-14,17.170407714843748,22.202354431152344,577.0153326684849,22.37005424167772,571.4132420600531,22.046632362543576,577.0153326684849,22.235294649384628,14441901.0,199755000.0
2021-09-15,17.002348022460936,22.301176071166992,572.3470256874549,22.327130700173733,566.7449340820312,21.926844520421923,569.5459798847431,22.269233523423004,23433501.0,166538000.0
2021-09-16,16.882758178710937,22.202354431152344,569.32412302653,22.237291891678463,561.8206749471028,21.887915382468456,565.5723989868164,22.143459582844198,22467022.0,156033000.0
2021-09-17,16.882758178710937,21.860958099365234,572.1379160563151,22.281207102991754,561.8206749471028,21.791083194243054,562.7586059570312,22.2602446314551,40717715.0,294503000.0
2021-09-20,,21.07536506652832,,21.394794333414797,,20.62516880092754,,21.10830528150104,,349440000.0
2021-09-21,,21.208126068115234,,21.386805922453842,,20.912654205243175,,21.378820762469015,,204688000.0
2021-09-22,16.48883056640625,21.90188980102539,552.4414791588897,21.920855034557416,546.8138919348603,21.15821693771429,549.627685546875,21.32791398615079,40642293.0,268726000.0
2021-09-23,16.545102539062498,22.441923141479492,556.1930728834503,22.49482815916139,551.50341796875,21.850977502040553,551.50341796875,22.100531843192954,21696296.0,248555000.0
2021-09-24,16.826484375,22.04163932800293,560.8828125,22.109518907997682,553.3793635033445,21.822032170050097,554.3172946279265,22.030659255697596,16736973.0,217655000.0
2021-09-27,16.939037475585938,21.621389389038086,564.6345825195312,21.760141550930204,556.1932017177443,21.286987463766607,562.7587201191342,21.67129949897606,19464241.0,245215000.0
2021-09-28,16.713931274414062,20.662099838256836,559.0069045763626,21.380817531553056,555.2551803845749,20.61418507151063,558.0689735284157,21.176183055866982,16707080.0,343069000.0
2021-09-29,16.32,20.480426788330078,546.8137931034482,20.97953549307052,541.1862068965518,20.430514775486866,544.0,20.90267308763545,49310524.0,218394000.0
2021-09-30,16.32,20.679067611694336,548.6896551724138,21.02844402080511,539.3103448275862,20.651117651281332,544.0,20.730974953025374,30465107.0,221009000.0
2021-10-01,16.15117492675781,20.70502281188965,543.0621534606721,20.821812905181094,535.5587040173467,20.166982251034497,543.0621534606721,20.713007971102318,36704493.0,240978000.0
2021-10-04,16.094895629882814,19.696826934814453,539.310313938381,20.505382530506473,533.6827280538065,19.520142401715756,538.3723829576186,20.467450161052863,20957803.0,345635000.0
2021-10-05,16.094895629882814,20.414541244506836,536.4965209960938,20.61119054589542,525.241349226945,19.818605422900344,527.1172111884697,19.914434949331966,33824024.0,279282000.0
2021-10-06,16.066759643554686,20.663101196289062,538.3724480677403,20.68306409753421,529.9310682199882,20.044205562922688,537.4345169735456,20.084135173310216,32508846.0,297202000.0
2021-10-07,16.32,21.037431716918945,545.8758620689655,21.283991146995888,536.4965517241379,20.934614688656062,539.3103448275862,21.05439970617636,27933054.0,256919000.0
2021-10-08,16.179312744140624,20.793865203857422,546.8138741932744,21.168196713896894,537.4345624575408,20.737965275396938,545.875943019701,21.063384348033484,18279079.0,151258000.0
2021-10-11,,20.658105850219727,,21.02544983163653,,20.474433859511326,,20.538320845467645,,163388000.0
2021-10-12,16.179312744140624,20.634151458740234,539.3104248046875,21.01946305631361,528.9931818953804,20.491406720482697,534.6207689368206,20.79087117970902,26522907.0,162134000.0
2021-10-13,16.066759643554686,20.901674270629883,539.310379161935,20.952583954386782,534.6207236909615,20.67607729547482,536.496585879351,20.880711795662105,18914374.0,180652000.0
2021-10-14,16.123037109374998,21.70723533630371,543.0621574361911,21.716218165545374,537.4345703125,21.084347145675174,543.0621574361911,21.2500515955608,13916927.0,243589000.0
2021-10-15,16.882758178710937,21.823030471801758,562.7586059570312,21.89190772292581,549.6275718180339,21.623388114406936,555.2551578776041,21.771123116168322,53150216.0,226994000.0
2021-10-18,16.6013818359375,22.182388305664062,566.5104310116525,22.25126555345027,553.37939453125,21.605417598789767,566.5104310116525,21.710231878087605,19158568.0,189494000.0
2021-10-19,16.882758178710937,22.25026512145996,562.7586059570312,22.33910526022256,556.1930888875326,21.997715878919838,560.8827439371745,22.236288235866933,17386359.0,161473000.0
2021-10-20,16.826484375,22.063600540161133,566.5103992474917,22.393012216577198,559.944881375418,21.9428159414838,565.5724681229098,22.265240126338746,16372520.0,146276000.0
2021-10-21,16.770206909179688,22.651546478271484,565.5724142189794,22.670513612315055,558.0689659374672,22.04363288703418,564.6344831837904,22.057607868351162,16169014.0,187590000.0
2021-10-22,16.882758178710937,22.685487747192383,564.634467976888,23.088766893844657,557.131019897461,22.520782871456124,562.7586059570312,22.782314953781942,13995403.0,249384000.0
2021-10-25,16.68579345703125,23.124706268310547,559.9448394518075,23.313368547575404,553.3793220713006,22.729412241704317,559.9448394518075,22.932049504618423,16785568.0,230235000.0
2021-10-26,16.854622192382813,24.672941207885742,562.7586708642008,25.213976818545138,556.1931530374518,23.88135545493323,558.0690152736657,23.946240126077328,19998808.0,485898000.0
2021-10-27,16.854622192382813,24.407411575317383,561.8207397460938,25.04527237326658,557.1310841555587,24.23871222601797,560.8828086279867,24.43037128925228,14961858.0,245990000.0
2021-10-28,16.74207092285156,24.89653778076172,560.8828241941308,24.90552251331478,554.3173061851694,24.47928367852218,560.8828241941308,24.833650364735526,16570044.0,234204000.0
2021-10-29,16.6013818359375,25.52142333984375,559.0069815942796,25.66317040664169,552.4414633540783,24.955434645649202,558.069050417108,24.956432314697842,25763960.0,292503000.0
2021-11-01,16.6013818359375,25.780960083007812,556.1931880627648,25.847840084274786,553.37939453125,25.182029270853185,554.3173257084215,25.603277891011974,16089351.0,265740000.0
2021-11-02,16.6576611328125,26.35393524169922,559.945027944204,26.63044187322587,553.3795083535684,25.75400678386634,557.1312338339317,25.77596882971604,15192404.0,294112000.0
2021-11-03,16.6576611328125,26.550586700439453,559.945027944204,26.73625596439229,555.25537109375,26.188234810137683,559.945027944204,26.62245885783558,10224009.0,239910000.0
2021-11-04,16.516964721679688,29.74787712097168,557.1310076477987,31.30908830102063,548.6896287440442,27.06965929215075,555.2551456691865,27.1804614836932,17932145.0,1153631000.0
2021-11-05,16.882758178710937,29.698965072631836,562.7586059570312,31.344026169769215,558.0689509073893,29.357573760166225,560.8827439371745,30.133189111166136,33270827.0,851260000.0
2021-11-08,16.939037475585938,30.74908447265625,564.6345825195312,31.044556301198657,560.882857718737,29.853682351180357,562.7587201191342,30.095251500165165,19752355.0,503101000.0
2021-11-09,17.192274169921873,30.602352142333984,578.7033913170648,32.25240737946729,572.1378747218955,29.910588557119116,573.0758056640625,32.224457412547444,39538660.0,646746000.0
2021-11-10,17.22041564941406,29.40648651123047,574.0138549804688,30.795007684124137,570.2621304381128,28.726700694204265,573.0759238448798,29.303671381538468,16027674.0,636206000.0
2021-11-11,17.0515869140625,30.33582305908203,568.38623046875,30.535467280143756,562.7586440284654,29.72391689151651,562.7586440284654,30.413685028796497,18463848.0,332172000.0
2021-11-12,16.99531311035156,30.33582305908203,573.0759553214572,30.625306989226694,564.6345746375077,29.577177684575233,572.1380241343517,29.956501323802833,15821327.0,413054000.0
2021-11-15,17.107864379882812,29.971477508544922,573.0759394796271,30.58937357063753,569.3242148349159,29.194864481425032,571.2000771572715,30.497538512803914,15551452.0,384909000.0
2021-11-16,17.16414001464844,30.149158477783203,574.0138627849641,30.33582540097829,570.2621381915983,29.653044701607005,574.0138627849641,29.705951623760214,20917108.0,264484000.0
2021-11-17,17.16414001464844,29.20883560180664,576.8276562299884,30.45461186782727,570.2621381915983,28.748656992567643,576.8276562299884,30.363772587135323,19717852.0,428508000.0
2021-11-18,17.24855163574219,31.618539810180664,575.8896522210823,32.70160492692009,569.3241350133501,31.26517070971762,574.9517211914062,32.30930768807157,20030651.0,781711000.0
2021-11-19,17.38924621582031,32.926204681396484,584.3311970041023,33.029021723106894,578.7036092319921,31.84812986296891,583.3932657087505,32.185526721316,35554348.0,533867000.0
2021-11-22,17.304830932617186,31.89903450012207,579.6414914014863,34.585237499045725,576.8276977539062,31.843134569619874,579.6414914014863,33.457250774716556,20312168.0,754335000.0
2021-11-23,17.22041564941406,31.689411163330078,576.8276483872357,32.302316991811644,573.0759238448798,30.824953732506227,576.8276483872357,31.478786841616532,19431694.0,532163000.0
2021-11-24,16.96717346191406,32.61575698852539,574.0138285622668,32.79643410460204,564.6345176380468,30.872869018575322,574.0138285622668,31.404919867706546,20391940.0,435162000.0
2021-11-25,16.96717346191406,,569.3241731001568,,563.6965865456248,,567.4483109153127,,11888265.0,
2021-11-26,16.770206909179688,31.44684410095215,563.6965521486013,32.651691371674744,555.2551728319002,31.294116955311978,560.8827590430343,32.541886844605834,26588102.0,283069000.0
2021-11-29,16.68579345703125,33.31650161743164,560.8827705061657,33.35243674126229,554.3172531256588,31.978890220445034,557.1310462887332,32.30830377266942,23379558.0,454964000.0
2021-11-30,16.770206909179688,32.61774826049805,562.7586211134123,33.29354334452647,554.3172417967112,31.807197415948863,559.9448280078452,33.10986943608958,62021697.0,622066000.0
2021-12-01,16.882758178710937,31.38280487060547,565.5723989868164,33.23372848917502,557.131019897461,31.32789588780032,559.0068819173177,33.1638450216709,21403404.0,484368000.0
2021-12-02,17.304830932617186,32.07265853881836,576.8276977539062,32.42407527825426,564.6345919477261,30.973486769169387,567.4483855953061,31.16217404160202,45125742.0,472890000.0
2021-12-03,17.107864379882812,30.64203643798828,575.8897329631604,32.075652846801304,568.3862836737381,30.079969644335943,575.8897329631604,31.946865430787476,23045832.0,544325000.0
2021-12-06,16.882758178710937,29.98712921142578,571.1999850463867,30.190789071404463,562.7586059570312,27.991447670105416,565.5723989868164,29.830388390939543,23589363.0,658938000.0
2021-12-07,17.07972839355469,32.3731575012207,569.3242797851562,32.39512414175967,559.944967103358,30.600107237849343,564.6346234442572,30.905600826752625,18606530.0,593053000.0
2021-12-08,16.939037475585938,31.773155212402344,575.889756921914,32.23638547135138,564.6345825195312,31.36882700302814,575.889756921914,31.945868292302027,20801543.0,475551000.0
2021-12-09,17.107864379882812,30.439376831054688,570.2621459960938,32.15153145094068,564.6345590290271,30.37747949625255,568.3862836737381,31.68131088386463,11039070.0,488507000.0
2021-12-10,17.023450927734373,30.147855758666992,570.2621577995868,31.25301792026344,564.6345707160383,29.811415458450643,567.4483642578125,31.0982746143966,10497451.0,488825000.0
2021-12-13,16.91089599609375,28.114242553710938,572.1379122361169,30.243702380556975,563.696533203125,28.069317192701146,571.1999812324511,30.198777019547183,17711657.0,598344000.0
2021-12-14,16.854622192382813,28.28995132446289,562.7586708642008,28.630384758297584,559.9448775098798,27.204756202046624,560.8828086279867,27.653010122977456,22579034.0,667035000.0
2021-12-15,16.882758178710937,30.408424377441406,563.6965369669597,30.449356665118692,559.0068819173177,27.791776093931176,559.9448129272461,28.35284320242174,21827730.0,698297000.0
2021-12-16,17.101832885742187,28.33987045288086,570.0610961914062,31.108267377457725,566.2920972083226,28.04635983731277,570.0610961914062,31.10028123809291,21809022.0,707366000.0
2021-12-17,17.15836669921875,27.75484275817871,571.945556640625,28.87398185794229,564.4075591890188,27.71391046463338,566.2920585519204,27.93853727930007,24105733.0,713758000.0
2021-12-20,16.9039599609375,27.672977447509766,571.9455795032923,28.097271049755637,563.46533203125,27.099931065404437,571.9455795032923,27.259665261839245,21381070.0,461847000.0
2021-12-21,16.875692138671873,29.0267276763916,565.3498203910176,29.071653039271254,560.6385718877591,27.355505319777695,562.5230712890625,28.32689133011488,17001461.0,524385000.0
2021-12-22,16.96049560546875,29.35118293762207,566.2921032714844,29.50592625626898,563.4653540039062,28.40176179456278,563.4653540039062,28.843029224452167,9831802.0,395184000.0
2021-12-23,17.130098876953124,29.59078598022461,572.8877952248349,30.009090909149347,567.2342972456426,29.3821333634652,571.9455455616362,29.705594809003493,16654439.0,343022000.0
2021-12-24,17.07356689453125,,573.8301456274576,,569.118896484375,,571.003396141608,,11059689.0,
2021-12-27,17.130098876953124,30.893617630004883,574.7722945512324,31.03538204670914,569.11879657204,29.59078418897294,569.11879657204,29.610751437338408,16259872.0,403686000.0
2021-12-28,17.38450744628906,30.27165412902832,579.4835815429688,31.2779798761031,574.7723329125381,29.962167479204744,574.7723329125381,31.26001011350921,33892718.0,420591000.0
2021-12-29,17.412777099609375,29.95118522644043,583.2526528494699,30.49727786088368,578.5414036342077,29.31723936389222,579.4836534772601,30.222734856896757,24518766.0,343139000.0
2021-12-30,17.38450744628906,29.536874771118164,584.1948301733994,30.40642882046934,579.4835815429688,29.490951623428547,583.2525804473132,29.777473829045196,19681276.0,308864000.0
2021-12-31,,29.362165451049805,,29.980139053402233,,29.282298358737826,,29.624729254895836,,266530000.0
2022-01-03,17.836787109375,30.070987701416016,595.5018200277337,30.660008224026054,582.3103240144611,29.735545150472017,583.2525737296949,29.76549602429652,69089158.0,391547000.0
2022-01-04,18.543475341796874,29.24136734008789,618.1158447265625,30.417410867767106,606.8088475669302,28.30192980643292,607.7510973302329,30.226728022386652,79434666.0,527154000.0
2022-01-05,18.373870239257812,27.558170318603516,630.3650866699219,29.367162204589928,608.6933422851563,27.48728905002323,630.3650866699219,28.900936585553737,69593809.0,498064000.0
2022-01-06,18.20426513671875,28.13121223449707,608.6933373871797,28.390780754278314,599.270839904406,27.020061315779476,601.1553394009608,27.594105432830812,53210211.0,454186000.0
2022-01-07,17.921592407226562,27.201759338378906,608.6934119383995,28.374809533146287,595.5019138468552,27.012074277608804,605.8666623473543,28.094275963122143,38249908.0,409939000.0
2022-01-10,18.175999145507813,27.35450553894043,607.7511378357977,27.42339121729119,590.7906409659615,25.601420627020225,591.7328907920636,26.53686513650819,38289770.0,594681000.0
2022-01-11,18.40213623046875,27.770811080932617,613.404541015625,28.018400389548873,602.0975448678715,26.79443625197096,608.6932926207277,27.277631854382193,33196585.0,404089000.0
2022-01-12,18.656546630859374,27.952512741088867,621.8848876953125,28.547521945653298,612.4623893968987,27.562161186858624,619.0581382057884,28.02039872605383,38860063.0,383413000.0
2022-01-13,18.68481262207031,26.530879974365234,623.7693371563564,28.432716004989956,617.173588878268,26.454006243536504,620.0003381403059,28.331883856453288,38137411.0,540171000.0
2022-01-14,18.9957568359375,26.89726448059082,634.1341443743025,27.151842140588478,622.827146257673,26.166479555491414,634.1341443743025,26.256330270292747,95200777.0,395832000.0
2022-01-17,19.306699218749998,,648.2678898243045,,638.8453914256954,,645.4411403047218,,59614236.0,
2022-01-18,18.713080444335937,25.8599910736084,641.6720937861417,26.593771304174776,623.7693481445312,25.727212482924052,638.8453444743085,26.216398668574403,43593330.0,424270000.0
2022-01-19,18.486941528320312,25.02537727355957,621.8848832156681,26.49892630165534,613.4046348081816,25.010402789445816,614.3468846312358,26.03569794765368,40381333.0,488315000.0
2022-01-20,18.40213623046875,24.109899520874023,619.0580390895017,25.536527577241113,608.6932926207277,24.03801857125816,612.4622913366455,25.261984584455462,46474584.0,435181000.0
2022-01-21,18.119461669921876,23.335189819335938,608.6933041481816,24.78178327218857,600.2130568767673,23.22437406536399,606.8088047545339,23.467968404195105,49577684.0,718958000.0
2022-01-24,18.458671875,23.33319854736328,617.1735619257274,23.341184687234453,600.2130670941807,20.853323124243854,602.0975665199081,22.292928613948867,47134502.0,913982000.0
2022-01-25,18.119461669921876,22.286930084228516,607.7510544513577,22.90490361210889,601.155306573591,21.96346868497262,605.8665550577101,22.508561571917216,52318736.0,664616000.0
2022-01-26,17.978124389648436,22.734188079833984,603.9820615180633,24.017054276732555,598.3285632823248,22.262971680271402,598.3285632823248,23.201411410546623,29957189.0,755959000.0
2022-01-27,,21.907564163208008,,23.955159252338138,,21.639009808623186,,23.52886820255398,,573353000.0
2022-01-28,,22.802078247070312,,22.820048010786028,,21.2606411698598,,21.975451978511124,,543774000.0
2022-01-31,,24.445341110229492,,24.468303634750853,,23.01372224893339,,23.143505546371184,,564680000.0
2022-02-01,,24.597089767456055,,25.103247877461293,,23.850330704033755,,25.062315591228543,,518925000.0
2022-02-02,,25.200088500976562,,25.774132622519968,,24.51223144212817,,25.751172000167223,,543419000.0
2022-02-03,,23.908235549926758,,25.035360614903343,,23.7405152363661,,24.417388950040785,,410178000.0
2022-02-04,,24.27861976623535,,24.594095048880515,,23.59276022101229,,23.932195820431403,,354829000.0
2022-02-07,17.949860229492188,24.68694305419922,606.8089232437254,25.140187815077873,594.5596747931534,24.16181543294746,606.8089232437254,24.33153324651553,56836469.0,376868000.0
2022-02-08,17.75198547363281,25.066312789916992,607.7510950367921,25.188109973378168,591.7328491210938,23.940185358317635,607.7510950367921,24.31855581216835,39718217.0,410359000.0
2022-02-09,17.89332275390625,26.660655975341797,600.2130907971712,26.68062322212367,593.6173425466528,25.310901702299226,598.3285912970231,25.579454126044055,30048791.0,524282000.0
2022-02-10,18.34559875488281,25.78112030029297,611.5199584960938,26.88029199241875,600.2129638859965,25.557493212952927,602.0974629876794,25.951837797639563,34587133.0,513200000.0
2022-02-11,18.373870239257812,23.90923500061035,612.4623413085938,26.108578207362118,604.9243432617187,23.733528537307695,608.6933422851563,25.872969995760105,26723278.0,605472000.0
2022-02-14,18.006390380859376,24.22670555114746,603.9820112051732,24.833695786816477,598.3285134403822,23.71555467636416,603.039761577708,23.894258305149656,27826382.0,440424000.0
2022-02-15,17.89332275390625,26.451007843017578,602.0975902973192,26.500924060029924,596.444091796875,24.74284839064699,596.444091796875,24.907573430133024,21970460.0,699869000.0
2022-02-16,18.260802612304687,26.466983795166016,608.6934204101562,26.537866965853834,603.0399211493808,25.509576376590644,607.7511705333603,26.21540328445348,25191741.0,732676000.0
2022-02-17,18.23253479003906,24.466310501098633,608.6934095279191,25.742188489947967,603.9821602281675,24.124879275099264,606.8089098080184,25.58744515408169,18135080.0,810595000.0
2022-02-18,18.006390380859376,23.602745056152344,602.0975119502428,24.944513343436252,599.2707630678473,23.06164517495329,601.1552623227776,24.627040558027012,20804191.0,761255000.0
2022-02-21,17.865054931640625,,599.2708299854135,,595.5018310546875,,596.444080787369,,23797502.0,
2022-02-22,17.7237158203125,23.351165771484375,593.6172762784091,24.02404653900584,588.9060280539773,22.961813884519863,591.7327769886364,22.996755622879142,34086593.0,633422000.0
2022-02-23,17.667183837890626,22.349830627441406,592.6751271484375,24.1148968207537,587.0216283203125,22.263974873225862,587.963878125,23.76248225688554,31953054.0,566511000.0
2022-02-24,17.07356689453125,23.708568572998047,583.2526439136227,23.76048227912368,569.118896484375,20.855314126890256,582.3103940850061,20.980106579835613,73663161.0,735801000.0
2022-02-25,17.07356689453125,24.11688804626465,573.8301456274576,24.176787885965194,565.3498971699089,23.342177486368662,565.3498971699089,23.681613084974376,89012516.0,528866000.0
2022-02-28,,24.344511032104492,,24.62404680167832,,23.667637295528454,,23.95216392519215,,477319000.0
2022-03-01,17.07356689453125,23.438018798828125,574.772395456074,24.33652598998969,564.4076473412924,23.09359231167068,564.4076473412924,24.250668339961535,66720867.0,412056000.0
2022-03-02,16.988761596679687,24.183902740478516,570.0610519129901,24.372622143771075,565.3498035500728,23.38010408188159,566.2920532226562,23.720595472214217,40693457.0,389642000.0
2022-03-03,17.01703125,23.678661346435547,571.945623961794,24.289748837084414,566.2921252076412,23.434025615218154,568.1766247923588,24.22584313015337,33792420.0,365095000.0
2022-03-04,16.819156494140625,22.90182113647461,562.523049131762,23.644711894757485,557.8118008140756,22.448497224044026,560.6385498046875,23.349153472199582,55917115.0,431415000.0
2022-03-07,16.2820751953125,21.32017707824707,547.4470884535048,22.998673440750736,541.7935901217991,21.298210506121205,546.5048387315538,22.782993850535895,86496560.0,450821000.0
2022-03-08,15.914600830078124,21.4819393157959,537.0824436438444,22.339658469044437,528.6021945336784,20.619226547130868,528.6021945336784,21.277244887363725,79029914.0,557467000.0
2022-03-09,16.055938110351562,22.979700088500977,539.9091864572445,23.185392443347915,534.2556871226136,22.213843020065433,534.2556871226136,22.353633755931707,52155415.0,492742000.0
2022-03-10,16.593017578125,22.624235153198242,554.9850853785136,22.754040584396947,548.389337334966,21.84939060205411,551.2160864964864,22.497423605794957,45630467.0,428066000.0
2022-03-11,16.25381103515625,22.06706428527832,548.3894505774457,23.110506975941554,540.8514512567936,22.01314390939732,547.4472006623641,22.987689188437532,38943098.0,367209000.0
2022-03-14,16.169003906249998,21.298213958740234,543.6780450994319,22.228824300105835,538.966796875,21.127469255250418,540.8512961647727,21.836410299118032,33919577.0,385354000.0
2022-03-15,15.773263549804687,22.938764572143555,530.4867012270036,23.003668240603968,525.7754516601562,21.290225867496503,529.5444513136341,21.485932929645983,74092231.0,491996000.0
2022-03-16,15.851380004882811,24.45949363708496,535.0077480740017,24.56034294810157,525.538584391276,23.137467402738345,534.0608317057291,23.46497769711793,43438327.0,671422000.0
2022-03-17,16.533162231445313,24.72909164428711,552.0523242229448,24.80497668926542,544.476992158136,23.870372704390515,547.3177416824393,24.08405447817584,60959900.0,471941000.0
2022-03-18,16.50475158691406,26.41357421875,551.1053025578877,26.529402462683834,545.4238045933735,24.587301547344786,551.1053025578877,24.762039969866564,46242430.0,730719000.0
2022-03-21,16.646790161132813,26.69415855407715,557.7337545453485,27.111536797188958,552.0522561968389,25.928301387968048,552.0522561968389,26.46749755994307,21400273.0,591727000.0
2022-03-22,16.5615673828125,26.484474182128906,554.8929952160163,27.197410882322774,546.3707478492174,26.0331480863701,546.3707478492174,26.687170788445144,20246949.0,547007000.0
2022-03-23,16.760423583984373,25.595800399780273,558.6807861328125,26.572341697060686,554.8931197861494,25.53688830770324,558.6807861328125,26.0870658845111,25902069.0,502120000.0
2022-03-24,16.78883056640625,28.108047485351562,560.5746021044839,28.27779420939195,553.9461862012215,25.8683902128189,555.8400193164393,26.127005000420777,20060758.0,877379000.0
2022-03-25,16.987679443359376,27.65073013305664,566.2559814453125,28.315737960951427,563.4152323745167,27.230358020391172,565.3090650883805,27.84444125922463,26122381.0,579016000.0
2022-03-28,16.58997802734375,28.17694854736328,554.8931006862692,28.20790248898893,549.2116013618364,27.16545760949653,550.1585179159085,27.71463915464083,26391576.0,425494000.0
2022-03-29,16.7320166015625,28.613296508789062,557.73388671875,28.90286335581957,552.9993036396435,27.938303300567007,554.8931368712861,28.65223794852146,14892032.0,488984000.0
2022-03-30,17.044495239257813,27.648731231689453,568.1498413085938,28.453529721857542,565.3090921020508,27.462009663088633,567.2029249064128,28.261816443262,41230239.0,463487000.0
2022-03-31,16.959274291992188,27.24533462524414,570.0437255041484,28.20590083771921,562.468393603761,27.22935962818796,570.0437255041484,27.740595719601412,22700114.0,523440000.0
2022-04-01,16.7320166015625,26.672191619873047,557.73388671875,27.45502363901107,552.9993036396435,26.22785509776325,553.9462202554647,27.334203673017093,29732696.0,517235000.0
2022-04-04,,27.319229125976562,,27.516934023480175,,26.57334255378141,,26.688170953873744,,397120000.0
2022-04-05,,25.89235496520996,,27.278286925906624,,25.781520326802593,,27.213383261698006,,436615000.0
2022-04-06,16.41952880859375,24.370624542236328,549.21145957234,25.2622933065519,544.4768780243026,23.96722731524635,547.317626953125,24.89683955279914,37645873.0,703833000.0
2022-04-07,16.078641357421873,24.171924591064453,542.5831270790774,24.685158549693586,535.9547119140625,23.44301291917994,540.6892941747874,24.404577168405506,42904743.0,557992000.0
2022-04-08,16.10704833984375,23.084550857543945,539.7423605944114,23.88735370505149,535.9546949060295,23.027636583059415,536.901611328125,23.88136212736683,28024587.0,524781000.0
2022-04-11,15.851380004882811,21.884340286254883,535.9546644422743,22.286739635509527,528.3793334960938,21.62772328426107,533.1139153374565,22.18089859656989,36820094.0,575207000.0
2022-04-12,15.822974853515625,21.471948623657227,534.0609106752132,22.691129429038916,522.6979125757406,21.2502793863151,524.5917455923194,22.503409911822406,30671407.0,662258000.0
2022-04-13,16.277493896484373,22.169910430908203,545.4238792539267,22.466468701458307,533.1139653124318,21.423025967810332,534.0608817694699,21.695619837482337,35865970.0,516943000.0
2022-04-14,16.277493896484373,21.226318359375,547.3177121680028,22.743055580371742,542.5831298828125,21.131460624678123,546.3707957109648,22.471459680760894,19056590.0,569097000.0
2022-04-15,15.965013427734375,,535.9547805514625,,531.2201976844001,,532.1671142578125,,28253360.0,
2022-04-18,15.936602783203124,21.750539779663086,535.9546747054645,22.055083666940355,528.3793436142213,21.047588412617543,529.3262600006267,21.16840838713387,15800959.0,525701000.0
2022-04-19,16.050232543945313,22.1649169921875,538.79541696194,22.339655417772782,533.1139187162956,21.28223369143071,535.9546678391179,21.68762874329456,16614705.0,512781000.0
2022-04-20,16.19227111816406,21.449983596801758,539.7423706054688,22.636212728413195,532.167039088199,21.168404300723353,539.7423706054688,22.48344088136502,27606307.0,468974000.0
2022-04-21,16.050232543945313,20.15291976928711,540.6892497104881,22.358627104413102,535.0077514648438,19.970191949218012,540.6892497104881,21.676644485613554,18383650.0,656209000.0
2022-04-22,15.851380004882811,19.485916137695312,529.3262498643663,20.455469724375096,527.4324171278212,19.47093910167444,528.3793334960938,20.272741885994805,29283846.0,624713000.0
2022-04-25,15.538899536132812,19.872339248657227,522.6979003013597,19.915274431775124,517.0164013850406,19.067540723939842,520.8040673292533,19.17338174002368,43389591.0,641566000.0
2022-04-26,15.510488891601561,18.759998321533203,521.7508778554616,19.75850791355369,515.1224637992216,18.642174159202693,520.803961561713,19.6886125468332,35825421.0,653143000.0
2022-04-27,14.942340087890624,18.387556076049805,503.7595010619653,19.138434234103975,498.0780029296875,18.262742370090756,501.865668351206,18.57028200080162,55941533.0,499460000.0
2022-04-28,15.084378662109375,19.752519607543945,503.75953849605696,20.00714066217904,495.23729066435675,18.462445183944375,501.86570564456804,18.938733622082346,45380836.0,570327000.0
2022-04-29,15.283233947753907,18.519365310668945,517.9633810050425,20.098008949701992,506.60038178738165,18.489409325924903,517.9633810050425,19.373090878554525,36664644.0,500435000.0
2022-05-02,,19.503889083862305,,19.544826438878488,,18.363590915435953,,18.513366975474923,,572049000.0
2022-05-03,15.084378662109375,19.572786331176758,511.3348699020127,19.795455471125397,501.86570564456804,19.104485421205485,509.4410370505238,19.371087707919227,26317509.0,475751000.0
2022-05-04,15.16960235595703,20.30369758605957,508.49416137009524,20.369599216580077,501.8657458587532,18.723056414853783,504.70649536361407,19.89331076561568,16569622.0,648855000.0
2022-05-05,15.396860961914062,18.81591796875,515.1225315671126,19.895306405441634,510.3879494755031,18.47243074499455,514.1756151487907,19.837394179554046,20374772.0,626331000.0
2022-05-06,14.999153137207031,18.64716911315918,502.81251994046295,19.482921680420777,498.0779387734153,17.963190456897568,499.9717712402344,18.708079031615256,32467268.0,633297000.0
2022-05-09,14.77189453125,16.92473793029785,496.1841496394231,18.227791316051963,492.396484375,16.801920156504544,495.2372333233173,18.007121935762466,23709774.0,644455000.0
2022-05-10,14.71508056640625,17.568777084350586,491.4496019282396,18.170879059603845,478.1927725891349,16.999626873079258,479.1396889704995,17.66263685688102,41679907.0,761474000.0
2022-05-11,14.800303344726562,16.6052188873291,498.0780268282899,17.72654660798843,490.502695621776,16.543312903457423,490.502695621776,17.321151449307937,27157254.0,670167000.0
2022-05-12,14.345784301757812,16.150894165039062,490.5027239808942,16.76298149965486,478.19281005859375,15.54380139786344,488.60889106977106,16.19482921795703,32532963.0,708728000.0
2022-05-13,14.51622802734375,17.679611206054688,486.71501670284977,17.901280469839755,479.13968570358367,16.568271003678,480.0866020784919,16.76298008035277,29074177.0,670437000.0
2022-05-16,14.77189453125,17.238271713256836,496.1841496394231,17.76149097316578,490.50265174278843,17.080508137659688,493.3434006911058,17.482907432187133,21163106.0,521446000.0
2022-05-17,15.055973510742186,18.149911880493164,504.70653341041424,18.343623016933673,492.3966179613797,17.60772181431636,493.3435345343824,18.047064735711228,24496974.0,585830000.0
2022-05-18,15.283233947753907,16.912757873535156,512.281881396212,18.09099968341527,505.6534651859099,16.838868746231114,512.281881396212,17.67861504995723,30568176.0,545161000.0
2022-05-19,14.828713073730468,17.098478317260742,499.0250185093204,17.660638927373824,492.3966027036937,16.709058292354577,495.2373523346766,16.91175675460039,29019751.0,621310000.0
2022-05-20,15.055973510742186,16.66912078857422,503.75961683741156,17.384053321038547,495.2373676803877,15.73152007253583,496.18428425339033,17.306170449937568,22651205.0,739105000.0
2022-05-23,14.999153137207031,16.872821807861328,505.6532686406916,16.88979667503642,499.9717712402344,16.1548932927796,504.70635240728205,16.249751052163614,17054170.0,639889000.0
2022-05-24,14.77189453125,16.129926681518555,502.81256385216346,16.572267316364297,492.396484375,15.756484419085185,501.8656475360577,16.485397070186654,17802308.0,588550000.0
2022-05-25,14.885528869628907,16.9497013092041,500.91887862809745,17.08549829859904,492.3966292752565,15.976154041404802,494.2904624647767,15.996124691037991,22176476.0,781132000.0
2022-05-26,14.601453552246094,17.824399948120117,497.1312007087678,18.065040055507428,485.7682018354245,15.99812487988935,495.23736756321057,16.012103957459512,28327403.0,996575000.0
2022-05-27,15.055973510742186,18.782968521118164,501.86578369140625,18.8528639018411,494.290451107385,18.073027617120662,496.18428425339033,18.15889990108296,27866643.0,738379000.0
2022-05-30,15.538899536132812,,517.9633178710938,,508.49415301056183,,509.44106949661506,,34476433.0,
2022-05-31,15.908193969726561,18.64417266845703,530.2731323242188,19.17138563045664,511.3348061697824,18.322652065266066,513.228638785226,18.951712293286153,72405873.0,664100000.0
2022-06-01,15.595715332031249,18.29269790649414,525.5386769445868,19.02460533881964,518.9102611993396,18.094993026120378,520.8040942694103,18.696097070599446,29155176.0,544514000.0
2022-06-02,15.340047912597656,19.562801361083984,516.0695131089952,19.589761549956243,511.3349304199219,18.17087971947534,515.1225965711806,18.26473949541427,21420890.0,648656000.0
2022-06-03,,18.69209861755371,,19.303187896340678,,18.494393766785954,,19.053560501800405,,598779000.0
2022-06-06,15.340047912597656,18.758005142211914,515.1225965711806,19.30818465793029,509.44109734429253,18.536335835975503,512.2818469577365,19.11047975543617,17615003.0,422406000.0
2022-06-07,15.198008422851562,18.897796630859375,509.4410299996349,18.971685760140286,503.75953152380254,18.1608955470896,506.60028076171875,18.444472719852158,19497532.0,388914000.0
2022-06-08,15.453678588867186,18.624147415161133,516.0695362091064,19.155466504120323,509.4411201477051,18.511291088726814,510.3880367279053,18.774953336248583,18835521.0,363252000.0
2022-06-09,15.3684521484375,18.024911880493164,513.2286546181839,18.908779945824655,508.4940729335143,18.01792086593532,509.4409892704482,18.457358515882248,16338602.0,395574000.0
2022-06-10,15.055973510742186,16.952289581298828,504.70653341041424,17.6743643693501,500.9188671184036,16.84742243847972,501.86578369140625,17.57748831959245,21357130.0,465248000.0
2022-06-13,14.658264770507811,15.626986503601074,491.4495746701263,16.291135875431017,487.6619093547496,15.586038580253959,490.50265834128214,15.979534674962359,32854092.0,604153000.0
2022-06-14,14.57304473876953,15.815742492675781,486.71507444623387,16.04544781168294,480.08665903548746,15.392284148777547,480.08665903548746,15.710876316967129,36304444.0,469680000.0
2022-06-15,14.459414062499999,16.505859375,487.6619673993124,16.846422777494436,481.03355230844795,15.905627378951795,481.03355230844795,16.074410869439195,35680283.0,563936000.0
2022-06-16,14.509396362304686,15.58104419708252,491.26302644023747,15.921608571556263,482.6944852813961,15.381300212652384,490.31096631147733,15.839712728353627,26909199.0,545749000.0
2022-06-17,14.309464416503905,15.859686851501465,478.8862675649677,15.974539518049612,475.078026868626,15.308392909125073,475.5540569556687,15.627983269069276,43566737.0,630334000.0
2022-06-20,14.223780212402342,,477.93424810080165,,471.26982631453546,,476.03012759043986,,34209693.0,
2022-06-21,14.423710327148436,16.544809341430664,480.79034423828125,16.986243386755977,475.0779837126779,16.386012332405663,476.982103887879,16.4539261416444,33223685.0,483089000.0
2022-06-22,14.123812866210937,16.33907127380371,478.8862737919853,16.640684971147333,470.79376220703125,16.159301242883746,476.9821534190549,16.20524192270082,31034893.0,437135000.0
2022-06-23,13.866756591796875,16.204240798950195,469.841701205064,16.56377889039034,461.74918963415615,15.832716072559949,468.41361092784496,16.49786335138702,43548940.0,463680000.0
2022-06-24,13.895318298339843,17.104093551635742,468.8896376795048,17.118075583251557,462.22521643329867,16.289137314054532,466.0334571454165,16.478894818061253,27911980.0,472153000.0
2022-06-27,14.238060607910155,16.847421646118164,481.7424719226037,17.307832403886103,471.74583960009915,16.604732446992188,472.2218697106946,17.28985577893397,37909718.0,427968000.0
2022-06-28,14.209497985839842,15.961555480957031,476.03008327771676,17.179994118125318,472.221842611495,15.924602157677786,472.221842611495,16.878380403943172,15274062.0,461149000.0
2022-06-29,14.023846435546874,15.522119522094727,474.6019991934906,15.799763801028618,467.4615478515625,15.150595618876443,472.22184874618125,15.793771910149683,30533789.0,482352000.0
2022-06-30,13.595419006347656,15.13961124420166,463.1772651672363,15.54708938329197,453.1806335449219,14.842991191276292,461.27314485822404,15.341352540397006,46311432.0,686070000.0
2022-07-01,12.95278106689453,14.504423141479492,451.27660607923616,15.043732379973727,430.80730854610624,14.373591140180935,448.89645520329077,14.879942597169714,61744377.0,577610000.0
2022-07-04,12.567194824218749,,429.85518660111865,,418.906494140625,,421.7626747824929,,52445919.0,
2022-07-05,12.738565063476562,14.944857597351074,429.85516637964633,14.951848612377853,412.2420532500263,14.03702095867943,427.95104604130904,14.156867338761803,50084244.0,651397000.0
2022-07-06,12.438666687011718,15.11064624786377,426.04694546021767,15.299404613963635,414.1461927937312,14.770081889148765,420.81061428696364,14.99079986275127,40549763.0,529066000.0
2022-07-07,13.067026062011719,15.837713241577148,436.99562568039187,15.92460183897925,417.4783918537077,15.369313353304065,420.81060250704405,15.43622803125207,48151202.0,492903000.0
2022-07-08,13.338363647460938,15.817739486694336,447.94433234335264,16.01648527345185,439.37579038566895,15.369313513209827,447.46830223459244,15.410261429575515,37897895.0,467972000.0
2022-07-11,13.195555114746094,15.132616996765137,447.9443493137112,15.507137272225446,438.89977690461393,15.018762513000553,445.56419867973824,15.506138147650255,21941710.0,437321000.0
2022-07-12,12.838531494140625,15.062705993652344,436.04356131378614,15.411259509376054,427.9510498046875,14.857968317959187,436.04356131378614,15.248467921930493,23036423.0,458483000.0
2022-07-13,13.438330078125,15.144600868225098,450.3244865003985,15.355331386426403,443.66006492428266,14.446495664890769,447.9443359375,14.571335757463341,44035695.0,521918000.0
2022-07-14,13.566858215332031,15.352334022521973,454.6087577418277,15.453204643495315,440.80388447008636,14.709157851740892,443.66006514699836,15.088671824154323,31936258.0,456235000.0
2022-07-15,14.066689453124999,15.741837501525879,470.31773873730964,15.761811422462909,454.132715339467,15.42524261594352,457.9409561389594,15.63896957043237,51846909.0,385935000.0
2022-07-18,14.152373657226562,16.08040428161621,474.6019689288558,16.87538560794433,465.08136774673227,15.981531892512702,471.74578857421875,16.281147386357773,39179575.0,670517000.0
2022-07-19,14.023846435546874,16.970264434814453,469.36566820941,17.08811351984662,463.1772770464056,16.151313682532283,464.1293372253293,16.4649111912205,19874865.0,702366000.0
2022-07-20,14.138094177246094,17.784221649169922,478.88628761985086,17.910061834444832,467.9375951593573,16.779509845835104,477.9342274058949,16.925323000677647,35436652.0,760538000.0
2022-07-21,14.309464416503905,18.02690887451172,476.9821472167969,18.120788488373734,470.3177259981989,17.52255573115242,472.2218463463697,17.862120940409465,22285593.0,557049000.0
2022-07-22,14.366588745117188,17.296846389770508,480.79041194726176,17.944016302358662,476.03011083887304,17.115078085285656,480.79041194726176,17.87011155488066,25216400.0,536671000.0
2022-07-25,14.26662139892578,17.002220153808594,478.88625716781235,17.102092597679004,474.12595640073664,16.62769991797587,476.03007670756693,16.99722548391544,15245346.0,480748000.0
2022-07-26,14.138094177246094,16.51185417175293,475.554076871005,16.89736013283814,467.4615650523793,16.456924215514,475.554076871005,16.867397819005358,18024265.0,397865000.0
2022-07-27,14.338026123046875,17.767244338989258,477.9342041015625,17.91305748757592,467.4615422586996,16.89136537035216,470.31772276129857,17.01021263004335,17166365.0,569776000.0
2022-07-28,14.309464416503905,17.960996627807617,484.5986286094802,18.11679723151061,475.078026868626,17.417693716861915,484.5986286094802,17.952009267058976,33844011.0,474646000.0
2022-07-29,14.537960815429686,18.1397647857666,485.550754149911,18.220660540354604,479.8383923363826,17.669366649850218,483.6466335454015,17.79021214812672,29045617.0,435460000.0
2022-08-01,14.395149536132813,18.417407989501953,483.64655848911826,18.821890549458065,476.0300772530692,17.966984750820693,481.742438180106,18.15873855695369,24117969.0,476469000.0
2022-08-02,14.052407226562499,18.502300262451172,472.2218146595528,18.91377387958384,465.0813638330475,18.068855428181987,470.3176944391514,18.098817737384373,39838155.0,489527000.0
2022-08-03,14.309464416503905,18.868833541870117,476.9821472167969,18.943738371050543,469.3656658241135,18.113800026189008,470.3177259981989,18.160740792189316,27603474.0,418146000.0
2022-08-04,14.28090362548828,19.19042205810547,478.88630157470703,19.249346605868137,471.2698196411133,18.736004129248517,475.0780606079102,18.824890989485212,26027618.0,409652000.0
2022-08-05,14.737890014648437,18.964710235595703,491.26300048828125,19.204403007150784,482.6944597820903,18.642123451952862,484.5985799390216,18.785938352922383,32784279.0,386068000.0
2022-08-08,14.623645935058594,17.77023696899414,490.31104534864426,18.215667459857006,484.598683655262,17.21994316503385,485.55074393749237,17.47961077979298,19333128.0,981859000.0
2022-08-09,14.566519775390624,17.064144134521484,486.50271929572614,17.424682406471327,479.8382984834559,16.702607690379292,482.6944788315717,17.229932154072273,21164373.0,668263000.0
2022-08-10,14.28090362548828,18.073850631713867,478.88630157470703,18.094823677301278,475.5540907287598,17.294847713662694,476.0301208496094,17.675360860644304,20861380.0,597422000.0
2022-08-11,14.6807666015625,17.919048309326172,489.35888671875,18.68307102858467,485.55064635518,17.853132750737004,488.4068266278575,18.107807625459433,23740033.0,509327000.0
2022-08-12,14.766453552246093,18.68506622314453,493.1671785985478,18.694055487134374,489.3589378371691,17.930032814892396,490.3109980275138,18.136768742480783,19535923.0,478094000.0
2022-08-15,14.937825622558593,19.00765609741211,498.87958102107734,19.1394872280922,494.11927967545637,18.58919331292406,495.0713399445806,18.677080098407796,21273166.0,457666000.0
2022-08-16,14.994949035644531,18.854848861694336,500.78369477771577,19.117512908161075,497.92751400902154,18.477332156884454,500.78369477771577,18.89579677843001,20720414.0,451240000.0
2022-08-17,15.052071533203124,18.311546325683594,501.7357177734375,18.664095434548585,496.02335666026744,18.12179073099997,498.87953721685244,18.499307480753973,27143102.0,446799000.0
2022-08-18,14.852137756347656,18.748985290527344,496.02331865750824,18.840866654371816,494.1191984323355,18.159739897692198,495.0712585449219,18.277588976259224,17831084.0,415447000.0
2022-08-19,14.82357696533203,17.826171875,497.9274728881601,18.496313186680602,492.2151118225215,17.747272444395136,494.1192321777344,18.38245867382848,14022812.0,441588000.0
2022-08-22,14.623645935058594,17.012210845947266,489.3589850664139,17.535540723316032,485.55074393749237,16.944297037737837,486.50280421972275,17.467626915106607,11494000.0,409593000.0
2022-08-23,14.395149536132813,17.15902328491211,481.742438180106,17.442660412531936,477.93419756208147,16.948292736194578,478.8862577165876,16.967269438805413,19191108.0,369986000.0
2022-08-24,14.366588745117188,17.199970245361328,483.646592612295,17.383734893205073,478.88629150390625,16.873388869420584,479.838351725584,16.990237880640596,14363212.0,522661000.0
2022-08-25,14.509396362304686,17.890087127685547,485.5506656676766,17.92404403363218,479.83830489511564,16.811468659657514,480.79036502387584,16.82245426924992,9357138.0,770691000.0
2022-08-26,14.623645935058594,16.239200592041016,490.31104534864426,17.901071577210672,486.50280421972275,16.216229297175428,488.4069247841835,17.83415784682312,12914846.0,769127000.0
2022-08-29,14.238060607910155,15.78078556060791,477.93423103784005,16.31709828403317,472.2218697106946,15.746829612744206,473.1739299318855,15.999506211121872,26590824.0,496132000.0
2022-08-30,14.166654052734375,15.448213577270508,476.03004209456907,16.018482294447917,472.2218017578125,15.162579180139744,473.64989188409623,15.939583832145958,24214535.0,530181000.0
2022-08-31,14.423710327148436,15.074691772460938,480.79034423828125,15.520121352878855,468.413563099474,14.93986423449081,468.413563099474,15.364320769329515,39357089.0,573710000.0
2022-09-01,14.009566040039061,13.919172286987305,471.7458357349205,14.361605448465777,466.50950456127356,13.253025685582315,471.2698056282253,14.19082370889168,39168672.0,1178865000.0
2022-09-02,13.852476196289063,13.629542350769043,466.0334775315118,14.152871237530379,461.74920654296875,13.573613280294385,464.6053872019974,14.081962917871357,29982959.0,743157000.0
2022-09-05,13.88103790283203,,464.60538385336287,,460.7971430021058,,461.7492032149201,,15903415.0,
2022-09-06,13.966723022460936,13.447776794433594,467.9375845630232,13.76137528012045,463.1772836010393,13.33392229414951,465.0814039858329,13.713436342642003,16700285.0,535751000.0
2022-09-07,13.495454406738281,13.70052719116211,455.08481174045136,13.824405923028626,449.37245008680554,13.332888681827493,454.13275146484375,13.549675509856467,34678562.0,512657000.0
2022-09-08,13.566858215332031,13.976256370544434,452.2286071777344,13.99423928995725,449.37242650082237,13.355867087394941,450.32448672645967,13.445777873509215,27931552.0,624873000.0
2022-09-09,,14.372864723205566,,14.4597791381939,,14.112121478240566,,14.143090204910548,,486612000.0
2022-09-12,13.895318298339843,14.49074935913086,467.4615474124607,14.532707912384652,461.74918634428394,14.18405081795038,461.74918634428394,14.354883295431712,21597212.0,484159000.0
2022-09-13,14.080971679687499,13.118099212646484,471.26984323497715,13.908322472477685,467.4616020775228,13.086131062146407,471.26984323497715,13.788440478996305,16507036.0,714956000.0
2022-09-14,13.709666748046875,13.115102767944336,459.369042078654,13.276943315177288,453.18065083821614,12.90031384041556,455.56080131530763,13.240978431546392,22645714.0,588507000.0
2022-09-15,13.688121643066406,12.916298866271973,459.6221328206978,13.220000127344166,455.7919483805253,12.77743547638596,455.7919483805253,13.002214824702325,23104850.0,523625000.0
2022-09-16,13.558851928710936,13.18503475189209,451.96173095703125,13.19902093786088,449.0890928365416,12.604605175974978,450.5254118967864,12.729482380831998,39087513.0,670751000.0
2022-09-19,13.41522216796875,13.368853569030762,452.91934942535465,13.449774322834386,446.6952991689809,12.997219278853803,451.9618032320664,12.999217169249121,17182380.0,569685000.0
2022-09-20,13.688121643066406,13.163056373596191,457.70704060061155,13.469754956293492,450.0466717202666,13.044173789951016,450.5254447752881,13.202018573132731,19842582.0,524818000.0
2022-09-21,13.530125427246093,13.24797248840332,455.3131380506382,14.01721652180981,448.61031582907253,13.097120803212986,453.3980459873337,13.200020259475322,24154633.0,807679000.0
2022-09-22,13.343404541015625,12.54865837097168,448.1315626261437,13.136080943388514,439.5136479602563,12.415789626091998,442.3862861822188,13.057158090324243,29702508.0,759162000.0
2022-09-23,13.070503234863281,12.503704071044922,440.9499442970359,12.598611009775242,435.6834411621094,12.244958688047188,439.03485224797174,12.40779866349174,29757787.0,663309000.0
2022-09-26,12.826329345703124,12.215987205505371,434.7259069017707,12.646564510699525,424.19290034688197,12.202001019731137,424.19290034688197,12.478729328671262,32342267.0,547343000.0
2022-09-27,12.869419555664061,12.400806427001953,432.3320631980896,12.723489088227405,427.0655596596854,12.245958955135906,429.93819795336043,12.494713950655878,24961404.0,553854000.0
2022-09-28,12.582155456542969,12.72348690032959,429.9381887357529,12.810401315845358,419.4051818847656,12.341862247036298,428.0230965810279,12.397806982956823,34402652.0,542414000.0
2022-09-29,12.49597686767578,12.20799446105957,424.6717042769509,12.487719102181986,413.65992389547415,11.934263490657965,424.1929312168867,12.435770144985517,41094780.0,532763000.0
2022-09-30,12.122535095214843,12.127074241638184,409.3510073621126,12.620589356495946,404.0845031738281,12.063136987478432,406.4783687139574,12.075125282179473,48266800.0,565638000.0
2022-10-03,11.97890167236328,12.499709129333496,406.47831813894584,12.66554642785347,398.8179493636536,12.093108397840087,400.73304155747667,12.334871252440895,36044395.0,547478000.0
2022-10-04,12.323616943359374,13.154064178466797,413.6598694274476,13.207012559438093,408.8721394572225,12.866347011223944,411.26600444233503,12.866347011223944,40375000.0,584182000.0
2022-10-05,12.78324005126953,13.196023941040039,431.8532781365212,13.307914384200766,423.23536349521595,12.608602210843058,425.6292286733563,12.898317294922858,46496536.0,507131000.0
2022-10-06,12.955599060058594,13.117100715637207,431.8533020019531,13.6425839766056,428.0231175052617,13.090126814611668,431.3745289398667,13.20701244873915,30331834.0,644157000.0
2022-10-07,12.582155456542969,12.064136505126953,429.4594156970716,12.657552810237998,418.4476358074031,12.010189654911168,429.4594156970716,12.492714947707153,31941781.0,672478000.0
2022-10-10,,11.658535957336426,,12.112089486584962,,11.396793251314486,,12.025175058445182,,698699000.0
2022-10-11,11.533643188476562,11.574617385864258,394.9877804272795,11.83436121602058,383.97599988203416,11.271914628734839,390.6788228226183,11.549641376314474,95793819.0,667482000.0
2022-10-12,11.41873809814453,11.488702774047852,383.0184687008648,11.723471574705954,378.70951092798003,11.333855307772826,380.1458301856083,11.567625639575176,53570085.0,492590000.0
2022-10-13,11.346920471191407,11.948250770568848,385.89105062364024,12.066134880189406,378.2306823730469,10.802377248193803,383.4971855453298,10.960222024495698,38046284.0,850103000.0
2022-10-14,11.835269165039062,11.21596908569336,398.3391563637743,12.099100331328724,391.63633402111464,11.192991920748677,396.90283729034724,12.045153488410339,54504366.0,713432000.0
2022-10-17,11.404373474121094,11.87631893157959,386.3698318058658,11.936260397536257,379.1882364191396,11.505684122266565,383.01842062539356,11.506682590935764,41512192.0,580774000.0
2022-10-18,11.69163848876953,11.955244064331055,389.7212829589844,12.479727942429879,382.5396868356616,11.606586932037441,389.2425098840962,12.331873568497944,40093216.0,659362000.0
2022-10-19,11.361285095214843,12.039159774780273,387.80619161921715,12.337866752571792,378.7095031738281,11.822372965327567,386.8486454670709,11.867328829944649,46385177.0,523131000.0
2022-10-20,11.41873809814453,12.182021141052246,380.6246032714844,12.756456083837714,369.6128222963345,12.093107871373773,374.40055315509534,12.101100385832355,52938069.0,652398000.0
2022-10-21,11.188925170898438,12.453752517700195,381.5820864872082,12.485721620803472,372.96417236328125,11.875321830125262,378.7094484458992,12.086114024805545,35923505.0,609494000.0
2022-10-24,11.117111206054688,12.58662223815918,380.6246084760326,12.697513248493351,370.57037353515625,12.052147995038125,378.2307430139192,12.495712036374808,46714078.0,517457000.0
2022-10-25,10.657488098144531,13.24797248840332,366.2613834267999,13.286934686690866,355.2496032714844,12.651558840573406,363.86751817564436,12.681530055483044,76416687.0,505482000.0
2022-10-26,10.80112060546875,12.883332252502441,362.9099919745263,13.37484859066324,354.2920765978225,12.695517198055128,354.770849674306,12.856359300336086,58850484.0,532953000.0
2022-10-27,11.074020080566406,13.163056373596191,372.4854138642743,13.824406722193462,366.261364532352,13.109109518861933,368.1764566344819,13.616610865298549,45684455.0,583113000.0
2022-10-28,10.901662902832031,13.820409774780273,365.78262879945856,13.836394804092368,359.0798057586308,13.048169369255774,363.3887634277344,13.091127349149271,40184472.0,521040000.0
2022-10-31,11.203289794921874,13.48374080657959,373.4429931640625,13.824406377678716,364.8250779371995,13.283937469443536,369.61280861879004,13.76446490016917,38409054.0,486341000.0
2022-11-01,11.246378173828125,13.529695510864258,376.31559151251196,13.911320201687651,369.6127692718311,13.505718920901153,372.0066343577886,13.797431875731613,41426496.0,432817000.0
2022-11-02,11.346920471191407,13.206014633178711,378.2306823730469,14.196041333744502,372.00663316943974,13.198023070967741,374.4004982477502,13.836395310338125,22535650.0,672628000.0
2022-11-03,11.030930786132812,13.407814025878906,370.57033109664917,13.767460952554842,367.2189198335012,12.943271666818118,368.6552389462789,13.030186086701502,39731333.0,500065000.0
2022-11-04,10.973479614257812,14.142091751098633,368.1765193439903,14.215019982268556,362.4312420590386,13.68354213547677,364.8251075944351,13.972258701273843,28397417.0,612576000.0
2022-11-07,11.203289794921874,14.286952018737793,376.3156315730168,14.397843046347731,370.57035475510816,13.940293701576701,373.4429931640625,14.214023771096802,35387706.0,410061000.0
2022-11-08,11.461826477050781,14.587656021118164,382.5396556041593,14.876371681076364,377.27315221035985,14.202034574026573,378.23069828195975,14.786459939771394,31838223.0,595292000.0
2022-11-09,11.97890167236328,13.762466430664062,399.2967224121094,14.19703950429596,386.3698501038037,13.745482933356136,386.3698501038037,14.14808690274886,52260831.0,454414000.0
2022-11-10,11.706001281738281,15.734528541564941,394.03022719307177,15.75750571204515,388.76372354893596,14.532710197697833,391.63636190028274,14.785461931192653,32044942.0,700819000.0
2022-11-11,12.682697753906249,16.310962677001953,423.23536483401756,16.372902052680672,416.53254231402184,15.46679335345204,422.756591796875,15.791473935797205,80016195.0,655487000.0
2022-11-14,12.78324005126953,16.278989791870117,430.8957320652651,16.523749911060445,422.75659045958787,15.90635612978262,430.8957320652651,16.202065781845178,61933190.0,527852000.0
2022-11-15,13.788663024902343,16.649625778198242,466.3249231338501,16.98129840959203,442.3862720489502,16.36590441599449,445.2589101791382,16.705570513482144,113379796.0,545876000.0
2022-11-16,13.989748535156249,15.894369125366211,473.0277738786576,16.345924724230652,461.05844761654583,15.857405773137009,470.63390862623527,16.146122356795157,85726375.0,649547000.0
2022-11-17,13.932295532226561,15.661598205566406,464.40985107421875,16.250020244801327,454.8343902273277,15.519737515039019,462.015985862496,15.699560979242039,45144984.0,710894000.0
2022-11-18,13.989748535156249,15.393860816955566,473.0277738786576,15.986278596921876,465.3674050709061,15.105144253231174,470.63390862623527,15.950312763215337,35859717.0,492072000.0
2022-11-21,13.84611602783203,15.301953315734863,468.71879637785474,15.461795982930148,460.10088183771035,15.0651856742172,466.80370425782263,15.132120243655514,29710180.0,404739000.0
2022-11-22,14.104654541015625,16.02224349975586,470.1551513671875,16.042224307977705,455.7919593702266,15.107143062322645,455.7919593702266,15.312941004415727,37343127.0,472866000.0
2022-11-23,14.133380126953124,16.502771377563477,474.942855214685,16.51076484483677,467.76125962172097,16.032235307241766,473.5065360960922,16.082185426693993,33475337.0,427241000.0
2022-11-24,14.248286132812499,,474.94287109375,,471.11268664944555,,473.0277788715978,,27396552.0,
2022-11-25,14.305739135742186,16.25401496887207,476.85797119140625,16.470800818409884,473.02778668384474,16.156111681984026,473.02778668384474,16.301968143605908,39949969.0,167934000.0
2022-11-28,13.803026733398436,15.811450958251953,469.1975788668217,16.34093096346319,460.10089111328125,15.709551881196315,465.3673945495415,16.01025486285479,38926919.0,303741000.0
2022-11-29,13.989748535156249,15.623636245727539,467.28249727284395,15.916348624692407,452.9193057583098,15.504753669157846,453.3980788087943,15.811451280864071,38182197.0,298384000.0
2022-11-30,14.075927124023437,16.91069793701172,469.19757080078125,16.91769281777384,462.01597532934073,15.585661676763154,462.4947483607701,15.685588408653329,57111603.0,565298000.0
2022-12-01,14.320101928710937,17.122543334960938,486.43341890907095,17.2524479882438,477.33673095703125,16.622906827629585,484.51832670864155,16.986642525168428,41746878.0,470977000.0
2022-12-02,14.147743835449218,16.863733291625977,475.9004186949754,16.92069297480223,469.19759589645463,16.43304680382368,469.19759589645463,16.646891961361217,28319679.0,371389000.0
2022-12-05,14.047201538085938,16.59792709350586,476.3791932650139,16.9826474725034,468.24005126953125,16.460026915348557,470.6339165623202,16.66687718258451,28360444.0,352255000.0
2022-12-06,13.731210021972656,15.975379943847656,468.2400070254274,16.560953485378082,457.7070007324219,15.807501837446898,467.2824609987905,16.517985472813457,40561068.0,352694000.0
2022-12-07,13.645032348632812,16.10828399658203,464.88864598324426,16.174236009152278,454.83441162109375,15.65561223859945,456.749503880551,15.7605364147691,36563503.0,372388000.0
2022-12-08,13.544489135742188,17.15652084350586,454.8343824303669,17.1665138034336,447.1740138841712,15.94739937572056,454.8343824303669,16.26117221837245,27238567.0,515456000.0
2022-12-09,13.831752319335937,16.9886417388916,463.93104871708283,17.570219425754605,455.79190751152,16.96266156791987,457.7069995598877,17.14752656117502,25915337.0,465338000.0
2022-12-12,13.645032348632812,17.522254943847656,457.7070500102796,17.52525302257886,453.3980924265008,16.784792378690156,456.27073081568665,17.024617711601017,20973334.0,457328000.0
2022-12-13,13.544489135742188,18.05886459350586,455.7919284986413,18.776343115909633,451.00419815726906,17.6981269308877,452.91929029381794,18.517530596389257,33272826.0,656589000.0
2022-12-14,13.803026733398436,17.66115379333496,460.10089111328125,18.238734707198045,451.96174943906084,17.407338697858034,451.96174943906084,17.97392602109033,30636639.0,496888000.0
2022-12-15,13.882479858398437,16.939678192138672,463.7123865292298,17.30741074376151,456.9709811175899,16.687862454853068,458.4155679915127,17.13353742821794,24222008.0,478542000.0
2022-12-16,13.608008422851562,16.558958053588867,453.60028076171875,17.028617754275558,448.30346219656064,16.398075743450875,449.2665201174985,16.851746323183324,47601400.0,478232000.0
2022-12-19,13.477994384765625,16.242183685302734,452.155652993745,16.59692515669725,447.82189274140876,16.13326367119488,449.2664794921875,16.559953304567404,21075559.0,354039000.0
2022-12-20,13.21796905517578,16.07330894470215,449.74801812510674,16.298145802015362,438.19132386921535,15.840479433965097,447.8219024157915,16.052324298417076,31139235.0,403260000.0
2022-12-21,13.261306457519531,16.48900604248047,445.8957799441934,16.614915819046644,440.1174329038799,16.090295879605936,443.00660642403665,16.102288194499057,36182644.0,325025000.0
2022-12-22,13.521331787109375,15.327851295471191,451.67411738990717,16.12627131825596,446.8588282919338,14.87118366618108,449.26647284092047,16.08230267249462,14047382.0,565045000.0
2022-12-23,13.145738525390625,15.194948196411133,441.5619863656851,15.32785094900713,438.1912841796875,14.872183007276343,440.5989285982572,15.18495523596569,24927413.0,349326000.0
2022-12-26,13.189076843261718,,440.11742368533083,,436.7467213157495,,437.2282502256897,,8793306.0,
2022-12-27,13.203524780273437,14.110737800598145,445.4143115154242,15.089026400204386,440.11749267578125,14.045784505919665,441.08055064662545,15.063045272929239,10264001.0,464902000.0
2022-12-28,13.030172424316406,14.025797843933105,435.3021386393951,14.251633402616966,429.5237916663058,13.87390790189094,434.3390808105469,13.916876867387723,32578949.0,351066000.0
2022-12-29,12.885715026855468,14.592385292053223,432.8945369634928,14.672327066692667,426.15313149353847,14.216659141844056,427.59771837995726,14.391532131235763,23020759.0,354923000.0
2022-12-30,12.957943725585936,14.603379249572754,439.6359205299131,14.618367738059508,431.93145751953125,14.222655631924866,438.1913337154665,14.323582060058012,21683478.0,310490000.0
2023-01-03,13.087955932617186,14.304594039916992,436.7467266697494,14.985099731591909,426.634619437043,14.085753367745566,429.52379293210197,14.840204674329469,14885824.0,401277000.0
2023-01-04,12.986835937499999,14.73828125,438.19134976362625,14.84220576294004,431.9314733384316,14.230651001541938,432.89453125,14.556414305336196,19188422.0,431324000.0
2023-01-05,13.2468603515625,14.254632949829102,442.52506954147356,14.553415431728993,438.1913093392176,14.137717402663952,442.0435406301118,14.480468531780316,23549581.0,389168000.0
2023-01-06,13.2468603515625,14.848199844360352,442.52506954147356,14.999090111892777,438.1913093392176,14.023799691610725,438.1913093392176,14.463479455416815,20886011.0,405044000.0
2023-01-09,13.896925048828125,15.6166410446167,463.2308349609375,16.044329449566135,450.2295537302251,15.129994555598975,450.71108266469594,15.272891218307487,46666263.0,504231000.0
2023-01-10,14.041383361816406,15.897438049316406,469.0091699042929,15.95039902678866,465.15693852930895,15.460755377830544,468.0461120605469,15.495729788044525,32646014.0,384101000.0
2023-01-11,13.998045043945313,15.989368438720703,469.9722037458075,16.016349239549506,464.19385697844103,15.551687092243982,469.0091459512464,15.828486169862327,21051115.0,353285000.0
2023-01-12,14.055829467773437,16.498998641967773,469.9722357158916,16.62490650981724,466.1200042755974,15.480739249829666,469.4907067858548,16.088298079147023,20963689.0,551409000.0
2023-01-13,14.445867919921874,16.886716842651367,490.19645141601563,16.90970084135266,480.56587280273436,16.153251110150944,488.27033569335936,16.26616793733889,77606949.0,447287000.0
2023-01-16,14.590324401855469,,489.2333198773979,,484.41803129592745,,487.3072044448097,,34373918.0,
2023-01-17,14.532542724609375,17.689132690429688,485.3811486549453,17.71511476777783,481.0473883990976,16.886716866647394,485.3811486549453,16.886716866647394,27770329.0,511102000.0
2023-01-18,,17.36437225341797,,17.860010174300744,,17.2694400738677,,17.654160507822112,,439624000.0
2023-01-19,,16.7528133392334,,17.184500442534787,,16.718839562488213,,17.023616264759873,,452932000.0
2023-01-20,,17.826034545898438,,17.843022387784448,,16.812771625874188,,16.998635350456045,,564967000.0
2023-01-23,,19.179052352905273,,19.23101460784554,,17.80505162894163,,18.05087123311822,,655163000.0
2023-01-24,,19.250995635986328,,19.480829897211883,,18.80631941203174,,18.81331429322704,,496204000.0
2023-01-25,,19.308956146240234,,19.3559228713677,,18.56649612243926,,18.89925428356879,,449537000.0
2023-01-26,,19.78760528564453,,20.151341001630637,,19.26398603168068,,19.686678873769658,,489535000.0
2023-01-27,,20.35019874572754,,20.6130080885657,,19.390897376500842,,19.44785515673825,,542142000.0
2023-01-30,15.688212890625,19.148073196411133,522.9404296875,20.12536109403258,514.2729087534531,19.136080881491797,521.9773718059392,19.93550056345809,124428936.0,488611000.0
2023-01-31,15.081483764648437,19.522804260253906,518.1250488748952,19.67269488283321,501.7530677766179,18.936230905560688,517.1619911632318,19.15607035827949,72530854.0,498017000.0
2023-02-01,15.312620544433592,20.927776336669922,513.3098585020821,21.176593969760216,502.7162216474425,19.596743898514525,512.3468006062058,19.67668566649622,33710990.0,660477000.0
2023-02-02,15.601536254882811,21.693220138549805,521.9773240831163,21.933045462419837,517.1620351155599,20.68495467288457,518.1250929090712,20.984735851231548,43077053.0,564276000.0
2023-02-03,15.659320678710937,21.08466339111328,521.9773559570312,21.72919501638303,516.1990088431158,20.77388862479516,520.0512402523927,20.984735697077607,31635865.0,429366000.0
2023-02-06,15.197054443359374,21.07367515563965,513.3098870919231,21.554324602726485,506.5684814453125,20.770893945385883,512.3468291424074,20.790879868656187,30870136.0,452197000.0
2023-02-07,15.110377807617187,22.156883239746094,508.49454954887665,22.24282117030571,502.71620239491216,21.134626120673612,504.64231811290034,21.366457835362763,23481767.0,664150000.0
2023-02-08,15.601536254882811,22.188859939575195,520.0512084960938,22.861371096490107,514.272861735026,21.99200262833472,518.1250929090712,22.370726857700443,35096191.0,559651000.0
2023-02-09,15.601536254882811,22.320764541625977,520.0512084960938,23.00326867631639,516.1989773220486,22.103923210549823,520.0512084960938,22.589570028898493,18861972.0,523876000.0
2023-02-10,15.74599365234375,21.249542236328125,525.8295127938646,22.061951006496415,521.0142242151663,20.795873674211233,523.9033973623854,21.67423445489489,28495684.0,550737000.0
2023-02-13,15.630430297851563,21.77216339111328,523.903517069085,22.03197463754211,518.1251694543524,20.94676355983307,523.903517069085,21.522345104850437,22768977.0,474919000.0
2023-02-14,15.74599365234375,22.95430564880371,525.8295127938646,23.03224807505823,522.9403396466456,21.350470693261823,523.9033973623854,21.562316507703144,21883297.0,675474000.0
2023-02-15,15.168159484863281,22.747453689575195,512.3467203776041,22.83838714884149,502.7161429268973,22.089932924302804,506.56837390718005,22.532609812077492,61796793.0,420575000.0
2023-02-16,15.254836120605468,21.98600959777832,511.38371086120605,22.5336097369612,504.6423060099284,21.9110633459277,508.4945373535156,22.116912998504436,29975138.0,412026000.0
2023-02-17,14.965918579101562,21.372455596923828,504.6422995784568,21.724199045157942,496.9378369894727,20.95975566037808,504.6422995784568,21.615279013967122,28121975.0,465888000.0
2023-02-20,14.937025451660155,,499.82696385632636,,492.1225019857086,,495.01167518719024,,20065156.0,
2023-02-21,14.908137817382812,20.63998794555664,497.9009852446327,21.478376927899387,494.0487532504769,20.603014182735517,495.9748692475548,20.984736501942116,13504100.0,410015000.0
2023-02-22,14.648109741210938,20.738916397094727,490.1964403863489,21.088662409991,486.34420902771353,20.406158227387017,487.3072668673724,20.691951576718942,24575245.0,513184000.0
2023-02-23,14.965918579101562,23.646800994873047,501.7531261075878,23.870639125874376,491.15949004773466,23.008265469391606,493.0856056949807,23.422964769834124,25376835.0,1117995000.0
2023-02-24,14.763675842285156,23.269073486328125,505.60533706456016,23.456938466938215,492.1225280761719,22.930321098624606,504.6422792796753,23.20811890776845,41692491.0,589716000.0
2023-02-27,,23.483917236328125,,23.862641462200266,,23.43695242089965,,23.652795020145348,,452994000.0
2023-02-28,,23.19912338256836,,23.807681845899552,,23.189130423072832,,23.35501011996671,,455963000.0
2023-03-01,15.081483764648437,22.681499481201172,502.71612548828125,23.23909440328448,485.3810866783405,22.491637069387487,485.3810866783405,23.17513984595468,39560848.0,460026000.0
2023-03-02,14.994809875488281,23.297054290771484,500.79005364508066,23.36300630595759,495.9747646677241,22.415695369106043,499.8269958496094,22.471656329655104,16558784.0,389415000.0
2023-03-03,14.908137817382812,23.872634887695312,505.60544923294424,23.882627847887388,496.93792724609375,23.113187066758055,504.6423912344053,23.303049498482938,23253895.0,412393000.0
2023-03-06,15.05259521484375,23.536882400512695,504.64234757377636,24.230376356810538,497.90094216725646,23.469929752625955,500.7901159129078,23.873637370675215,21922085.0,437429000.0
2023-03-07,15.139269104003906,23.275026321411133,506.5684191288839,24.111559920502025,499.8270143115794,23.228051620676226,501.7531299736664,23.586852780173178,24861078.0,515154000.0
2023-03-08,15.05259521484375,24.167530059814453,503.67928965855924,24.18652048264274,498.8640000824736,23.41095176683829,501.753173828125,23.47391639904251,24512408.0,513573000.0
2023-03-09,15.081483764648437,23.422945022583008,506.5683563349348,24.44037756116971,502.71612548828125,23.369973144963918,505.6052986232714,24.16153175209791,21557577.0,501257000.0
2023-03-10,14.821459350585936,22.952207565307617,496.93781838221855,23.613839455874178,492.1225294444064,22.713340379314104,495.9747605946561,23.39596048038933,24045605.0,474866000.0
2023-03-13,14.908137817382812,22.95320701599121,498.86404324317164,23.285022816408382,490.19652125632115,22.284580945323395,494.0487532504769,22.73932742366077,21466947.0,421890000.0
2023-03-14,14.73478546142578,24.049592971801758,495.0117468740426,24.205506193309173,491.1595153808594,23.44692829407391,492.1225732541552,23.482909441366974,20474770.0,474910000.0
2023-03-15,14.763675842285156,24.214502334594727,496.9378170005963,24.272468678645705,491.159470291287,23.346985898676298,495.9747592157114,23.747761556625974,23208597.0,524486000.0
2023-03-16,14.669264831542968,25.526771545410156,493.8168359133277,25.57374434007057,488.0072260790532,23.880687818789845,488.9754943847656,24.013615051632073,21965994.0,583253000.0
2023-03-17,15.046891479492187,25.71066665649414,501.56304931640625,26.38429089661538,496.7217071415375,25.653697303079806,499.6265124464587,25.967523428043553,33118483.0,848547000.0
2023-03-20,14.872601623535155,25.885570526123047,501.5629974603653,26.009501993763354,493.81685078144073,25.11599904163823,500.5947291254997,25.60072945435553,11837312.0,432747000.0
2023-03-21,15.017840881347656,26.184404373168945,500.5946960449219,26.37729764905775,495.75335469052226,25.366861180788394,498.65815950316204,26.16541585752353,18284799.0,547408000.0
2023-03-22,15.482611083984374,26.4532527923584,516.0870361328125,27.573628475745913,507.3726208885436,26.22238060273508,507.3726208885436,26.410275577117357,42385987.0,797295000.0
2023-03-23,15.627848510742187,27.17584991455078,521.8965518767062,27.483678869763516,511.2456018384061,26.675129606850067,511.2456018384061,27.0998920461365,26728246.0,564889000.0
2023-03-24,15.656898193359375,26.764081954956055,521.8966064453125,27.151866305651584,518.0235332991506,26.340318359751386,518.9918015856911,27.015942385378445,21926240.0,454920000.0
2023-03-27,15.424513549804686,26.516220092773438,518.9917930128884,26.984958682260853,514.1504516601562,26.350312203016315,516.0869882012491,26.82204938050111,16111177.0,361026000.0
2023-03-28,15.250226440429687,26.395288467407227,513.1822230747767,26.49823173297999,507.37261300223213,25.83560094258539,508.34088134765625,26.432268512754547,17234120.0,356104000.0
2023-03-29,15.395467529296875,26.968963623046875,516.0870561707695,27.062911108489565,508.3409089862176,26.582180130791198,516.0870561707695,26.81005372847901,17280749.0,393694000.0
2023-03-30,15.540706787109375,27.36774444580078,519.9600962416034,27.48368095112292,514.1504862277308,27.086900852677296,518.991827905958,27.213830909681384,19201564.0,364516000.0
2023-03-31,15.482611083984374,27.761526107788086,520.9283779351841,27.818493560580926,515.1187677723382,27.089899588484148,520.9283779351841,27.124879937793096,23558838.0,433933000.0
2023-04-03,,27.949419021606445,,27.984399368313966,,27.320769768409424,,27.493673714298545,,398716000.0
2023-04-04,,27.437705993652344,,27.984402163287612,,27.29178741673122,,27.950420707010394,,368592000.0
2023-04-05,,26.866024017333984,,26.98295750508826,,26.38029472674954,,26.814052942903427,,515015000.0
2023-04-06,15.395467529296875,27.021940231323242,514.1505193746315,27.064915547012465,509.3091773842866,26.41227940970934,513.1822509765625,26.569191544216384,25423363.0,397654000.0
2023-04-07,15.424513549804686,,518.023524742342,,512.2139151190634,,518.023524742342,,8557482.0,
2023-04-10,15.366419677734374,27.56363296508789,516.0870629005937,27.60560937893995,511.2457208471172,26.6541401857216,516.0870629005937,26.808053703179155,7435151.0,395279000.0
2023-04-11,15.221178588867186,27.153865814208984,510.27742470311756,27.774520168609335,505.43608291276536,27.110888593592563,505.43608291276536,27.708556949936014,22675697.0,314378000.0
2023-04-12,15.104987182617187,26.48023796081543,507.37264639047476,27.452695383203668,500.59476752647987,26.433263264457445,506.40437798133263,27.35475041530848,23816473.0,446259000.0
2023-04-13,14.814505004882811,26.448253631591797,500.5947116029029,26.872017156811218,493.81683349609375,26.314329427591918,498.65817500095744,26.71910253347227,25536889.0,353615000.0
2023-04-14,14.9887939453125,26.743093490600586,503.49953821463174,26.868023857547442,496.7216598155886,26.2053930845093,499.62646484375,26.489235274720066,18072504.0,395660000.0
2023-04-17,15.104987182617187,26.986957550048828,503.49957275390625,26.99095503182758,497.6899622990535,26.41827430530076,502.5313043447641,26.5502007354296,14634287.0,321471000.0
2023-04-18,14.959745178222656,27.651588439941406,503.49951408904735,28.094342468217402,497.68990431109677,27.34176165331577,501.56297749639714,27.517664210618655,15168888.0,604812000.0
2023-04-19,14.814505004882811,27.915437698364258,501.5629799038756,27.98439949827532,492.848565195121,27.21682774850781,500.5947116029029,27.34575558501226,21123233.0,358660000.0
2023-04-20,14.901648559570312,27.08890151977539,499.6264234397844,28.01438627637925,493.81681386490317,26.984959362580753,495.75335038986356,27.655585102128896,17221961.0,427713000.0
2023-04-21,14.8435546875,27.10388946533203,503.4995719178082,27.16785488893232,493.81688784246575,26.707111304133665,503.4995719178082,26.936982696482477,25016683.0,345103000.0
2023-04-24,14.727362365722655,27.026935577392578,493.8168840577616,27.350754492518465,488.00727365708207,26.65614195995767,488.97554205719536,26.997952403384527,16886512.0,339282000.0
2023-04-25,14.465928955078125,26.22637939453125,488.9755101950772,27.23181943338438,482.1976318359375,26.210389467742495,488.0072418580572,27.0629129642478,36898412.0,378527000.0
2023-04-26,14.277117004394531,26.940980911254883,482.68177868366723,27.314773087163047,475.419765965257,26.69012130424559,482.1976445024399,26.98695671600465,31269245.0,406337000.0
2023-04-27,14.335211791992187,27.210834503173828,479.29279547694244,27.47968567227575,473.48318583479767,26.61016943779592,475.41972238217926,27.347759228943875,29537148.0,377161000.0
2023-04-28,14.582120361328125,27.73354148864746,486.0706787109375,27.742535346196135,482.19760557379857,27.05591780168011,482.6817397159409,27.209833243040322,24824100.0,292216000.0
2023-05-01,,28.89389419555664,,29.04181246207851,,27.764524553059715,,27.82449059352596,,570329000.0
2023-05-02,14.553072509765624,28.19428062438965,486.0706852895771,28.819933177825014,480.74520965393435,28.067352486128684,484.13414869479794,28.66401996293516,15325791.0,402730000.0
2023-05-03,14.407833251953125,27.786510467529297,482.19764512585056,28.35119621775958,479.292840034731,27.45669439964769,480.2611083984375,27.82448940299966,11369311.0,383387000.0
2023-05-04,14.465928955078125,27.54664421081543,483.65003434146746,27.843477716623404,480.26109516189763,27.224823108633803,481.22936349891756,27.6355934200305,13140291.0,321850000.0
2023-05-05,14.52402374267578,28.66402244567871,486.0706612548828,28.738979518802154,482.6817223815918,27.715551735994396,484.1341247558594,27.81049812446517,7488897.0,361494000.0
2023-05-08,14.640216979980469,29.1347599029541,492.8485742599245,29.203721709083258,486.07069602845206,28.334207428076738,492.8485742599245,28.50611059015405,11243634.0,344979000.0
2023-05-09,14.814505004882811,28.555082321166992,493.81683349609375,28.9568587950906,488.9754919912301,28.4341513464618,490.91202859317553,28.882900615046502,16197743.0,314869000.0
2023-05-10,14.611169128417968,28.86890983581543,491.88031260678116,29.096783468898458,484.13416595155627,28.445146238573628,491.88031260678116,28.988841922279864,18859212.0,369350000.0
2023-05-11,14.494976806640624,28.562076568603516,489.9437718209857,28.933870951744883,482.68175939280906,28.23026272032558,489.9437718209857,28.879900184422446,13382927.0,322149000.0
2023-05-12,14.407833251953125,28.3242130279541,484.1341818532636,28.763968454628774,479.292840034731,28.030376178790256,480.2611083984375,28.513106919804066,18465362.0,274222000.0
2023-05-15,14.393307495117186,28.93686866760254,483.6499894928379,28.952860500862368,478.80864825667334,28.136316236466875,481.2293188747556,28.492116893352502,13315766.0,293926000.0
2023-05-16,14.669264831542968,29.196725845336914,491.8802993019028,29.85336134908107,484.13415285620357,28.81593947434421,487.0389577733408,28.82493333225044,21140315.0,449405000.0
2023-05-17,15.075936584472656,30.161184310913086,504.4677559736836,30.18217251820842,489.9437322892206,29.413601904883073,491.8802687804823,29.567515425048878,41406763.0,432535000.0
2023-05-18,15.395467529296875,31.66035270690918,518.9918613649764,31.8102687655006,509.3091773842866,30.303109403066554,516.0870561707695,30.39305941947863,43096277.0,748725000.0
2023-05-19,15.453563232421875,31.24658203125,518.0235795329388,31.56240596498741,512.2139692951862,30.89877633722098,518.0235795329388,31.51842985315769,32099068.0,473908000.0
2023-05-22,15.424513549804686,31.158628463745117,516.0869882012491,31.502436640161083,512.2139151190634,30.66290455893271,515.1187199307027,30.8837801763361,17208135.0,372000000.0
2023-05-23,15.395467529296875,30.670902252197266,514.1505193746315,31.27056835021741,508.3409089862176,30.61393480211975,513.1822509765625,30.98272869941918,19588873.0,356253000.0
2023-05-24,15.250226440429687,30.52098846435547,511.24568638392856,30.589950270894462,507.37261300223213,29.789395884973317,510.27741803850444,30.193170159814024,19086681.0,721419000.0
2023-05-25,15.773091430664062,37.95883560180664,527.7062510565938,39.4579997431698,519.9601042520934,36.61458386836144,524.8014460049062,38.50153228896637,63827245.0,1543911000.0
2023-05-26,16.44119384765625,38.92430114746094,549.9763312996909,39.148175374244616,545.1349903551512,37.529078992928106,549.9763312996909,37.86888972111275,95808471.0,714397000.0
2023-05-29,16.49929138183594,,555.7859890360228,,546.1033063002036,,555.7859890360228,,54657853.0,
2023-05-30,16.44119384765625,40.088653564453125,549.9763312996909,41.9146353772554,545.1349903551512,39.92674506783609,548.039794921875,40.57238507912985,40136130.0,923401000.0
2023-05-31,16.20881103515625,37.81291961669922,544.1667742985551,40.27254695421099,533.5158232001849,37.800925265734755,542.230237735215,39.4659973844294,81176782.0,1002580000.0
2023-06-01,16.005474243164063,39.74784851074219,536.4206128682935,40.02769133031933,532.5475398511938,38.31864471777753,532.5475398511938,38.4675599860318,24477529.0,635873000.0
2023-06-02,16.325006103515623,39.30508804321289,546.1034070215192,40.47743482437328,539.3255278563585,39.036236914033275,541.26206476069,40.07465948380219,30206141.0,482731000.0
2023-06-05,16.121665649414062,39.1491813659668,542.2301960163288,39.542959083601545,537.3888549804688,38.685439134018935,542.2301960163288,38.88732627512417,16827391.0,396094000.0
2023-06-06,16.266910400390625,38.63246536254883,544.166883632115,39.138183990775154,535.4524673461914,38.12674673432251,536.4207358224052,38.80836981480188,20228086.0,388729000.0
2023-06-07,16.49929138183594,37.4579963684082,549.9763793945312,39.481080170123946,542.230233205876,37.33905087631554,543.1985014794578,38.89734549227656,27604813.0,511998000.0
2023-06-08,16.237860717773437,38.49253463745117,549.9764393378242,38.84637419547928,537.3889504093177,37.487993134625306,544.166829063129,37.706891777787796,23080195.0,417772000.0
2023-06-09,16.412147827148438,38.752410888671875,548.0398625466676,39.692982044462646,543.1985210047359,38.54950387238983,543.1985210047359,39.019288045180616,19091713.0,427717000.0
2023-06-12,16.673583984375,39.464088439941406,555.7861328125,39.51206700150423,552.8813272403092,38.60048195774429,555.7861328125,39.18221868034752,26392389.0,388701000.0
2023-06-13,17.225494995117188,41.00339126586914,575.1514349128504,41.08235780976993,570.3100928681295,39.7219751154273,574.1831665039062,40.167771950130565,56174363.0,613208000.0
2023-06-14,17.138345947265623,42.97749328613281,572.2464663748013,42.98049027778788,568.3733938443459,40.53359911008292,571.2781982421875,40.805478872135176,23583314.0,740465000.0
2023-06-15,17.247784423828126,42.63365173339844,576.871752020873,43.26936481890203,571.0349383410665,42.127880745258615,573.9533451809698,42.58267617954838,27392154.0,568622000.0
2023-06-16,17.18941589355469,42.672630310058594,573.953332042856,43.7011627413836,568.1165184966575,42.64164233222249,573.953332042856,43.430285796206434,38128802.0,655709000.0
2023-06-19,17.01431396484375,,569.0894036268493,,566.1709964287629,,567.143798828125,,14346885.0,
2023-06-20,17.01431396484375,43.788124084472656,569.0894036268493,43.970044535579625,563.2525892306764,42.654639680016224,563.2525892306764,42.97849400113233,16221413.0,451153000.0
2023-06-21,16.95594543457031,43.02547073364258,569.0893906611378,43.59521566012008,562.2797740207482,42.06091216795214,566.1709835295422,43.48126514963789,21703937.0,551603000.0
2023-06-22,,43.0054817199707,,43.40629695536315,,42.214840218909664,,42.233828792547676,,417737000.0
2023-06-23,,42.189849853515625,,42.789576114624246,,41.9959376252503,,42.44473523032175,,358140000.0
2023-06-26,16.751656494140626,40.613563537597656,562.279759210992,42.74459612983443,558.3885498046875,40.081803433488034,560.3341545078397,42.44173221039152,27142262.0,594322000.0
2023-06-27,16.6932861328125,41.856998443603516,559.3612777603256,41.92096858035074,553.5244644271744,40.42964880063454,554.4972666493662,40.78048746203914,21501718.0,462175000.0
2023-06-28,16.751656494140626,41.09834671020508,563.2525615625681,41.826017073358116,555.4701427499591,40.499619439316,563.2525615625681,40.641553308861894,18175426.0,582639000.0
2023-06-29,16.72247131347656,40.8034782409668,564.225326458197,41.581125151511266,554.4973035882281,40.58157883716756,562.2797218842031,41.53914438933123,16937929.0,380514000.0
2023-06-30,16.810025024414063,42.282806396484375,560.3341674804688,42.53069498097374,552.5517484876844,41.48217110907092,554.4973532358805,41.66109075373004,22654976.0,501148000.0
2023-07-03,16.897575073242187,42.39375686645508,564.2253046908733,42.87853744854529,560.3340956930052,42.18285405414917,562.2797001919392,42.49770977670776,14785585.0,198209000.0
2023-07-04,17.072678833007814,,569.0892944335938,,564.2252833700587,,569.0892944335938,,17219541.0,
2023-07-05,16.985128784179686,42.29780578613281,572.9805758237019,43.15741247576168,563.2525524650653,42.065908767153076,572.9805758237019,42.11588532389232,14913592.0,323618000.0
2023-07-06,16.48899719238281,42.08389663696289,558.3884594942616,42.159862365908936,549.6332397460938,41.327240152033916,557.4156573000207,41.825015285419866,28564891.0,303582000.0
2023-07-07,16.48899719238281,42.48371887207031,556.4428551057798,43.19439870925174,547.687635357612,42.16086733802076,549.6332397460938,42.30280121821091,18796190.0,355881000.0
2023-07-10,16.48899719238281,42.16086196899414,557.4156573000207,42.79157618385811,549.6332397460938,41.63010085593259,551.5788441345755,42.63764672937715,18454982.0,353908000.0
2023-07-11,16.83920654296875,42.38576126098633,561.306884765625,42.738601759030615,554.4972691792136,42.04791716091051,558.3884780857344,42.46172699623317,17850636.0,298244000.0
2023-07-12,16.86839172363281,43.882080078125,562.2797241210938,43.915066050128644,556.4429103758921,42.7575905421709,558.3885149576261,43.01347490180477,15588228.0,481277000.0
2023-07-13,17.072678833007814,45.956146240234375,573.9533054971288,46.13406309048244,569.0892944335938,44.471819219125365,571.0348988590077,44.49780840176806,25442137.0,478204000.0
2023-07-14,17.247784423828126,45.4483757019043,574.9261474609375,48.06618712839588,571.0349383410665,45.0395608397095,572.9805429010021,46.561868772751474,23121873.0,772075000.0
2023-07-17,17.247784423828126,46.439918518066406,574.9261474609375,46.47490248554901,571.0349383410665,45.24146502275779,572.0077406210343,46.26799948527561,13807834.0,510488000.0
2023-07-18,16.95594543457031,47.472450256347656,572.0077977927334,47.874268285865774,564.2253787751453,45.7132504904212,571.0349954155349,46.679810792528166,20932006.0,569164000.0
2023-07-19,16.95594543457031,47.055641174316406,571.0349954155349,47.79630611668105,563.2525763979467,46.72079407647509,568.1165882839393,47.44246663237742,22499123.0,427502000.0
2023-07-20,16.897575073242187,45.49934387207031,568.1165136887414,47.06563412307765,562.2797001919392,45.04155152551877,564.2253046908733,46.485895491878075,15108109.0,537865000.0
2023-07-21,16.34307678222656,44.28889846801758,547.6876326424735,45.8451951947945,541.8508195059641,44.07999364154884,544.7692260742188,45.76722764913427,46711021.0,963769000.0
2023-07-24,16.284710083007813,44.591758728027344,547.6876808084468,45.088534882769345,541.8508671586231,44.020019651695705,541.8508671586231,44.71070421831162,25268835.0,382516000.0
2023-07-25,16.605736083984375,45.65827178955078,553.5245361328125,46.162040878806586,545.7421173471139,44.90261434270092,545.7421173471139,44.92060773001698,19590349.0,348081000.0
2023-07-26,16.518184204101562,45.43137741088867,555.4701519753824,46.032106466894454,547.6877330335207,44.609751767779315,553.524547239917,46.00011949109116,13314305.0,364237000.0
2023-07-27,16.605736083984375,45.87917709350586,554.4973384810248,47.3734977573488,550.6061290881755,45.729243622017535,554.4973384810248,46.49789574001407,12200358.0,455976000.0
2023-07-28,16.54736572265625,46.728790283203125,557.4156707279266,47.00566503984784,549.6332529865244,46.359958211082045,553.5244618572256,46.64682675318364,18540078.0,331194000.0
2023-07-31,16.48899719238281,46.707794189453125,559.3612616885025,47.10861318935372,544.7692287748894,46.48489581525041,559.3612616885025,46.73278436948878,24208467.0,251055000.0
2023-08-01,16.54736572265625,46.485897064208984,552.5516596395503,46.87872029315751,548.6604507688492,46.006115325418975,549.6332529865244,46.43891750620859,16259643.0,237858000.0
2023-08-02,16.37226379394531,44.24891662597656,553.5245453805635,45.81920302566147,542.8237193714489,43.367316810622704,551.5789406516335,45.810208237505115,25583234.0,530142000.0
2023-08-03,,44.49480438232422,,45.09753146141585,,43.780128602049395,,43.780128602049395,,324176000.0
2023-08-04,16.167976684570313,44.65972900390625,544.7693708399142,45.62129053158006,536.9869512564869,44.37286046636377,540.8781610482006,44.96459093054508,26279173.0,362666000.0
2023-08-07,16.284710083007813,45.396400451660156,545.7420762585056,45.51934576183127,540.8780648836525,44.54278770096805,542.8236694335938,45.09053948525755,14369551.0,322154000.0
2023-08-08,16.109608154296875,44.643741607666016,542.8237530252208,45.221478538813905,536.0141360517861,44.036015691879385,542.8237530252208,44.83265505253908,19010690.0,353843000.0
2023-08-09,16.167976684570313,42.53469467163086,541.850963496129,44.291896510897445,535.0413463606301,42.11488323728883,535.0413463606301,44.253911737744474,14389090.0,586449000.0
2023-08-10,16.080421142578125,42.368770599365234,538.9324448268773,43.55423337804786,535.0412358389576,41.816020072112345,536.9868403329175,42.14087339406621,17892615.0,492705000.0
2023-08-11,15.934500732421874,40.836463928222656,542.8236513242616,41.998938296888426,531.1500244140625,40.62056232238889,540.8780468392284,41.732057328075,17608427.0,533085000.0
2023-08-14,15.788580322265624,43.733150482177734,528.231615218129,43.780130045964164,522.3948017903044,40.292714362956126,525.3132085042167,40.4676342143239,20939030.0,690286000.0
2023-08-15,15.817765502929687,43.92007064819336,530.1772570170159,45.24747129261279,525.3132454847497,43.69017541697386,528.2316524041095,44.53979220675082,14066307.0,676512000.0
2023-08-16,15.817765502929687,43.466270446777344,528.2316524041095,44.654730173438274,521.4220362589368,43.3863049125829,526.286047791203,44.499801717144706,28269840.0,527451000.0
2023-08-17,15.876132202148437,43.32433319091797,531.150011174819,44.0420058832226,522.3947912103989,42.981486518683695,525.3131978652057,43.950048576466585,22843138.0,452395000.0
2023-08-18,15.730213623046874,43.279354095458984,529.2044657351577,43.55822683605399,524.3404541015625,41.641097806148274,525.3132564282815,42.61565390241393,17592345.0,583768000.0
2023-08-21,15.671845092773436,46.94569396972656,529.2044525430633,47.043649088093474,519.4764295183746,44.20194021923786,529.2044525430633,44.4738161945168,16633821.0,692573000.0
2023-08-22,15.788580322265624,45.647281646728516,529.2044174560998,48.16513989063479,523.3676040282752,45.312434537033134,529.2044174560998,48.113161528574985,14594304.0,755293000.0
2023-08-23,16.109608154296875,47.094627380371094,536.9869384765625,47.17858890848423,529.2045190783515,45.18749198173924,531.1501239279042,45.845194431592205,20636332.0,779046000.0
2023-08-24,16.459815673828125,47.1416015625,548.6605224609375,50.24319445193808,542.8237083922041,47.137605573465706,547.6877201161486,50.193217898242985,23280827.0,1156044000.0
2023-08-25,15.934500732421874,45.99712371826172,536.0140356266455,47.78331172625779,531.1500244140625,45.00357139022836,534.0684311416123,46.99067223332849,24144537.0,925341000.0
2023-08-28,16.022052612304687,46.813751220703125,537.9596293020335,46.95868589539786,532.1228159642176,44.86763592891526,532.1228159642176,46.46091072736626,8991985.0,685192000.0
2023-08-29,16.109608154296875,48.76186752319336,537.9597409013389,49.058733661503915,531.1501239279042,46.36995165063556,536.0141360517861,46.64482841073173,10516678.0,701397000.0
2023-08-30,16.197158203125,49.24164581298828,544.7692849099099,49.904343169131685,538.932471143018,48.40302581763254,542.823680320946,49.02174442045601,15117416.0,735206000.0
2023-08-31,16.022052612304687,49.33260726928711,540.8780359709415,49.721430719691696,533.0956181871869,48.935788028038786,537.9596293020335,49.35759745201949,40431378.0,528570000.0
2023-09-01,15.992871093749999,48.48699188232422,537.9597150148267,49.777406562767425,528.2316912351733,48.120157798970006,528.2316912351733,49.739425601877976,13669766.0,463830000.0
2023-09-04,16.25552490234375,,541.850830078125,,534.0684124109347,,534.0684124109347,,9531157.0,
2023-09-05,16.109608154296875,48.52597427368164,539.9053457508917,48.82883820678776,535.0413336270097,47.838286691466436,537.9597409013389,48.2011209624788,12220686.0,382653000.0
2023-09-06,16.051235961914063,47.04352569580078,540.8780118075284,48.53097212060012,535.0411987304688,46.562705311896934,540.8780118075284,48.42301432909476,14067008.0,468670000.0
2023-09-07,15.817765502929687,46.22382736206055,533.0956639363757,46.32678974880514,527.2588500976562,45.13523111170268,531.1500593234692,45.50809367886265,20717005.0,433330000.0
2023-09-08,15.730213623046874,45.555076599121094,525.3132564282815,46.588693046226524,520.4492447946864,45.25418967954752,520.4492447946864,45.92494195463873,15283568.0,473069000.0
2023-09-11,15.642659912109375,45.161224365234375,525.313206003673,46.145855378235105,521.4219970703125,44.295544829202264,524.340403770333,46.13086155867235,14631968.0,473966000.0
2023-09-12,15.876132202148437,44.853336334228516,530.1772089565501,45.65603954125468,521.4219889921301,44.514461521168336,521.4219889921301,44.721385383298234,16028336.0,349256000.0
2023-09-13,15.788580322265624,45.46811294555664,533.0956264079829,45.91294742095513,526.2860107421875,44.48647528491978,530.1772196940706,44.583439392798056,16191392.0,398355000.0
2023-09-14,16.14073974609375,45.56407928466797,538.024658203125,45.96992678735713,531.1770716441762,45.11424558500878,532.1552982954546,45.932941774404185,17144287.0,370097000.0
2023-09-15,16.375517578125,43.883697509765625,545.8505859375,45.58206401685465,535.090090515793,43.79172881004724,537.0465442288306,45.32416041506124,42517441.0,506831000.0
2023-09-18,15.847274780273438,43.949668884277344,537.0465342203776,44.225567343111805,528.2424926757812,41.98439953136644,536.0683073820891,42.73212279267361,36684692.0,500271000.0
2023-09-19,15.788580322265624,43.50383758544922,531.1771446710183,43.949671091546065,526.2860107421875,42.98602840940491,527.2642375279536,43.81672106597158,18901683.0,373064000.0
2023-09-20,15.700539550781249,42.22331619262695,526.2859986492407,43.88669985783539,523.351318359375,42.20732329224025,524.3295451226636,43.58381095041621,24635567.0,367108000.0
2023-09-21,15.465767211914063,41.001766204833984,519.4384813109657,42.08436420462982,514.5473468353446,40.96478119592239,518.4602544158414,41.567557906272185,32012694.0,450736000.0
2023-09-22,15.319030151367187,41.594547271728516,513.5690184845322,42.09936078991834,510.63433837890625,41.21568640989041,511.61256508078156,41.55655937095419,29049309.0,479236000.0
2023-09-25,15.407072753906249,42.206321716308594,517.4819991629464,42.52020429419851,510.6344112723214,41.16170777598642,510.6344112723214,41.575555508583165,17116402.0,419091000.0
2023-09-26,15.230993041992187,41.89543533325195,512.5909026335199,42.804098165845645,507.69976806640625,41.639529882171416,509.6562218932517,41.9854020636062,26392692.0,402282000.0
2023-09-27,15.319030151367187,42.45222854614258,511.61256508078156,42.85608166795396,504.7649781676545,41.61354320990464,505.7432048695298,42.3142831158922,16846401.0,444935000.0
2023-09-28,15.348378295898437,43.072998046875,513.5690634382843,43.42986390622625,508.67792950077677,42.099360753116,511.61260986328125,42.4442300318879,19733331.0,424663000.0
2023-09-29,,43.48284912109375,,44.12761008649057,,43.29091906951936,,43.81072644813263,,397830000.0
2023-10-02,15.641848754882812,44.7653694152832,522.3731854351108,45.15822119722868,516.5038238010085,43.84471004180952,518.4602776790426,44.0136459937785,25427911.0,433298000.0
2023-10-03,15.5244580078125,43.50083541870117,521.3948404640241,45.113239102137314,516.5037068761815,43.22993616372472,516.5037068761815,44.7913562878214,14490129.0,470850000.0
2023-10-04,15.260337524414062,44.02465057373047,511.6125977736253,44.12661389696753,507.69969071608324,43.275928083573646,509.65614424485426,43.725761788112315,28358964.0,361821000.0
2023-10-05,15.495111694335938,44.67140579223633,517.4819498929111,44.883328870438184,511.6125894026323,43.87170361778556,511.6125894026323,44.03364221179363,24945684.0,393483000.0
2023-10-06,15.612500610351562,45.74501037597656,521.3949138670039,45.77200077841796,517.4820064458631,44.009654862577925,518.4602333011484,44.176592675248095,15336587.0,434436000.0
2023-10-09,,45.256187438964844,,45.58806488846794,,44.35152471582721,,44.825347727655696,,409675000.0
2023-10-10,,45.7809944152832,,46.24182177038048,,45.071258970878525,,45.29317665886047,,368582000.0
2023-10-11,15.964660034179687,46.78861999511719,532.1553344726562,46.84160171871978,528.2424276015338,46.032900190504705,530.198881037095,46.17884588702422,46639969.0,378137000.0
2023-10-12,16.14073974609375,46.92756271362305,538.024658203125,47.59131754557436,532.1552982954546,46.31279328112967,533.133524946733,46.75962584672848,34161176.0,481325000.0
2023-10-13,16.228782348632812,45.444114685058594,541.9376384052186,47.098502624368315,536.068277700469,45.263182151056284,538.0247312687189,46.942558517598286,31123496.0,474115000.0
2023-10-16,15.994008178710937,46.07788848876953,535.0900595568736,46.20783748081228,530.1989255572678,44.8953252055569,534.1118327569524,45.04627012312894,19875676.0,375099000.0
2023-10-17,16.170089721679688,43.921688079833984,539.981217566073,44.737387037478,536.0683101924059,42.46422916811742,538.0247638792395,43.9836653373656,18364998.0,812333000.0
2023-10-18,15.847274780273438,42.180328369140625,537.0465342203776,43.20295107030235,528.2424926757812,41.80946776818198,537.0465342203776,42.57518213138899,26418940.0,627294000.0
2023-10-19,16.023356323242187,42.08536911010742,536.0683312049279,43.28092416614882,528.2425161508413,41.866448658188794,528.2425161508413,42.79510456302502,22881262.0,501233000.0
2023-10-20,16.31682312011719,41.37163162231445,543.8941040039062,42.4542296240792,534.111835946282,41.06274445020242,537.0465163635693,41.87444318164371,45984177.0,477266000.0
2023-10-23,15.964660034179687,42.959041595458984,540.9593749326818,43.23194285243357,531.1771077548756,40.929796567072074,539.9811482149012,41.21369151272365,22747367.0,478530000.0
2023-10-24,15.964660034179687,43.646785736083984,534.1117879082175,43.68077350815983,528.2424276015338,42.675150339669585,531.1771077548756,43.06100478744683,15007814.0,401463000.0
2023-10-25,15.964660034179687,41.76348114013672,539.0029214971206,43.63378838143873,532.1553344726562,41.53956531780791,532.1553344726562,43.38187926803847,16526355.0,398379000.0
2023-10-26,15.583154296875,40.31102752685547,523.351384107227,42.24031124000929,518.4602496763183,39.86519397688078,518.4602496763183,41.837460992365465,28188348.0,541001000.0
2023-10-27,15.641848754882812,40.484962463378906,524.329639313145,41.19070160881771,520.4167315570767,40.00014193239622,522.3731854351108,41.11472961386122,15679643.0,416784000.0
2023-10-30,15.612500610351562,41.14571762084961,522.3731407222891,41.75049254735998,516.503779590578,40.46596977662881,519.4384601564335,41.071747596041774,21404842.0,388028000.0
2023-10-31,15.5244580078125,40.76485824584961,523.3512938991612,40.863824326852765,515.5254801586129,39.21543448245249,523.3512938991612,40.434982749015326,25667058.0,517969000.0
2023-11-01,15.495111694335938,42.309288024902344,521.3948568864303,42.36526699140607,515.5254963961514,40.85382726924343,521.3948568864303,40.86882109051677,13603347.0,437593000.0
2023-11-02,16.05270263671875,43.489845275878906,535.090087890625,43.86770326441367,523.3513656699897,42.87807302018601,524.3295925217094,43.31190996998518,29401438.0,409172000.0
2023-11-03,16.111393432617188,44.98828887939453,537.0464477539062,45.292173032715084,533.1335410307448,43.706763443369326,535.0899943923255,44.00365403986176,15426176.0,424610000.0
2023-11-06,16.14073974609375,45.734012603759766,543.8940181107955,45.917946208460904,538.024658203125,44.882327752320265,540.9593381569603,45.26818602105663,29215201.0,400733000.0
2023-11-07,16.287474975585937,45.93793869018555,542.9158325195312,46.20083771282599,538.0246988932291,45.14123373244881,539.98115234375,45.7020262562231,14777790.0,343165000.0
2023-11-08,16.31682312011719,46.556705474853516,544.8723308096686,46.84959593349214,538.0247431693317,45.95092771395189,538.0247431693317,46.0828786635961,15314834.0,346719000.0
2023-11-09,16.34616943359375,46.93256378173828,544.872314453125,48.21208717627926,539.002953794743,46.732637298021125,539.002953794743,47.44937006233144,13165684.0,540496000.0
2023-11-10,16.34616943359375,48.317047119140625,544.872314453125,48.45399727357031,541.937634123934,47.26543970036673,542.915860900331,47.48235815931679,12994933.0,421245000.0
2023-11-13,16.757023315429688,48.60194396972656,567.37148411846,49.09776197733569,558.5674438476562,48.081137533797566,566.393257421704,48.302056136923355,43866014.0,384136000.0
2023-11-14,16.786373291015625,49.63755798339844,563.4586838942307,49.81549328462336,558.5675494854266,49.021789425646965,563.4586838942307,49.661551145185484,21568576.0,416954000.0
2023-11-15,17.050491943359376,48.86984634399414,570.3061849098402,49.94144686260012,562.4803710517292,48.18210210151437,570.3061849098402,49.91645843410648,50305088.0,475497000.0
2023-11-16,17.109188232421875,49.461631774902344,570.3062744140625,49.50661705308872,565.4151399851254,48.312060961266965,568.3498206424877,48.66093043068422,28291435.0,339756000.0
2023-11-17,17.0211474609375,49.27969741821289,570.3062626279634,49.6985405744049,566.3933551656789,48.98880509199654,566.3933551656789,49.50561143654388,22031704.0,325205000.0
2023-11-20,16.933106689453126,50.390281677246094,566.3933433387267,50.529230000411275,562.4804359581483,49.162737038268276,563.4586628032929,49.29368891174694,22010114.0,414120000.0
2023-11-21,17.16787902832031,49.925453186035156,572.2626342773438,50.498238446028495,568.3497273763021,49.2037211838221,569.3279541015625,50.10738480588418,35921706.0,565747000.0
2023-11-22,16.933106689453126,48.697906494140625,566.3933433387267,50.31630467937056,561.5022091130037,47.672286574064465,563.4586628032929,49.83348617037129,21969125.0,899420000.0
2023-11-23,16.96245300292969,,565.4151000976562,,561.5021928305445,,561.5021928305445,,14486134.0,
2023-11-24,16.874412231445312,47.75825881958008,565.4150881029212,48.902834068505605,561.5021809188179,47.727268287861406,564.4368613068954,48.452001338900175,10058969.0,294645000.0
2023-11-27,16.668986206054687,48.224082946777344,564.4369155453963,48.5119741804014,555.6328735351562,47.63430192702206,560.5240079852897,47.782245768378836,18528520.0,395662000.0
2023-11-28,16.874412231445312,47.80323791503906,563.4586345108695,48.30505418192647,552.6981397545856,47.4553675930479,552.6981397545856,48.21808469478846,26343906.0,401491000.0
2023-11-29,16.84506591796875,48.12212371826172,566.3933313881479,48.74389440033637,557.5892899676068,47.84222891001243,565.4151045636434,48.36103719811516,24868842.0,382005000.0
2023-11-30,16.933106689453126,46.752628326416016,564.4368896484375,48.09213075271721,557.5893017324253,46.40475801374823,563.4586628032929,48.006160347360236,47192647.0,526247000.0
2023-12-01,16.99179931640625,46.74763488769531,566.393310546875,47.18247473885878,560.5239498158193,46.169850391905165,560.5239498158193,46.507726138507806,28051165.0,369317000.0
2023-12-04,16.84506591796875,45.49309539794922,569.3280118616616,46.05988615006736,558.5675167921113,44.99328110355466,569.3280118616616,46.05988615006736,26847171.0,437543000.0
2023-12-05,16.72767883300781,46.552799224853516,559.5457480982731,46.58678616797351,554.6546139365748,45.258164407803854,558.5675212659334,45.4531088151656,22229723.0,371718000.0
2023-12-06,16.72767883300781,45.4901008605957,562.480428595292,47.37356953938658,555.6328407689144,45.39912705049496,555.6328407689144,47.20161740676732,21518089.0,380590000.0
2023-12-07,16.610291748046876,46.582794189453125,560.5239794835607,46.61578578219752,553.6763916015625,45.59107476760581,557.5892989627043,45.687048229980725,20840397.0,350823000.0
2023-12-08,16.72767883300781,47.49253463745117,564.4368822599712,47.727468635368496,557.5892944335938,46.536804340424034,561.5022017629523,46.58179356796495,33507214.0,359224000.0
2023-12-11,16.84506591796875,46.61378479003906,562.4804240901296,47.517527924857966,557.5892899676068,45.817013589035405,559.5457436166158,47.47754215922328,27378610.0,509728000.0
2023-12-12,16.96245300292969,47.64349365234375,568.3497805479901,47.65248997256426,562.4804196473224,46.03295021122263,567.3715537312122,46.03295021122263,29403010.0,372387000.0
2023-12-13,16.933106689453126,48.07437515258789,566.3933433387267,48.58023229231506,563.4586628032929,47.59451162184998,563.4586628032929,47.61550557981446,22977731.0,447792000.0
2023-12-14,17.169107666015623,48.33629608154297,572.3035888671875,48.656205088433744,569.3535703678721,47.408561487006175,571.3202493674157,48.37628566080836,39409958.0,391232000.0
2023-12-15,17.25760803222656,48.87614059448242,576.2369405632345,49.38999483044137,570.3369036291399,48.1063584079144,575.2536010742188,48.18033874309844,54323262.0,479948000.0
2023-12-18,17.25760803222656,50.06280517578125,575.2536010742188,50.41870325962806,567.3868851620927,49.136069797992675,569.3535641401241,49.38599893467907,26122277.0,412587000.0
2023-12-19,17.25760803222656,49.58993911743164,578.203619541266,49.685912576034035,570.3369036291399,48.881140459884094,578.203619541266,49.40998983595613,28254292.0,464444000.0
2023-12-20,17.25760803222656,48.09735870361328,577.2202800522502,49.98482386963059,573.2869220961873,48.084361901480875,577.2202800522502,49.64091963761884,38121456.0,397894000.0
2023-12-21,17.021607055664063,48.97611618041992,569.3535808913629,49.08108596207473,565.4202228195745,48.40527506263609,567.3869018554688,48.79716606109675,24923414.0,300425000.0
2023-12-22,17.169107666015623,48.816162109375,572.3035888671875,49.36900296425664,569.3535703678721,48.45326221692039,572.3035888671875,49.18105652303888,18690214.0,252507000.0
2023-12-25,17.139605712890624,,575.2535480230073,,570.3368510313576,,572.3035298280174,,9548143.0,
2023-12-26,17.287108154296874,49.26502990722656,576.2369384765625,49.58593805712997,572.303580534743,48.94612009204946,573.2869200201978,48.95411724457058,16094308.0,244200000.0
2023-12-27,17.464108886718748,49.402992248535156,582.136962890625,49.66591818762621,576.2369261045714,49.07108562386915,577.2202655689136,49.49696737314472,33401336.0,233648000.0
2023-12-28,17.49360900878906,49.507965087890625,583.1203002929688,49.869862010873014,579.1869424495086,49.397995651127005,582.1369608321037,49.628932993777084,25514849.0,246587000.0
2023-12-29,17.49360900878906,49.507965087890625,583.1203002929688,49.982832763586586,579.1869424495086,48.737183676716924,579.1869424495086,49.798882986145436,18416318.0,389293000.0
2024-01-02,17.49360900878906,48.15434646606445,583.1203002929688,49.281025929370266,579.1869424495086,47.58151083051483,580.1702819103737,49.23004169676173,26059058.0,411254000.0
2024-01-03,17.051107177734373,47.555519104003906,575.2536158578206,48.17034267627387,566.4035602292388,47.30658912189055,574.2702763435337,47.47154327586198,37106763.0,320896000.0
2024-01-04,17.110107421875,47.984397888183594,571.3202535695043,48.48625451702809,567.3868955414871,47.494535082082315,570.3369140625,47.753460549538744,15309129.0,306535000.0
2024-01-05,16.99210510253906,49.08308029174805,570.3368610805935,49.53295347185659,564.4368245866564,48.29230418752573,568.3701822492811,48.44826200298403,18158971.0,415039000.0
2024-01-08,17.198609619140626,52.23818588256836,575.2536665064189,52.2601828190254,569.3536289012249,49.46497398392272,572.3036477038219,49.49796557499239,17761275.0,642510000.0
2024-01-09,17.287108154296874,53.12493896484375,579.1869569329272,54.30960449650358,573.2869200201978,51.67534914710015,578.2036174474723,52.38614999154251,22501510.0,773100000.0
2024-01-10,17.22810791015625,54.3345947265625,576.2369426570526,54.58452387215592,570.3369057015196,53.473838688120914,571.3202451941085,53.600805409377045,13037716.0,533796000.0
2024-01-11,17.287108154296874,54.806461334228516,579.1869569329272,55.33031490047268,573.2869200201978,53.544821777629075,576.2369384765625,54.983413122715525,23997409.0,596759000.0
2024-01-12,17.22810791015625,54.694488525390625,578.2036216422302,54.9544169497117,571.3202451941085,54.31459900309948,571.3202451941085,54.60451388829729,16496053.0,352994000.0
2024-01-15,17.287108154296874,,580.170296418382,,575.2535989911077,,580.170296418382,,21143076.0,
2024-01-16,17.110107421875,56.36602020263672,578.2036301185345,56.81889092877514,569.3535745554957,54.88444178651728,571.3202535695043,55.0024083735072,27223860.0,449580000.0
2024-01-17,17.139605712890624,56.037113189697266,574.2702086246773,56.45499397545113,568.3701722346977,54.7244856339136,573.2868692263473,56.33102857407022,42592335.0,474394000.0
2024-01-18,17.3461083984375,57.09081268310547,579.1869527596194,57.58367298328111,575.2535948461416,56.091096111773396,576.236934324511,57.24376919648356,27209996.0,491650000.0
2024-01-19,18.46711486816406,59.47414016723633,616.5538350553177,59.48313648762257,603.7704222072808,57.20877974353174,614.5871561556197,57.97256314934655,161106401.0,543501000.0
2024-01-22,18.46711486816406,59.6370964050293,622.4538717544117,60.31390653007221,612.6204772559217,59.05326224717301,622.4538717544117,60.03198493965909,65168775.0,452955000.0
2024-01-23,18.526116943359373,59.85603332519531,618.5205709858305,59.89302158867447,611.6371942022045,58.568396325749006,618.5205709858305,59.553117790794914,41072439.0,294654000.0
2024-01-24,18.496616821289063,61.344608306884766,619.5039126747532,62.83118637351858,613.6038754111842,59.92101211022401,617.537233586897,60.286909507412325,26635005.0,560271000.0
2024-01-25,18.939118652343748,61.59953308105469,631.303955078125,62.701221870372564,622.4538996331046,60.83274840897568,624.4205786208869,62.33232318139365,52243347.0,482777000.0
2024-01-26,18.998118896484375,61.013702392578125,635.2373088576038,61.765491995354566,628.3539324458342,60.555835817733005,633.2706298828125,60.942723367823895,41153025.0,390309000.0
2024-01-29,19.116119384765625,62.447296142578125,637.2039794921875,62.47128760142016,633.2706215940876,60.88973905781223,635.2373005431375,61.21464389448456,27825490.0,348733000.0
2024-01-30,18.939118652343748,62.756202697753906,636.2206525475808,63.475000640687924,631.303955078125,62.242348470682806,631.303955078125,62.882170242946835,36161825.0,410735000.0
2024-01-31,18.526116943359373,61.50956344604492,626.3872873099746,62.25135374014952,615.5705523642765,60.68279815652496,623.4372686884205,61.4225863021423,41277950.0,453795000.0
2024-02-01,18.526116943359373,63.00913619995117,617.5372314453125,63.17309118059886,608.6871755806504,61.63252759196923,614.5872128237585,62.08239699411671,44946369.0,369146000.0
2024-02-02,18.73261962890625,66.14125061035156,624.420654296875,66.58112070584232,617.5372770054133,63.67194569783066,622.4539750707431,63.95586559465222,26334815.0,476578000.0
2024-02-05,19.057120971679687,69.3123550415039,636.2207052980783,69.47730920290685,627.3706491192797,67.1859588396486,634.2540261472342,68.20566645977358,44017740.0,680078000.0
2024-02-06,,68.20366668701172,,69.7342310660323,,66.28121510060156,,69.61026565572277,,683111000.0
2024-02-07,,70.0791244506836,,70.20009234122578,,67.58083242173012,,68.29963033929545,,495575000.0
2024-02-08,,69.62125396728516,,70.77392694243356,,69.43530969256643,,70.05412985913416,,414422000.0
2024-02-09,,72.11255645751953,,72.16453604297054,,70.19209573547877,,70.5130038907635,,436637000.0
2024-02-12,,72.22752380371094,,74.58985301987923,,71.2298055691369,,72.57942141236886,,613710000.0
2024-02-13,,72.10755157470703,,73.42917541197593,,69.60026693348097,,70.38004459945523,,602580000.0
2024-02-14,,73.87905883789062,,74.21496215366473,,71.91761686708195,,73.18125859825528,,504917000.0
2024-02-15,20.561627197265626,72.63740539550781,697.1876462391836,73.95403349177265,681.4542155765222,72.37948290762509,697.1876462391836,73.84806835325377,112945296.0,420122000.0
2024-02-16,20.148627319335937,72.59241485595703,687.354343397551,74.38090918024592,671.6209106445312,72.4804470935105,685.3876643034235,74.07899283769257,44232811.0,495327000.0
2024-02-19,20.001126708984373,,670.6375818843335,,662.7708653812914,,662.7708653812914,,34408673.0,
2024-02-20,20.266627807617187,69.43231201171875,676.5375997884826,71.93559986530343,663.7541858389909,67.71479679116719,663.7541858389909,71.92659973225437,30166461.0,704833000.0
2024-02-21,20.089625244140624,67.452880859375,671.6208537321609,68.86847997939597,666.7041564134774,66.22922867549799,666.7041564134774,67.98672612499482,30564485.0,690298000.0
2024-02-22,20.41412841796875,78.51573944091797,683.4209658231349,78.55272388832591,673.5875706314351,74.1989626384775,683.4209658231349,75.0037347563071,33145643.0,865100000.0
2024-02-23,20.561627197265626,78.79464721679688,691.2876097406855,82.37062855666245,684.4042338257711,77.54799924421536,689.3209309078529,80.767087206209,46448923.0,829388000.0
2024-02-26,20.591129150390625,79.06958770751953,688.3376506816351,80.62314814859076,683.4209531767663,78.48274845329479,688.3376506816351,79.67740947783957,28798079.0,503973000.0
2024-02-27,20.591129150390625,78.6786880493164,689.3209901826087,79.45747419233632,679.4875951728711,77.1401304524677,688.3376506816351,79.35849560363468,33006829.0,391705000.0
2024-02-28,,77.6409912109375,,78.91062791882912,,77.10314167422683,,77.59800412996552,,393110000.0
2024-02-29,20.355128173828124,79.0895767211914,686.3709886633832,79.96732622132019,676.5375934103262,78.32779165828474,679.4876119862432,79.07158408060953,54368302.0,507289000.0
2024-03-01,20.32562805175781,82.25567626953125,685.3876512856891,82.27667403889559,676.5375955302068,79.41248066903071,685.3876512856891,79.97732295310118,23390635.0,479135000.0
2024-03-04,21.38763244628906,85.21282958984375,712.9210815429688,87.67013277900604,699.1543296235183,83.69526229369087,702.104347891972,84.10614123463965,88861397.0,615616000.0
2024-03-05,21.53513488769531,85.94366455078125,725.7045455305544,86.07663632751537,715.8711506046661,83.3972699001233,722.7545270527878,85.24982845264307,64403889.0,520639000.0
2024-03-06,21.682635498046874,88.67901611328125,725.7045350366709,89.70277597405403,705.054405990912,87.00941296076404,706.0377454692815,88.00118270950952,43687122.0,582520000.0
2024-03-07,22.420140380859372,92.6470718383789,756.1880681088096,92.74504822295889,741.4379757529811,89.58079619428543,742.4213152433696,90.13666439223407,71817344.0,608119000.0
2024-03-08,23.128143310546875,87.5073013305664,782.7381834691885,97.37696845591753,759.1380372339365,86.48553983918421,781.7548440427197,95.11550233441162,87139744.0,1142269000.0
2024-03-11,22.597142944335936,85.75370788574219,765.0381727890931,88.77598763810909,748.3214003759638,84.14608663109752,755.2047772519581,86.40855169186541,64759810.0,678364000.0
2024-03-12,22.715143432617186,91.8912582397461,758.1547872964438,91.93824419200486,741.4380150733057,86.12962109919388,744.3880337009183,88.02817392921354,58110339.0,668075000.0
2024-03-13,22.98064453125,90.86650085449219,771.9215214818678,91.48235245425685,764.0548053393775,88.41407818473327,771.9215214818678,91.03346116743805,36754557.0,635713000.0
2024-03-14,23.128143310546875,87.9231948852539,771.9214497780314,90.62455913756881,757.1713583809989,86.57951107256054,766.0214132192184,89.55581179224637,42010806.0,602318000.0
2024-03-15,22.213639526367185,87.81621551513672,764.0547991140905,89.52481079500164,740.4546508789062,86.23659514436741,758.1547620552944,86.90943243257094,73316437.0,642086000.0
2024-03-18,22.64338439941406,88.43407440185547,755.7674112369878,92.38313682655732,744.9001674152794,87.0643957820598,744.9001674152794,90.36661573398221,43589856.0,668976000.0
2024-03-19,22.584105834960937,89.37686157226562,755.7673212486927,90.52258665813423,745.888009859821,84.98989876877435,748.8518032764825,86.67949392679418,30152375.0,672171000.0
2024-03-20,22.465556030273437,90.35062408447266,759.7191111380947,90.3886171092284,742.9242803327012,88.20213035729925,754.7794550188613,89.77575552459182,41280325.0,479063000.0
2024-03-21,23.236140747070312,91.41336822509766,774.5380249023438,92.6260863495621,762.6828510517977,90.38361309634699,763.6707822060098,92.27816909757175,46026103.0,480372000.0
2024-03-22,23.265780029296874,94.2667007446289,779.4777258223029,94.755583502478,765.6466888622114,90.81251607175788,778.4897946108678,91.1194426685234,30660820.0,586719000.0
2024-03-25,23.117589111328122,94.97952270507812,778.4897529797677,96.74310530536229,769.5983725523337,93.48787892632636,773.5500971867488,93.91877671343534,19877101.0,552136000.0
2024-03-26,23.17686584472656,92.53910064697266,782.4415067784927,96.35220139167362,766.6346076516544,92.48011649573958,778.4897819967831,95.82832327516131,40990702.0,513648000.0
2024-03-27,23.08795166015625,90.22864532470703,775.5259757476532,93.21793570444878,769.598388671875,89.10191309032703,775.5259757476532,93.08996763897136,18794479.0,586067000.0
2024-03-28,22.791571655273437,90.33462524414062,766.6345732332982,91.2784021447898,758.7311240247075,89.17189838767457,764.6587109311505,89.97870666416057,27190918.0,435212000.0
2024-03-29,22.999037475585936,,767.6225136825719,,758.7311332152062,,759.7190643782469,,9802000.0,
2024-04-01,22.8212109375,90.34162139892578,773.5501369724026,92.20318040940828,759.7191000405844,89.18289900570285,773.5501369724026,90.27764117725565,21041261.0,452441000.0
2024-04-02,23.413969116210936,89.43083953857422,780.4656372070312,90.07268593569079,773.5501189026652,87.59927224925994,774.5380500890031,88.42707164960063,37974481.0,433064000.0
2024-04-03,23.117589111328122,88.94295501708984,775.5259595039563,90.3526251834598,768.61044139373,88.37909305261387,773.5500971867488,88.46307281870986,30890544.0,370067000.0
2024-04-04,,85.88467407226562,,90.61255911907426,,85.85967846162676,,90.38460860825877,,434965000.0
2024-04-05,,87.9871826171875,,88.46007028939938,,85.9056744370297,,86.84544686844104,,399678000.0
2024-04-08,23.206505126953125,87.11238861083984,782.4415521731322,88.80898571750684,773.5501708984375,86.71148250630124,779.4777584149006,88.67901159229113,32202226.0,283220000.0
2024-04-09,24.273468017578125,85.33380126953125,810.103531722184,87.61426743619066,782.4414599072802,83.00235992295175,785.4052533160199,87.42131230729075,56857731.0,503547000.0
2024-04-10,24.154918212890625,87.0184097290039,809.1156652906922,87.37932438444192,800.2242843534318,83.68919571165225,805.1639404296875,83.90614724164408,27480849.0,431929000.0
2024-04-11,24.303109130859376,90.59455871582031,810.1036376953125,90.7175307139492,801.2122563059737,86.90543690990107,801.2122563059737,87.39931570327954,25200651.0,431637000.0
2024-04-12,24.24383056640625,88.1651382446289,816.0311347942771,90.15367382456054,807.1397543909497,87.50929517888258,813.0673413265014,89.67778086066095,31508936.0,426805000.0
2024-04-15,23.888175659179687,85.98065185546875,802.2001089848596,90.59156018104089,793.3087284665546,85.90867029394323,794.2966596352551,89.07691923599808,38913470.0,443077000.0
2024-04-16,23.354692382812498,87.39432525634766,793.3087133417274,88.09715428207583,775.5259526441545,86.04364687363933,792.3207821918622,86.41255526417733,49508969.0,370453000.0
2024-04-17,23.828900756835935,84.01512145996094,798.2484167298275,88.75399786729442,783.4294485974667,83.93013485819698,788.369104641587,88.31909559905036,34472074.0,495400000.0
2024-04-18,23.828900756835935,84.65096282958984,800.2242791474755,86.1696082255481,782.4415173886428,82.38250252567684,786.3932422239388,84.94989568064886,43598591.0,447260000.0
2024-04-19,22.22845275878906,76.18197631835938,760.7070499674479,84.30405561291292,736.9967003580729,75.58812265213056,759.7191187337239,83.13033728096731,130968654.0,875198000.0
2024-04-22,21.99134765625,79.49919128417969,747.863889298349,80.05406032863513,731.0690595518868,76.38193249215077,731.0690595518868,78.08552423870307,46540798.0,596341000.0
2024-04-23,22.34700439453125,82.40350341796875,751.8156650856888,82.74942225992656,742.9242840268568,80.24501744031475,751.8156650856888,80.74989526148802,30423647.0,438559000.0
2024-04-24,23.206505126953125,79.65815734863281,775.5260334039252,84.06211429079036,759.7191333600235,79.16427089067382,760.7070646127673,83.93014172715165,39457128.0,512208000.0
2024-04-25,22.702659301757812,82.61245727539062,764.6587597719994,83.30328808415997,755.767378844418,78.20449600901789,760.7070349152966,78.8493400788442,28534926.0,424641000.0
2024-04-26,23.17686584472656,87.71424102783203,779.4777131922104,88.31010067539664,772.5621948242188,83.36727026519151,778.4897819967831,83.79816803923136,32571247.0,551011000.0
2024-04-29,23.562158203124998,87.73624420166016,785.4052734375,87.97118159325144,777.5018241450472,85.24582852385919,780.465617629717,87.57427996111441,26765837.0,388971000.0
2024-04-30,23.413969116210936,86.38156127929688,792.3208114430875,88.79798933377148,780.4656372070312,86.27958803217874,787.3811555113973,87.21936048020653,39051972.0,363709000.0
2024-05-01,,83.02135467529297,,85.97965427425616,,81.23577409191292,,85.05687611412145,,559863000.0
2024-05-02,22.880487670898436,85.79669952392578,779.4777535552188,86.21659833345969,762.6829223632812,83.18031423689433,779.4777535552188,84.42901930882867,40527228.0,377898000.0
2024-05-03,23.117589111328122,88.76799774169922,778.4897529797677,89.25987812120627,763.6707856007112,87.01941093195316,778.4897529797677,87.76823429941243,29901556.0,398341000.0
2024-05-06,23.29541748046875,92.11820220947266,783.429434351642,92.19818511482366,776.513916015625,89.0339329305278,781.4535719699229,89.36885276564674,32599878.0,376203000.0
2024-05-07,23.71034912109375,90.53257751464844,790.344970703125,91.75928460609057,782.4415209960937,88.98994329110344,787.3811770629883,91.0764475332469,33890214.0,437342000.0
2024-05-08,23.769624023437498,90.39061737060547,792.32080078125,91.17243008499568,782.4414890508104,89.39884761533344,784.4173513968984,89.46183625311598,21757193.0,325721000.0
2024-05-09,23.591797485351563,88.72601318359375,792.320836819596,91.05046027533749,786.3932495117188,88.21013637581568,788.3691119476779,90.50758942585304,21923999.0,378013000.0
2024-05-10,23.769624023437498,89.85672760009766,797.2604566464697,91.3793697869979,788.3690760890742,89.20588069105499,793.308731954294,90.28362849787213,25101318.0,335325000.0
2024-05-13,24.273468017578125,90.37762451171875,815.0431874034169,90.97648188381773,808.1276694496909,88.50806398354068,813.0673251309238,90.45660058201008,34812619.0,289680000.0
2024-05-14,24.45129638671875,91.33438873291016,815.043212890625,91.62931710772847,801.2121765506629,88.91295705948396,806.1518323863636,89.57780064129456,28691846.0,296507000.0
2024-05-15,24.866228027343748,94.60761260986328,833.8139235231675,94.83955998823163,826.8984052001081,91.57733135987819,827.8863363891165,92.45012595086033,39467772.0,417735000.0
2024-05-16,24.925504760742186,94.33667755126953,845.6691270390531,95.7963312267465,826.8984337987004,94.08073378370163,841.7174021463474,94.88754969662851,43927195.0,323952000.0
2024-05-17,24.747676391601562,92.45711517333984,837.7656518993263,94.71758179326936,823.9346151934412,91.78427788749048,837.7656518993263,94.34667500501169,26207289.0,359691000.0
2024-05-20,24.747676391601562,94.75758361816406,827.8863399665512,95.17748245890982,812.0794408741111,93.41790418504468,823.9346151934412,93.72782843022509,28808661.0,318764000.0
2024-05-21,24.925504760742186,95.36344146728516,830.8501586914062,95.3774380950692,819.9829152364651,93.1579619356149,819.9829152364651,93.5768615548364,19705349.0,328946000.0
2024-05-22,25.607177124023437,94.92754364013672,854.5605020169859,95.99729030669772,832.8260152604845,93.22694948447011,834.8018776928936,95.4364259592329,36628342.0,548648000.0
2024-05-23,25.933192749023437,103.77445220947266,866.4156206054687,106.29485201655153,856.5363090820312,101.495984300881,864.4397583007812,102.00386737865297,37266618.0,835065000.0
2024-05-24,25.69608947753906,106.44381713867188,861.4759717191105,106.4498124242875,847.6449354759137,102.97563594111259,847.6449354759137,104.42429068662888,34136382.0,429494000.0
2024-05-27,25.7553662109375,,867.4035877715047,,855.5484134511652,,861.4760006113349,,26726954.0,
2024-05-28,25.63681640625,113.87406158447266,862.4639970195086,114.91181809470388,854.560546875,109.85701416292561,856.5364094111271,110.21792884172439,25329216.0,652728000.0
2024-05-29,25.399709472656248,114.79783630371094,857.5242249033693,115.46467834881875,845.6690512871936,110.87476851197954,850.6087069606002,113.02326226335153,33436835.0,557442000.0
2024-05-30,24.836590576171876,110.4738540649414,837.7656646218676,115.7915957549195,827.8863525390625,109.63705412520999,830.850146163904,114.62287363905209,38065102.0,487350000.0
2024-05-31,24.33274658203125,109.60707092285156,835.7898338773218,112.69034107520358,811.091552734375,106.9147071249594,827.8863839115788,112.49338144896966,77438401.0,613263000.0
2024-06-03,25.073693847656248,114.9728012084961,842.7053133195737,114.9728012084961,826.8984141248338,111.97650838509435,828.8742765241764,113.59412955422886,28345488.0,438392000.0
2024-06-04,24.866228027343748,116.40945434570312,840.7294418462269,116.5724178032169,826.8984052001081,114.01802186016376,833.8139235231675,115.68863184806835,28223635.0,403324000.0
2024-06-05,25.310797119140624,122.4110336303711,846.6570308783573,122.42002655832941,824.922544671445,117.44020986348806,830.8501318187847,118.34299609528654,31975446.0,528402000.0
2024-06-06,26.4963134765625,120.96937561035156,888.150104975007,125.55728684097399,874.3190688574874,118.29200776327205,882.2225180674985,124.01864947031358,62925136.0,664696000.0
2024-06-07,26.051746215820312,120.85940551757812,877.2829214883747,121.66321619288969,868.3915405273438,117.99408612904743,874.3191278346977,119.74166612613098,41075399.0,412386000.0
2024-06-10,,121.76119232177734,,123.07088000938666,,116.98232421857804,,120.34153004371032,,314162700.0
2024-06-11,26.1702978515625,120.89132690429688,884.1984362834442,122.85102323112248,872.34326171875,118.72165630297563,881.2346426422706,121.75118704363501,48228488.0,222551200.0
2024-06-12,26.940884399414063,125.18065643310547,902.9691360859719,126.86039721693841,877.2829243373557,122.55106545367255,877.2829243373557,123.04098762406083,48106925.0,299595000.0
2024-06-13,27.342535400390624,129.58998107910156,927.2858396577888,129.77995417277387,903.483850190637,127.14036255683142,915.3848449242129,129.370013839737,55857091.0,260704500.0
2024-06-14,27.431793823242188,131.85964965820312,914.3931274414062,132.819492941906,897.5333843107079,128.30020157297326,908.4426298658657,129.93994783436344,38408123.0,309320400.0
2024-06-17,27.402042846679688,130.95977783203125,917.3684268251433,133.70935334573974,905.467431017682,129.5600000367168,905.467431017682,132.96947733525943,26292426.0,288504400.0
2024-06-18,28.056595458984376,135.55906677246094,942.1620956534166,136.30895096412834,932.2445999096965,130.66982245304678,936.2115982071845,131.11974991676064,37876013.0,294335100.0
2024-06-19,29.187191162109375,,975.8816209145642,,945.1373828572965,,945.1373828572965,,72228052.0,
2024-06-20,29.187191162109375,130.75979614257812,972.9063720703125,140.7382501800268,962.9888759228068,129.4999962772128,962.9888759228068,139.77840702253854,48225374.0,517768400.0
2024-06-21,28.859913940429685,126.55045318603516,969.9311283072245,130.60983137767926,952.0796351481958,124.28080710399776,953.0713847681419,127.10037129950182,88376132.0,655484700.0
2024-06-24,27.9673388671875,118.09175872802734,952.0796210106383,124.44077645602765,932.24462890625,118.02176984453314,950.0961218001995,123.2209636623721,66391994.0,476060900.0
2024-06-25,28.11610107421875,126.07051849365234,937.203369140625,126.48045882014668,915.3848780071925,119.3015676507599,917.3683772011409,121.18127449022964,57368432.0,425787500.0
2024-06-26,28.562389526367188,126.38048553466797,952.0796508789062,128.10021356126606,943.1539041519165,122.5810691982999,943.1539041519165,126.11052295050564,44967166.0,362975900.0
2024-06-27,28.562389526367188,123.9708480834961,953.0714005152385,126.3904801212093,941.1704048792521,122.90101364602651,943.1539041519165,124.08083170467471,39729446.0,252571700.0
2024-06-28,28.740902709960938,123.52091979980469,962.9888382115965,127.69027390029416,947.1208449969873,122.73104090223734,948.1125945729004,124.5607600841383,39138210.0,315516700.0
2024-07-01,28.80040832519531,124.28080749511719,968.9393572216192,124.8207173904901,957.0383620459187,118.81165100261742,960.0136108398438,123.4509338406254,19935737.0,284885500.0
2024-07-02,28.562389526367188,122.65105438232422,962.9888968785605,123.39094559729175,951.087901242574,121.01130825589385,959.0218983332317,121.11129128736569,25427569.0,218374000.0
2024-07-03,29.127685546875,128.26019287109375,970.9228515625,128.26019287109375,959.0218564463099,121.34126312161995,967.9476027834525,121.64121985413111,24070411.0,215749000.0
2024-07-04,29.901251220703124,,1001.6671221529073,,988.7743770162857,,991.7496258939676,,41893299.0,
2024-07-05,29.901251220703124,125.8105697631836,1001.6671221529073,128.83010765300813,991.7496258939676,125.66059140220804,996.7083740234375,127.36032581802077,19998094.0,214176700.0
2024-07-08,30.793828124999997,128.18019104003906,1041.3371829710145,130.7498013179992,991.7496980676328,127.02037421774143,996.708446557971,127.47030164493479,40146763.0,237677300.0
2024-07-09,30.942586669921873,131.35972595214844,1046.295799255371,133.79935177124923,1016.5433120727539,128.63013635188705,1021.5020599365234,130.32988615651007,46373121.0,285366600.0
2024-07-10,31.091348876953123,134.88917541503906,1041.3370437257029,135.0791485226844,1006.625808934846,132.39955434443974,1011.5845567621112,134.0093063928642,46206302.0,248978600.0
2024-07-11,32.13268798828125,127.38033294677734,1071.089599609375,136.12897445462758,1046.2958588776764,127.030388506978,1056.213355170356,135.7290423109807,41724336.0,374782700.0
2024-07-12,30.942586669921873,129.2200469970703,1036.378303527832,131.89962580236968,1016.5433120727539,127.20035467327595,1021.5020599365234,128.240187353551,68983062.0,252680500.0
2024-07-15,30.942586669921873,128.420166015625,1036.378303527832,131.36970736285187,1016.5433120727539,127.16035847561366,1031.4195556640625,130.53983371826098,38393309.0,208326200.0
2024-07-16,31.388873291015624,126.34048461914062,1061.1720196330716,129.02006337664668,1026.4607853460086,124.56076075627588,1031.4195331013034,128.42016519902992,32125609.0,214769500.0
2024-07-17,30.645060424804687,117.97177124023438,1036.3782570848186,121.8311755731112,1011.5845188770479,116.70197078117613,1026.4607618017103,121.33125281111384,54022399.0,390086200.0
2024-07-18,29.901251220703124,121.0712890625,996.7083740234375,122.38109186690123,977.8651311314521,116.5419901257768,979.84863038324,121.83117378548668,81990095.0,320979500.0
2024-07-19,28.859913940429685,117.91178894042969,986.7908718463073,121.5812203691469,961.9971313476562,117.35187785957503,979.8486245066849,120.33141340065606,92507621.0,217223800.0
2024-07-22,27.93758605957031,123.52091979980469,957.0383580931967,124.0508367192346,930.2611190584648,119.84148788147658,956.0466084993178,120.33141006363795,83062356.0,258068900.0
2024-07-23,29.127685546875,122.5710678100586,970.9228515625,124.67074966179867,948.1126109231358,122.08114560448695,955.0548580742467,122.76104091410774,47213266.0,173911000.0
2024-07-24,,114.23235321044922,,119.9314697504062,,113.42248076219641,,119.15159144790852,,327776900.0
2024-07-25,,112.26265716552734,,116.61198378362549,,106.28358504662185,,113.02254191964477,,460067000.0
2024-07-26,27.491297607421874,113.04253387451172,922.3270842316863,116.1820482477216,907.4508409376268,111.56276675283137,907.4508409376268,116.1720552846758,82081735.0,293399100.0
2024-07-29,28.08634826660156,111.57276153564453,940.1786072294591,116.2620396176345,928.2776122012381,111.28281303826613,934.2281097153486,113.67244329834918,40809258.0,248152100.0
2024-07-30,27.9673388671875,103.71398162841797,941.1703753532247,111.97270032897562,918.3601344331782,102.52416299011045,922.3271328540559,111.50277170281329,41761392.0,486833300.0
2024-07-31,27.78882385253906,117.00192260742188,932.2446260309321,118.32171842494118,920.3436308050053,110.8628715562712,921.3353804071659,112.88256383394263,39894991.0,473174200.0
2024-08-01,28.562389526367188,109.1931381225586,961.0053976058961,120.14145212596502,940.17865524292,106.79350713357796,961.0053976058961,117.51185329033258,47382270.0,523462300.0
2024-08-02,26.866495971679687,107.25342559814453,920.3436050837486,108.70320617940068,895.5498657226562,101.35434313138848,910.4261093393117,103.74397331446949,76144485.0,482027500.0
2024-08-05,24.2482763671875,100.43448638916016,849.9293597824003,103.39403604617902,806.2923798169096,90.6759989303684,844.9706120590491,92.04578250558623,144057989.0,552842400.0
2024-08-06,26.182188720703124,104.23390197753906,887.6158676147461,107.69336677766663,833.0696411132812,100.5344763735077,860.8386291503907,103.82396162716266,102930842.0,409012100.0
2024-08-07,27.372288208007813,98.89472961425781,912.4096069335938,108.78320175369558,885.6323684692384,98.67476236695524,893.5663650512696,107.79334914083398,59158704.0,411440400.0
2024-08-08,26.65822814941406,104.95378875732422,897.5333510126386,105.4837056790837,879.6818589482988,97.50493482201372,893.5663527761186,101.98424624897191,38236391.0,391910000.0
2024-08-09,27.78882385253906,104.73382568359375,926.2941284179688,106.58353850176572,914.3931331920419,103.41402980827044,919.3518812028448,105.62368764955026,49494621.0,290844200.0
2024-08-12,27.9673388671875,109.00315856933594,940.1786257480053,111.05284499933998,923.3188824592753,106.24359034201233,934.2281281166888,106.30357863401878,38331663.0,325559900.0
2024-08-13,27.99708984375,116.12206268310547,937.203326331695,116.21205275014302,929.2693299183051,111.56276937230295,937.203326331695,112.42263716382676,25764381.0,312646700.0
2024-08-14,28.205357666015622,118.061767578125,947.1208358313967,118.5816839218167,937.2033401682407,114.05238467793846,943.1538375661343,118.51169503654636,36780856.0,339246400.0
2024-08-15,28.056595458984376,122.84103393554688,942.1620956534166,123.22097252638714,933.2363494840685,117.45186663417056,937.2033477815565,118.7416684041034,19476402.0,318086700.0
2024-08-16,28.83015930175781,124.56076049804688,961.0053100585938,124.98069379843776,950.0960650527687,121.16128410108614,955.0548127826892,121.92116885528117,44062316.0,302589900.0
2024-08-19,28.94917053222656,129.97991943359375,966.9558502542275,129.97991943359375,956.0466047641797,123.40093398841385,961.0053527142014,124.26080175800107,21348863.0,318333600.0
2024-08-20,28.94917053222656,127.2303466796875,968.9393494342361,129.859945367385,960.0136031241971,125.87055611670426,968.9393494342361,128.38016296361073,24039959.0,300087400.0
2024-08-21,28.502883911132812,128.48016357421875,956.0466280560902,129.3300384630808,948.1126311427616,126.6404512748557,953.071379213592,127.3003454245953,29758188.0,257883600.0
2024-08-22,28.294616088867187,123.72089385986328,956.0466144293014,130.72981373400788,940.178620828815,123.0809932786119,950.096116829119,129.99993070924458,24349754.0,376189100.0
2024-08-23,28.235112304687497,129.3500213623047,944.1456590819284,129.57999683666532,931.2529137373223,125.200668193686,936.2116619467861,125.840568772239,27592153.0,323230300.0
2024-08-26,28.264863281249998,126.44046783447266,953.0713548519736,131.23972191640203,937.2033614309211,124.35079428830487,949.1043564967105,129.54999574566529,25057581.0,331964700.0
2024-08-27,28.026844482421875,128.2801971435547,938.1951479253748,129.18005210632066,932.2446501584063,123.86087366966548,937.2033982975468,125.03069885205142,18693037.0,303134600.0
2024-08-28,28.68139892578125,125.59060668945312,956.046630859375,128.3101879476671,935.2198889008201,122.62106403071532,937.2033881349682,128.1002136583965,31059233.0,448101100.0
2024-08-29,28.056595458984376,117.57183837890625,939.1868469303006,124.41078612954578,929.2693511865804,116.69197701250701,934.2280990584405,121.34126049654891,43530708.0,453023300.0
2024-08-30,28.08634826660156,119.35157012939453,944.1456055721994,121.73119987357843,933.2363601296635,117.20190059777018,936.2116088867188,119.51154145619034,63834981.0,333751600.0
2024-09-02,28.205357666015622,,947.1208358313967,,935.2198410356095,,942.1620879998187,,18646835.0,
2024-09-03,27.9673388671875,107.98332214355469,944.145624168883,116.19205340222969,931.2528793010306,107.27343270040431,940.1786257480053,115.99208733843557,19547575.0,477155100.0
2024-09-04,26.449960327148435,106.19359588623047,897.5333369354831,113.25250309042688,880.6735946947061,104.10392232985338,886.6240919561568,105.39372401610916,79709021.0,372470300.0
2024-09-05,26.8367431640625,107.19344329833984,907.4508497826012,109.63306894505409,892.5746063435421,104.74382468818037,899.5168532817696,104.97378489888229,30512026.0,306850700.0
2024-09-06,27.312784423828123,102.81411743164062,910.4261474609375,108.13329533322813,895.5499032213797,100.93440295773532,901.5004009172028,108.02331171493725,24458336.0,413638100.0
2024-09-09,26.747486572265625,106.45355987548828,892.5746353370064,106.53354935247415,883.6488889836363,103.67399039006858,884.6406385784552,104.86380144031376,35885268.0,273912000.0
2024-09-10,26.896248779296872,108.08330535888672,903.4838730803633,109.38310766040351,893.5663772177908,104.93379026537787,899.5168747353342,107.7933492261417,33498628.0,268283700.0
2024-09-11,26.8069921875,116.8919448852539,898.5251543423974,117.17190041388517,892.5746566315206,107.40340528796008,898.5251543423974,109.3731022078221,18029342.0,441422400.0
2024-09-12,28.092057495117185,119.13179016113281,940.3866055103059,120.78167799522352,924.4478494847075,115.37204710427882,932.4172274975067,116.83194558890106,39454846.0,367100500.0
2024-09-13,28.301253662109374,119.09178924560547,951.3445000814662,119.95173057852946,935.4057440591589,117.59189263639415,951.3445000814662,119.07179398085154,25347586.0,238358300.0
2024-09-16,28.301253662109374,116.7719497680664,948.3559833272835,118.17185479944177,939.3904330647357,114.35211839645491,948.3559833272835,116.78195121490393,13626239.0,248772300.0
2024-09-17,,115.58203125,,118.79181676837955,,114.82208911294721,,118.16185529801122,,231925900.0
2024-09-18,28.121942138671873,113.36219024658203,944.3712769203307,117.69188606173006,929.4286934247559,113.21219905753732,941.3827602212158,115.88201323283185,28424324.0,310318900.0
2024-09-19,28.689761352539062,117.86187744140625,956.3253784179688,119.65175496418426,932.4172439575195,117.24191743437973,936.4019330342611,117.34190901515986,32739630.0,293506400.0
2024-09-20,29.07826721191406,115.99200439453125,978.2411237444196,118.61182655052458,967.283229282924,115.3820458300781,977.2449515206473,117.05192889000193,60133709.0,382462400.0
2024-09-23,29.197809448242186,116.25199127197266,973.2603149414062,116.98193669935195,967.2832812774877,114.85208621282331,967.2832812774877,116.54197220506472,14497067.0,206228500.0
2024-09-24,29.496659545898435,120.8616714477539,983.2219848632812,121.79160765008963,967.283229282924,115.37204436838394,972.2640904017857,116.51196518042532,26785975.0,354966800.0
2024-09-25,30.034594116210936,123.50149536132812,1001.1531372070312,124.93139717496075,994.1799312762361,121.6016246984159,996.1722758278918,122.01159249257597,39405222.0,284692900.0
2024-09-26,30.333444213867185,124.03145599365234,1011.1148071289062,127.66120318223068,1001.153084891183,121.7916124398361,1006.1339460100446,126.79126799764761,38321585.0,302582900.0
2024-09-27,29.885167236328122,121.39163970947266,1021.076547241211,124.02145581335269,996.1722412109375,119.25178771917992,1016.0956860351563,123.96146238728417,35783779.0,271009200.0
2024-09-30,28.600105590820313,121.43163299560547,986.2105376144935,121.49162641926588,953.3368530273438,118.14185882154547,974.2564704918937,118.30184382759613,61603217.0,226553700.0
2024-10-01,29.048382568359372,116.99193572998047,973.2602801538789,122.43156321712523,963.298557736746,115.7820200451603,963.298557736746,121.76160359919284,26760355.0,302094500.0
2024-10-02,,118.84181213378906,,119.37177440698211,,115.13206859256863,,116.43198210063649,,221845900.0
2024-10-03,,122.84153747558594,,124.3514356140466,,120.33170820972309,,120.91167009454495,,277118000.0
2024-10-04,29.197809448242186,124.91139221191406,982.2258654372841,125.03138669129712,963.2985921682086,121.8216087492724,982.2258654372841,124.9313951062457,40934818.0,243678100.0
2024-10-07,30.034594116210936,127.7112045288086,1006.1339985861707,130.63100158341018,985.214380793785,124.94139103988898,989.1990698970966,124.98138920036052,39667071.0,346250200.0
2024-10-08,30.18401916503906,132.88084411621094,1006.1339721679688,133.47079980711666,993.1837329222424,129.4110819564616,996.1722496712562,130.25102042396173,30845902.0,285722500.0
2024-10-09,30.48287109375,132.64085388183594,1031.0382869944854,134.51073540803478,1016.095703125,131.37095237452456,1026.057425704657,134.100759996507,46975717.0,246191600.0
2024-10-10,,134.8007049560547,,134.99069430038207,,130.9909700248152,,131.9009109593636,,242311300.0
2024-10-11,31.23,134.79071044921875,1045.980861244019,135.77063861955767,1016.0956937799043,133.65078964681797,1021.0765550239234,134.00075636449898,43058754.0,170209500.0
2024-10-14,31.23,138.0605010986328,1050.9617224880383,139.59039453634375,1031.0382775119617,136.29061869231955,1041.0,136.46060515676092,36858874.0,232347700.0
2024-10-15,31.977128906249998,131.5909423828125,1070.8851580753503,138.5604635568482,1045.980852073598,128.73113875001064,1045.980852073598,137.86049956193577,42850176.0,377831000.0
2024-10-16,31.23,135.7106475830078,1065.9043062200956,136.61057945313823,1031.0382775119617,131.57093351648052,1036.0191387559807,133.97076200865325,52652149.0,264879700.0
2024-10-17,30.931149902343748,136.92056274414062,1050.9617760699728,140.88029674498213,1026.057468580163,136.86056931738727,1045.9809145720108,139.3304004369883,54173771.0,306435900.0
2024-10-18,32.42540771484375,137.99049377441406,1095.7895080285139,138.89042567419548,1070.8852010278658,137.27054215149374,1090.8086466283842,138.66044579007144,85011961.0,176090200.0
2024-10-21,32.42540771484375,143.70010375976562,1090.8086466283842,143.70010375976562,1075.8660624279953,137.99049051839003,1085.8277852282545,138.12048644265874,36491060.0,264554500.0
2024-10-22,32.12655395507812,143.58010864257812,1070.8851318359375,144.4100533191971,1055.9425486010175,141.7702357215276,1060.923409679324,142.90016279151004,41197877.0,226311600.0
2024-10-23,31.67827880859375,139.55038452148438,1065.9043498489093,142.42018195043707,1050.961765505233,137.45053832630117,1055.942626953125,142.0202156059464,31423466.0,285930000.0
2024-10-24,31.67827880859375,140.40032958984375,1070.8852112968013,141.34026726626666,1050.961765505233,138.45046699393333,1065.9043498489093,140.81030500321762,38236996.0,172354900.0
2024-10-25,31.827703857421874,141.53024291992188,1065.9043232376027,144.12007609663013,1055.9426005905223,140.7903036617806,1060.9234619140625,140.9202843311163,22009575.0,205122100.0
2024-10-28,31.379425048828125,140.51031494140625,1075.866001674107,143.13012940104122,1045.9808349609375,140.0403461288819,1070.8851405552455,142.9901396648257,40142324.0,173586700.0
2024-10-29,31.080574951171872,141.24026489257812,1036.0191650390625,142.25018978946702,1016.095719557542,138.89042075410222,1031.0383036686824,140.28032434344357,45415773.0,157593600.0
2024-10-30,30.78172119140625,139.3303985595703,1050.9616782179157,140.32033586087627,1026.057373046875,136.80057404730425,1036.0190951152913,139.5303817319662,38201984.0,179418100.0
2024-10-31,,132.7508544921875,,137.60052669144986,,132.10090534528118,,137.59053287269725,,270039600.0
2024-11-01,30.632296142578124,135.3906707763672,1026.0573992473323,137.30054292300855,992.1875433498476,134.56074135376818,992.1875433498476,134.69072202720864,54480255.0,207127800.0
2024-11-04,31.080574951171872,136.04063415527344,1041.0000264094426,138.95043742397988,1021.0765809279221,135.56067148198048,1026.0574422983022,137.20055793532484,26747978.0,187528200.0
2024-11-05,31.379425048828125,139.90036010742188,1050.9616960797991,140.36031985674174,1026.057390485491,137.32053610774523,1026.057390485491,137.44052295404828,32385622.0,160537400.0
2024-11-06,31.67827880859375,145.59996032714844,1075.8660727446934,146.47990453076164,1036.0191811615566,141.95021810961643,1045.980904057341,142.9501491563635,55349259.0,242043900.0
2024-11-07,31.827703857421874,148.8697509765625,1070.885184561143,148.91973532669053,1045.9808779434418,146.15993091069282,1045.9808779434418,146.37991697911346,43975446.0,207323300.0
2024-11-08,32.57483276367187,147.6198272705078,1085.8277587890625,149.7596791286017,1075.8660362313647,146.24991134304443,1080.8468975102135,148.75974806860012,37099479.0,175665800.0
2024-11-11,32.42540771484375,145.24998474121094,1085.8277852282545,148.83974895267767,1065.9043396277361,143.56011401444013,1075.8660624279953,148.66974724045087,34690205.0,182325600.0
2024-11-12,31.379425048828125,148.27976989746094,1060.9234183175222,149.63967674683425,1045.9808349609375,145.9999283055317,1055.9425571986608,146.76987949246217,51099848.0,198634700.0
2024-11-13,30.931149902343748,146.25991821289062,1045.9809145720108,149.31970476911368,1031.038330078125,145.88993335100844,1041.000053074049,149.0597281902193,42331232.0,191903300.0
2024-11-14,30.931149902343748,146.7498779296875,1036.019191576087,148.98972901300397,1021.0766070822011,145.53996988270669,1026.057468580163,147.62982215130063,44627940.0,194463300.0
2024-11-15,30.931149902343748,141.97021484375,1041.000053074049,145.23000003001434,1026.057468580163,140.0703518362645,1036.019191576087,144.86001514374476,34791611.0,250132900.0
2024-11-18,30.632296142578124,140.1403350830078,1031.0382604087272,141.54024775288784,1016.0956769245428,137.14054183607018,1026.0573992473323,139.49038598259963,31815076.0,221866000.0
2024-11-19,31.080574951171872,146.99986267089844,1041.0000264094426,147.1198647758357,1021.0765809279221,140.98028855106583,1026.0574422983022,141.31026763860282,24349599.0,227834900.0
2024-11-20,30.632296142578124,145.87994384765625,1021.0765380859375,147.54982691113315,1021.0765380859375,142.72015799039747,1021.0765380859375,147.39984335305397,40203197.0,309871700.0
2024-11-21,30.18401916503906,146.65989685058594,1021.0765559130376,152.8794696932069,1006.1339721679688,140.69030679019977,1016.0956946646813,149.3397202101669,41429227.0,400946600.0
2024-11-22,31.080574951171872,141.94021606445312,1045.9808877798228,147.1498637894418,1031.0383036686824,141.0902837872634,1031.0383036686824,145.91993755545448,25187973.0,236406200.0
2024-11-25,30.78172119140625,136.01063537597656,1045.9808171837076,142.0402188161131,1026.057373046875,135.81065220328685,1040.9999561494994,141.98022539008,49566674.0,344941900.0
2024-11-26,30.18401916503906,136.9105682373047,1016.0956946646813,139.29040920481154,1006.1339721679688,135.66065432709954,1011.114833416325,137.69051329665368,27312402.0,190287700.0
2024-11-27,29.885167236328122,135.33067321777344,1016.0956860351563,137.21054859333148,996.1722412109375,131.79092378994943,1006.1339636230468,135.00069411944222,31276090.0,226370900.0
2024-11-28,30.034594116210936,,1001.1531372070312,,988.2028976212687,,1001.1531372070312,,33689956.0,
2024-11-29,29.765626831054686,138.240478515625,1006.1339725356504,139.34040886007423,990.1952165350856,136.04063308446467,991.1913887851209,136.77057853610563,40094983.0,141863200.0
2024-12-02,30.931149902343748,138.62045288085938,1036.019191576087,140.44031954365505,1011.1148840862771,137.8105111334031,1016.0957455842391,138.82043604874252,31168404.0,171682800.0
2024-12-03,31.52885009765625,140.25033569335938,1060.9233919116557,140.5303151909217,1050.961669921875,137.9404972096011,1055.9425309167652,138.25047342063522,43414538.0,164414000.0
2024-12-04,31.977128906249998,145.1300048828125,1065.904296875,145.7799540199716,1050.9617132739486,140.2803327562802,1060.9234356746495,141.99022171712366,33466290.0,231224300.0
2024-12-05,32.12655395507812,145.05999755859375,1075.865992914244,146.5399932861328,1065.9042707576307,143.9499969482422,1065.9042707576307,145.11000061035156,31425359.0,172621200.0
2024-12-06,31.827703857421874,142.44000244140625,1075.866045884683,145.6999969482422,1055.9426005905223,141.30999755859375,1070.885184561143,144.60000610351562,30765288.0,188505600.0
2024-12-09,32.12655395507812,138.80999755859375,1070.8851318359375,139.9499969482422,1060.923409679324,137.1300048828125,1065.9042707576307,138.97000122070312,22247131.0,189308600.0
2024-12-10,31.827703857421874,135.07000732421875,1070.885184561143,141.82000732421875,1055.9426005905223,133.7899932861328,1065.9043232376027,139.00999450683594,28506584.0,210020900.0
2024-12-11,31.23,139.30999755859375,1055.9425837320573,140.1699981689453,1041.0,135.2100067138672,1041.0,137.36000061035156,25264194.0,184905200.0
2024-12-12,31.799999999999997,137.33999633789062,1065.0,138.44000244140625,1055.0,135.8000030517578,1060.0,137.0800018310547,22791260.0,159211400.0
2024-12-13,31.95,134.25,1070.0,139.60000610351562,1055.0,132.5399932861328,1060.0,138.94000244140625,20423659.0,231514900.0
2024-12-16,32.55,132.0,1085.0,134.39999389648438,1075.0,130.4199981689453,1085.0,134.17999267578125,39722392.0,237951100.0
2024-12-17,32.25,130.38999938964844,1095.0,131.58999633789062,1075.0,126.86000061035156,1090.0,129.08999633789062,37880707.0,259410300.0
2024-12-18,32.55,128.91000366210938,1090.0,136.6999969482422,1070.0,128.27999877929688,1075.0,133.86000061035156,41863190.0,277444500.0
2024-12-19,32.1,130.67999267578125,1070.0,134.02999877929688,1055.0,129.5500030517578,1065.0,131.75999450683594,42702851.0,209719200.0
2024-12-20,31.049999999999997,134.6999969482422,1060.0,135.27999877929688,1035.0,128.22000122070312,1060.0,129.80999755859375,52030520.0,306528600.0
2024-12-23,32.4,139.6699981689453,1080.0,139.7899932861328,1060.0,135.1199951171875,1065.0,136.27999877929688,30728473.0,176053500.0
2024-12-24,32.4,140.22000122070312,1095.0,141.89999389648438,1080.0,138.64999389648438,1095.0,140.0,26461906.0,105157000.0
2024-12-25,32.55,,1090.0,,1080.0,,1090.0,,15481622.0,
2024-12-26,32.55,139.92999267578125,1090.0,140.85000610351562,1085.0,137.72999572753906,1085.0,139.6999969482422,14374900.0,116205600.0
2024-12-27,32.699999999999996,137.00999450683594,1095.0,139.02000427246094,1080.0,134.7100067138672,1080.0,138.5500030517578,24948385.0,170582600.0
2024-12-30,32.699999999999996,137.49000549316406,1095.0,140.27000427246094,1085.0,134.02000427246094,1090.0,134.8300018310547,23954634.0,167734700.0
2024-12-31,32.25,134.2899932861328,1085.0,138.07000732421875,1075.0,133.8300018310547,1080.0,138.02999877929688,28397820.0,155659200.0
2025-01-02,31.95,138.30999755859375,1075.0,138.8800048828125,1055.0,134.6300048828125,1070.0,136.0,43177098.0,198247200.0
2025-01-03,32.25,144.47000122070312,1085.0,144.89999389648438,1075.0,139.72999572753906,1080.0,140.00999450683594,30415096.0,229322500.0
2025-01-06,33.75,149.42999267578125,1125.0,152.16000366210938,1095.0,147.82000732421875,1100.0,148.58999633789062,69289786.0,265377400.0
2025-01-07,33.9,140.13999938964844,1160.0,153.1300048828125,1130.0,140.00999450683594,1150.0,153.02999877929688,48758688.0,351782200.0
2025-01-08,33.15,140.11000061035156,1130.0,143.9499969482422,1105.0,137.55999755859375,1110.0,142.5800018310547,45211419.0,227349900.0
2025-01-09,33.0,,1115.0,,1100.0,,1100.0,,27263215.0,
2025-01-10,33.0,135.91000366210938,1110.0,139.9199981689453,1100.0,134.22000122070312,1100.0,137.4499969482422,22021522.0,207602500.0
2025-01-13,32.25,133.22999572753906,1115.0,133.49000549316406,1070.0,129.50999450683594,1110.0,129.99000549316406,56690300.0,204808900.0
2025-01-14,32.699999999999996,131.75999450683594,1090.0,136.3800048828125,1075.0,130.0500030517578,1085.0,136.0500030517578,28695247.0,195590500.0
2025-01-15,31.95,136.24000549316406,1085.0,136.4499969482422,1065.0,131.2899932861328,1085.0,133.64999389648438,35489482.0,185217300.0
2025-01-16,33.15,133.57000732421875,1115.0,138.75,1090.0,133.49000549316406,1095.0,138.63999938964844,47542962.0,209235600.0
2025-01-17,33.6,137.7100067138672,1125.0,138.5,1095.0,135.4600067138672,1125.0,136.69000244140625,59214050.0,201188800.0
2025-01-20,33.6,,1135.0,,1120.0,,1125.0,,29834528.0,
2025-01-21,33.6,140.8300018310547,1125.0,141.8300018310547,1110.0,137.08999633789062,1115.0,139.16000366210938,21904213.0,197749000.0
2025-01-22,34.05,147.07000732421875,1150.0,147.7899932861328,1135.0,143.6699981689453,1140.0,144.66000366210938,42960405.0,237651400.0
2025-01-23,,147.22000122070312,,147.22999572753906,,143.72000122070312,,145.0500030517578,,155915500.0
2025-01-24,,142.6199951171875,,148.97000122070312,,141.8800048828125,,148.3699951171875,,234657600.0
2025-01-27,,118.41999816894531,,128.39999389648438,,116.69999694824219,,124.80000305175781,,818830900.0
2025-01-28,,128.99000549316406,,129.0,,116.25,,121.80999755859375,,579666400.0
2025-01-29,,123.69999694824219,,126.88999938964844,,120.05000305175781,,126.5,,467120600.0
2025-01-30,,124.6500015258789,,125.0,,118.0999984741211,,123.0999984741211,,392925500.0
2025-01-31,,120.06999969482422,,127.8499984741211,,119.19000244140625,,123.77999877929688,,390372900.0
2025-02-03,32.1,116.66000366210938,1075.0,118.56999969482422,1060.0,113.01000213623047,1065.0,114.75,97946226.0,371235700.0
2025-02-04,32.85,118.6500015258789,1100.0,121.19999694824219,1080.0,116.69999694824219,1085.0,116.95999908447266,53308108.0,256550000.0
2025-02-05,33.3,124.83000183105469,1120.0,125.0,1105.0,120.76000213623047,1110.0,121.76000213623047,40385340.0,262230800.0
2025-02-06,33.449999999999996,128.67999267578125,1120.0,128.77000427246094,1105.0,125.20999908447266,1120.0,127.41999816894531,29971252.0,251483600.0
2025-02-07,33.75,129.83999633789062,1125.0,130.3699951171875,1105.0,125.0,1110.0,129.22000122070312,27883220.0,228186300.0
2025-02-10,33.15,133.57000732421875,1125.0,135.0,1095.0,129.9600067138672,1125.0,130.08999633789062,28527108.0,216989100.0
2025-02-11,33.3,132.8000030517578,1115.0,134.47999572753906,1100.0,131.02000427246094,1110.0,132.5800018310547,18898928.0,178902400.0
2025-02-12,33.0,131.13999938964844,1115.0,132.24000549316406,1100.0,129.0800018310547,1110.0,130.02000427246094,24172954.0,160278600.0
2025-02-13,32.699999999999996,135.2899932861328,1095.0,136.5,1080.0,131.1699981689453,1090.0,131.55999755859375,33210403.0,197430000.0
2025-02-14,31.799999999999997,138.85000610351562,1070.0,139.25,1060.0,135.5,1065.0,136.47999572753906,64486940.0,195479600.0
2025-02-17,32.55,,1085.0,,1065.0,,1065.0,,35491271.0,
2025-02-18,33.0,139.39999389648438,1100.0,143.44000244140625,1080.0,137.92999267578125,1085.0,141.27000427246094,21616188.0,219176600.0
2025-02-19,32.699999999999996,139.22999572753906,1095.0,141.36000061035156,1085.0,137.22000122070312,1090.0,139.50999450683594,26400293.0,167536000.0
2025-02-20,32.4,140.11000061035156,1085.0,140.66000366210938,1070.0,136.7899932861328,1080.0,140.02999877929688,29643124.0,143903600.0
2025-02-21,32.85,134.42999267578125,1095.0,141.4600067138672,1080.0,134.02999877929688,1085.0,140.0399932861328,28972910.0,227352400.0
